{"type":"FeatureCollection","name":"UFCG Campus Map","bounds":{"minlat":-7.217319,"minlon":-35.912772,"maxlat":-7.211092,"maxlon":-35.905284},"features":[{"type":"Feature","id":"way/55897501","properties":{"osmId":"55897501","kind":"path","alt_name":"Rua Aprígio Veloso","cycleway:left":"lane","highway":"primary","lanes":"2","maxspeed":"50","name":"Rua Rodrigues Alves","oneway":"yes","source":"GPS","surface":"asphalt"},"geometry":{"type":"LineString","coordinates":[[-35.9089946,-7.2172614],[-35.9094529,-7.2173397],[-35.9099765,-7.2172888],[-35.9104966,-7.217218],[-35.9109797,-7.2171645],[-35.9122958,-7.2169717],[-35.9125734,-7.2169012],[-35.9126508,-7.2168589],[-35.9127241,-7.2168189]]}},{"type":"Feature","id":"way/138277880","properties":{"osmId":"138277880","kind":"area","addr:city":"Campina Grande","addr:housenumber":"882","addr:postcode":"58429-900","addr:street":"Rua Aprígío Veloso","amenity":"university","name":"Universidade Federal de Campina Grande","operator":"UFCG","short_name":"UFCG"},"geometry":{"type":"Polygon","coordinates":[[[-35.905796,-7.2162388],[-35.905745,-7.2161935],[-35.9057236,-7.2161297],[-35.9057075,-7.2155043],[-35.9057531,-7.2143814],[-35.9057772,-7.2140541],[-35.9057745,-7.2136789],[-35.9057772,-7.2120717],[-35.9058175,-7.2118854],[-35.9058496,-7.2117803],[-35.9059274,-7.211763],[-35.9059475,-7.2117125],[-35.9059127,-7.2116672],[-35.9060159,-7.2115342],[-35.9061809,-7.2114011],[-35.9063539,-7.2113239],[-35.906539,-7.2112854],[-35.9074549,-7.2111882],[-35.9076655,-7.2112002],[-35.9078425,-7.2112521],[-35.9080517,-7.2113585],[-35.9091514,-7.2120717],[-35.9092292,-7.2121648],[-35.9092829,-7.2122925],[-35.9093151,-7.2129605],[-35.9093687,-7.2133064],[-35.9094411,-7.2136523],[-35.9096155,-7.2141047],[-35.9099507,-7.2145091],[-35.9101144,-7.2146688],[-35.910345,-7.2148285],[-35.9107044,-7.2150041],[-35.9116647,-7.2154724],[-35.9122708,-7.2158343],[-35.9125417,-7.2160818],[-35.9126785,-7.2163425],[-35.9127188,-7.2165448],[-35.9126759,-7.2167284],[-35.9125552,-7.2168508],[-35.9122816,-7.2169439],[-35.9109928,-7.2171315],[-35.9108989,-7.2170823],[-35.9108204,-7.2170577],[-35.9107507,-7.2170497],[-35.9106642,-7.2170643],[-35.9105837,-7.2171242],[-35.9105274,-7.2171741],[-35.9094572,-7.2172925],[-35.9092252,-7.2172513],[-35.9088229,-7.2171635],[-35.9080692,-7.216916],[-35.9071827,-7.2166193],[-35.9067602,-7.2164902],[-35.905796,-7.2162388]]]}},{"type":"Feature","id":"way/174445716","properties":{"osmId":"174445716","kind":"path","cycleway:left":"lane","highway":"residential","name":"Rua Lenier Sucupira Meira de Almeida"},"geometry":{"type":"LineString","coordinates":[[-35.9056646,-7.2156334],[-35.9056672,-7.2152955],[-35.9056793,-7.2147925],[-35.90569,-7.2143748],[-35.9056954,-7.2141951],[-35.9056994,-7.2140009],[-35.9057035,-7.2137893],[-35.9056968,-7.2136151],[-35.9057035,-7.2130775],[-35.9057088,-7.2127529],[-35.9057135,-7.2124841],[-35.9057141,-7.2122287],[-35.9057144,-7.2121608],[-35.9057147,-7.2120527]]}},{"type":"Feature","id":"way/206427862","properties":{"osmId":"206427862","kind":"area","name":"Açude de Bodocongó","natural":"water","water":"lake"},"geometry":{"type":"Polygon","coordinates":[[[-35.9202783,-7.2134161],[-35.9204146,-7.2135115],[-35.9203557,-7.2135575],[-35.9200392,-7.2136693],[-35.9200875,-7.213781],[-35.9198354,-7.213962],[-35.919433,-7.2141057],[-35.9192288,-7.2142281],[-35.9191765,-7.2143032],[-35.9190843,-7.2143452],[-35.9189556,-7.2144729],[-35.918877,-7.2145386],[-35.9187685,-7.2145415],[-35.9186554,-7.214616],[-35.918564,-7.2147549],[-35.9184191,-7.2148986],[-35.9182475,-7.2151168],[-35.9182197,-7.2152492],[-35.9180696,-7.2152906],[-35.9179046,-7.2154232],[-35.9177129,-7.2155064],[-35.9176145,-7.2157049],[-35.9172819,-7.2158539],[-35.9171695,-7.2159064],[-35.917092,-7.2159649],[-35.9169991,-7.2159854],[-35.91685,-7.2161071],[-35.9167236,-7.2161384],[-35.9165389,-7.2159901],[-35.9164075,-7.2159204],[-35.916327,-7.215798],[-35.9162901,-7.2156099],[-35.9161814,-7.2155575],[-35.9160787,-7.2155045],[-35.9158751,-7.2154513],[-35.9156581,-7.2153776],[-35.9154615,-7.2153184],[-35.9152415,-7.215191],[-35.9150896,-7.215041],[-35.9148509,-7.2149027],[-35.9139703,-7.2146413],[-35.9137494,-7.214617],[-35.9130091,-7.2145957],[-35.9124726,-7.2145957],[-35.9123904,-7.2146135],[-35.9122643,-7.2145714],[-35.9122016,-7.2145175],[-35.9121703,-7.2144982],[-35.9121631,-7.2144604],[-35.9119282,-7.2143026],[-35.9117458,-7.2141855],[-35.9114829,-7.2140418],[-35.9113904,-7.2139972],[-35.911314,-7.2139617],[-35.9112818,-7.2139467],[-35.911204,-7.2139041],[-35.9111289,-7.2138615],[-35.9110699,-7.2138376],[-35.9109928,-7.2138536],[-35.9109562,-7.2138814],[-35.9109042,-7.213885],[-35.9108537,-7.2138885],[-35.9107792,-7.2139174],[-35.9107771,-7.2138773],[-35.9107515,-7.2138897],[-35.9106081,-7.2139593],[-35.9105892,-7.2139155],[-35.9105731,-7.213878],[-35.9105698,-7.2137707],[-35.9105652,-7.2136177],[-35.910563,-7.2135459],[-35.9106662,-7.2133267],[-35.9106665,-7.2130391],[-35.9107954,-7.2129532],[-35.910994,-7.213008],[-35.9112033,-7.213297],[-35.9115472,-7.2133737],[-35.9116244,-7.2132046],[-35.9117171,-7.2131785],[-35.9118564,-7.2131393],[-35.9120143,-7.2130948],[-35.9130197,-7.213324],[-35.9140049,-7.213132],[-35.9139594,-7.212911],[-35.9139742,-7.2128258],[-35.9141149,-7.2127837],[-35.9145029,-7.2126964],[-35.9146053,-7.2125814],[-35.9147976,-7.2125576],[-35.9153671,-7.2124174],[-35.9155265,-7.2125128],[-35.9156434,-7.2125179],[-35.9157495,-7.2125188],[-35.9158482,-7.2125141],[-35.9160558,-7.2125041],[-35.9164173,-7.2124846],[-35.9167861,-7.2124263],[-35.9171753,-7.2123697],[-35.9178312,-7.2122387],[-35.9179013,-7.2122246],[-35.9180858,-7.2121985],[-35.9181082,-7.2124659],[-35.9181581,-7.2124647],[-35.9181576,-7.2124536],[-35.9182094,-7.2124515],[-35.9182094,-7.2124226],[-35.9181963,-7.2124231],[-35.9181962,-7.2124405],[-35.9181387,-7.2124431],[-35.9181158,-7.2121959],[-35.9182203,-7.2121737],[-35.9182836,-7.2121619],[-35.9184,-7.2120946],[-35.9186205,-7.2119671],[-35.9187366,-7.2119146],[-35.9188219,-7.2119079],[-35.9189144,-7.2119228],[-35.9189612,-7.2119304],[-35.9190882,-7.2119636],[-35.9192178,-7.2119453],[-35.9194824,-7.2119078],[-35.9196353,-7.2118862],[-35.9195944,-7.2122187],[-35.9197365,-7.2124635],[-35.9197995,-7.2126477],[-35.9198948,-7.2128973],[-35.92004,-7.2129911],[-35.9201254,-7.2130463],[-35.9202595,-7.2132219],[-35.9202783,-7.2134161]]]}},{"type":"Feature","id":"way/222779473","properties":{"osmId":"222779473","kind":"path","highway":"residential"},"geometry":{"type":"LineString","coordinates":[[-35.9056646,-7.2156334],[-35.9052689,-7.2155749],[-35.9045407,-7.2154818]]}},{"type":"Feature","id":"way/222782428","properties":{"osmId":"222782428","kind":"path","highway":"service"},"geometry":{"type":"LineString","coordinates":[[-35.907951,-7.2164182],[-35.9079646,-7.2169413]]}},{"type":"Feature","id":"way/222782434","properties":{"osmId":"222782434","kind":"path","highway":"living_street"},"geometry":{"type":"LineString","coordinates":[[-35.9120898,-7.2162873],[-35.9116607,-7.2162074]]}},{"type":"Feature","id":"way/222782442","properties":{"osmId":"222782442","kind":"path","highway":"residential","oneway":"yes"},"geometry":{"type":"LineString","coordinates":[[-35.9067492,-7.2170028],[-35.9067696,-7.2167942]]}},{"type":"Feature","id":"way/222782447","properties":{"osmId":"222782447","kind":"path","highway":"service","oneway":"no"},"geometry":{"type":"LineString","coordinates":[[-35.9117615,-7.2154615],[-35.9117325,-7.2156763],[-35.9116965,-7.2159426],[-35.9116607,-7.2162074],[-35.9116382,-7.2163742],[-35.911618,-7.2165235],[-35.9115887,-7.2167407],[-35.9115587,-7.2169107]]}},{"type":"Feature","id":"way/222782449","properties":{"osmId":"222782449","kind":"path","cycleway:right":"lane","highway":"residential","name":"Avenida Ricardo Wagner Silva Paz"},"geometry":{"type":"LineString","coordinates":[[-35.9119495,-7.2171112],[-35.9122132,-7.2174708],[-35.9123875,-7.2176784],[-35.9126812,-7.2180469],[-35.9127845,-7.218168],[-35.9129441,-7.2183769],[-35.9131656,-7.2186882]]}},{"type":"Feature","id":"way/222782450","properties":{"osmId":"222782450","kind":"path","highway":"footway"},"geometry":{"type":"LineString","coordinates":[[-35.9073461,-7.2164908],[-35.905874,-7.2160461],[-35.9060752,-7.2154687],[-35.9073546,-7.2158625],[-35.9074843,-7.2160437],[-35.9078932,-7.2161383],[-35.9079434,-7.2161757],[-35.9079546,-7.2161789],[-35.9078823,-7.216416]]}},{"type":"Feature","id":"way/222782454","properties":{"osmId":"222782454","kind":"path","highway":"service","surface":"sett"},"geometry":{"type":"LineString","coordinates":[[-35.9117325,-7.2156763],[-35.9115949,-7.2157092],[-35.9113026,-7.2157784],[-35.9110089,-7.2158436],[-35.9107688,-7.2158942],[-35.9105153,-7.2159368],[-35.91029,-7.2159847],[-35.9102243,-7.2159953],[-35.9101036,-7.2160199],[-35.9099822,-7.2160452],[-35.9099289,-7.2160532],[-35.9098927,-7.2160575],[-35.9097155,-7.2160659]]}},{"type":"Feature","id":"way/222782455","properties":{"osmId":"222782455","kind":"path","highway":"footway"},"geometry":{"type":"LineString","coordinates":[[-35.9078823,-7.216416],[-35.9078114,-7.2166243],[-35.9073461,-7.2164908],[-35.9074843,-7.2160437]]}},{"type":"Feature","id":"way/223141035","properties":{"osmId":"223141035","kind":"path","alt_name":"Avenida Industrial Ademar Veloso Silveira","cycleway":"lane","highway":"tertiary","name":"Rua Manoel Gonçalves Melo"},"geometry":{"type":"LineString","coordinates":[[-35.9129963,-7.2157101],[-35.912913,-7.2156327],[-35.9125635,-7.2154079],[-35.9122953,-7.2152594],[-35.911418,-7.2147971],[-35.9112608,-7.2147174],[-35.9109375,-7.2145421],[-35.9106524,-7.2143778],[-35.9105524,-7.2142976],[-35.9103897,-7.2141187],[-35.9101763,-7.2138564],[-35.9101328,-7.2137743],[-35.9100892,-7.2137098],[-35.9099931,-7.2135389],[-35.9099359,-7.2133659],[-35.9098785,-7.2131518],[-35.9098253,-7.2128152],[-35.9098106,-7.2126717],[-35.9098019,-7.2124728],[-35.9097885,-7.2122832],[-35.9097791,-7.2120564],[-35.9097663,-7.2118508],[-35.9097576,-7.2115834],[-35.9097596,-7.2114091],[-35.909765,-7.2112993],[-35.909793,-7.2111521],[-35.9098247,-7.2110485],[-35.9098662,-7.2109541],[-35.9099259,-7.210831],[-35.909997,-7.2107399],[-35.9100607,-7.210678],[-35.9101727,-7.2106055],[-35.9103101,-7.2105296],[-35.910451,-7.2104724],[-35.9105797,-7.2104372]]}},{"type":"Feature","id":"way/236664128","properties":{"osmId":"236664128","kind":"building","building":"public","name":"Bloco AA (Reitoria UFCG)"},"geometry":{"type":"Polygon","coordinates":[[[-35.9095248,-7.2167132],[-35.9095242,-7.2168141],[-35.9086953,-7.2168094],[-35.9086959,-7.2167085],[-35.9095248,-7.2167132]]]}},{"type":"Feature","id":"way/236667120","properties":{"osmId":"236667120","kind":"building","amenity":"library","building":"yes","name":"Biblioteca Central (UFCG)","name:pt":"Biblioteca central","toilets:wheelchair":"yes","wheelchair":"yes"},"geometry":{"type":"Polygon","coordinates":[[[-35.9086194,-7.2145506],[-35.9086196,-7.214621],[-35.9085058,-7.2146214],[-35.9085059,-7.2146606],[-35.908549,-7.2146604],[-35.9085492,-7.2147426],[-35.9085053,-7.2147427],[-35.9085053,-7.2147649],[-35.9086758,-7.2147631],[-35.9086786,-7.2148662],[-35.9082459,-7.2148666],[-35.9082456,-7.2147663],[-35.9084367,-7.2147658],[-35.9084367,-7.2147497],[-35.9083703,-7.2147499],[-35.90837,-7.2146634],[-35.9084314,-7.2146632],[-35.9084313,-7.2146215],[-35.9083258,-7.2146218],[-35.9083256,-7.2145515],[-35.9086194,-7.2145506]]]}},{"type":"Feature","id":"way/236668151","properties":{"osmId":"236668151","kind":"building","building":"yes","building:levels":"0","name":"Laboratório de Sistemas Distribuidos (UFCG)","name:en":"Distributed Systems Laboratory - UFCG","website":"https://www.lsd.ufcg.edu.br/"},"geometry":{"type":"Polygon","coordinates":[[[-35.9072665,-7.2130069],[-35.9072667,-7.2131237],[-35.9070516,-7.2131224],[-35.9070369,-7.2130812],[-35.9070369,-7.2130449],[-35.9070558,-7.2130084],[-35.9072665,-7.2130069]]]}},{"type":"Feature","id":"way/236668365","properties":{"osmId":"236668365","kind":"area","leisure":"pitch","sport":"soccer","toilets:wheelchair":"yes","wheelchair":"yes"},"geometry":{"type":"Polygon","coordinates":[[[-35.9070477,-7.2158373],[-35.9061826,-7.2155611],[-35.9060307,-7.2160508],[-35.9068899,-7.2163218],[-35.9070477,-7.2158373]]]}},{"type":"Feature","id":"way/236728653","properties":{"osmId":"236728653","kind":"path","highway":"residential","name":"Rua Abel Costa","oneway":"yes"},"geometry":{"type":"LineString","coordinates":[[-35.908082,-7.2176257],[-35.9079646,-7.2169413]]}},{"type":"Feature","id":"way/236728654","properties":{"osmId":"236728654","kind":"path","alt_name":"Rua Silva Barbosa","cycleway:left":"lane","highway":"primary","lanes":"2","maxspeed":"30","name":"Rua Aprígio Veloso","oneway":"yes","surface":"asphalt"},"geometry":{"type":"LineString","coordinates":[[-35.9079646,-7.2169413],[-35.9089946,-7.2172614]]}},{"type":"Feature","id":"way/236729259","properties":{"osmId":"236729259","kind":"path","alt_name":"Rua Vinte e Sete de Julho","highway":"tertiary_link","lanes":"2","name":"Rua 27 de Julho","oneway":"yes","surface":"asphalt"},"geometry":{"type":"LineString","coordinates":[[-35.9127545,-7.2162922],[-35.9128127,-7.2162993],[-35.9128643,-7.2163033],[-35.9129132,-7.216294],[-35.9129494,-7.2162807],[-35.9130098,-7.2162572]]}},{"type":"Feature","id":"way/236729260","properties":{"osmId":"236729260","kind":"path","alt_name":"Rua Vinte e Sete de Julho","highway":"tertiary","name":"Rua 27 de Julho","oneway":"yes","source":"GPS"},"geometry":{"type":"LineString","coordinates":[[-35.9127563,-7.2167683],[-35.912765,-7.216584],[-35.9127603,-7.2165215],[-35.9127516,-7.2164363],[-35.9127375,-7.2163825],[-35.9127288,-7.2163492],[-35.9126987,-7.2162461]]}},{"type":"Feature","id":"way/236730460","properties":{"osmId":"236730460","kind":"path","highway":"service","surface":"sett"},"geometry":{"type":"LineString","coordinates":[[-35.9097118,-7.2156156],[-35.9097155,-7.2160659],[-35.9097161,-7.216139],[-35.909718,-7.2163811],[-35.9097187,-7.2164643],[-35.9097194,-7.2165495],[-35.9097196,-7.2165704],[-35.9097245,-7.2168804],[-35.9097281,-7.2170736],[-35.9097263,-7.2170973]]}},{"type":"Feature","id":"way/236733534","properties":{"osmId":"236733534","kind":"path","highway":"footway"},"geometry":{"type":"LineString","coordinates":[[-35.907951,-7.2164182],[-35.9078823,-7.216416]]}},{"type":"Feature","id":"way/236736608","properties":{"osmId":"236736608","kind":"path","highway":"footway"},"geometry":{"type":"LineString","coordinates":[[-35.9086784,-7.2164303],[-35.907951,-7.2164182]]}},{"type":"Feature","id":"way/236736620","properties":{"osmId":"236736620","kind":"path","highway":"service"},"geometry":{"type":"LineString","coordinates":[[-35.9069607,-7.2141825],[-35.9069835,-7.2141885],[-35.9070124,-7.2141885],[-35.9070633,-7.2141872],[-35.9072202,-7.2141858],[-35.9073986,-7.2141872],[-35.9076226,-7.2142078],[-35.9076903,-7.2142191],[-35.9077701,-7.2142603],[-35.907868,-7.2143229],[-35.9079632,-7.2143734],[-35.9080893,-7.2143987],[-35.9081966,-7.2144014],[-35.9082268,-7.2144004],[-35.9083173,-7.2143974],[-35.908387,-7.2143841],[-35.9084326,-7.2143694],[-35.9084876,-7.2143339]]}},{"type":"Feature","id":"way/236737671","properties":{"osmId":"236737671","kind":"path","highway":"service","service":"parking_aisle","surface":"sett"},"geometry":{"type":"LineString","coordinates":[[-35.9097281,-7.2170736],[-35.9098381,-7.2170331],[-35.9100339,-7.2169971],[-35.9103276,-7.2169413],[-35.9105515,-7.2169147],[-35.9106307,-7.2169293],[-35.9107527,-7.2169665],[-35.9108587,-7.2169759],[-35.9113173,-7.2169306],[-35.9115587,-7.2169107]]}},{"type":"Feature","id":"way/236738845","properties":{"osmId":"236738845","kind":"path","covered":"no","highway":"service","oneway":"yes","service":"parking_aisle","surface":"sett"},"geometry":{"type":"LineString","coordinates":[[-35.9102243,-7.2159953],[-35.910284,-7.2163369],[-35.9102763,-7.2163645],[-35.9102573,-7.2163856],[-35.9102329,-7.2163915],[-35.9101626,-7.2164027]]}},{"type":"Feature","id":"way/236738846","properties":{"osmId":"236738846","kind":"path","covered":"no","highway":"service","oneway":"yes","service":"parking_aisle","surface":"sett"},"geometry":{"type":"LineString","coordinates":[[-35.9101626,-7.2164027],[-35.9101036,-7.2160199]]}},{"type":"Feature","id":"way/236765481","properties":{"osmId":"236765481","kind":"building","building":"yes","building:levels":"3","name":"Bloco AB (UFCG)","wheelchair":"limited"},"geometry":{"type":"Polygon","coordinates":[[[-35.9095283,-7.2165463],[-35.9087028,-7.216534],[-35.9087014,-7.2166289],[-35.9095268,-7.2166412],[-35.9095283,-7.2165463]]]}},{"type":"Feature","id":"way/236765783","properties":{"osmId":"236765783","kind":"building","building":"yes","building:levels":"1","name":"Bloco AE (Ginásio de Esportes - UFCG)"},"geometry":{"type":"Polygon","coordinates":[[[-35.9086452,-7.2164981],[-35.9082624,-7.2164901],[-35.9082596,-7.2167831],[-35.9083302,-7.2167856],[-35.9086369,-7.2167902],[-35.9086452,-7.2164981]]]}},{"type":"Feature","id":"way/236765835","properties":{"osmId":"236765835","kind":"building","amenity":"restaurant","building":"yes","cuisine":"regional","name":"Bloco AC (Restaurante Universitário - UFCG)"},"geometry":{"type":"Polygon","coordinates":[[[-35.9091554,-7.2160209],[-35.9095155,-7.2160206],[-35.9095153,-7.2158534],[-35.9093999,-7.2158535],[-35.9093998,-7.2156914],[-35.9091623,-7.2156916],[-35.9091624,-7.215823],[-35.9092806,-7.2158229],[-35.9092807,-7.2158627],[-35.9091552,-7.2158628],[-35.9091554,-7.2160209]]]}},{"type":"Feature","id":"way/236765945","properties":{"osmId":"236765945","kind":"building","building":"yes","name":"Bloco AL (Centro de Extensão - UFCG)"},"geometry":{"type":"Polygon","coordinates":[[[-35.9083311,-7.2163667],[-35.9083285,-7.2160591],[-35.9084695,-7.2160579],[-35.9084714,-7.2162735],[-35.9086335,-7.2162721],[-35.9086343,-7.2163642],[-35.9083311,-7.2163667]]]}},{"type":"Feature","id":"way/236766016","properties":{"osmId":"236766016","kind":"building","building":"yes","name":"Bloco AO (UFCG)"},"geometry":{"type":"Polygon","coordinates":[[[-35.9081248,-7.2158716],[-35.9082724,-7.2158687],[-35.9082696,-7.2159873],[-35.9081267,-7.2159828],[-35.9081248,-7.2158716]]]}},{"type":"Feature","id":"way/236766038","properties":{"osmId":"236766038","kind":"building","building":"yes","building:levels":"1","name":"Bloco AJ (UFCG)"},"geometry":{"type":"Polygon","coordinates":[[[-35.9084672,-7.2157674],[-35.908221,-7.215761],[-35.9082183,-7.2158642],[-35.9084645,-7.2158706],[-35.9084672,-7.2157674]]]}},{"type":"Feature","id":"way/236766114","properties":{"osmId":"236766114","kind":"building","building":"yes","name":"Bloco AK (Creduni - UFCG)"},"geometry":{"type":"Polygon","coordinates":[[[-35.9084533,-7.2157178],[-35.9084564,-7.2156297],[-35.9086272,-7.2156356],[-35.908624,-7.2157238],[-35.9084533,-7.2157178]]]}},{"type":"Feature","id":"way/258784116","properties":{"osmId":"258784116","kind":"area","leisure":"pitch","sport":"soccer","surface":"grass"},"geometry":{"type":"Polygon","coordinates":[[[-35.9116794,-7.2129776],[-35.9115693,-7.2120685],[-35.9121874,-7.2119949],[-35.9122975,-7.2129039],[-35.9116794,-7.2129776]]]}},{"type":"Feature","id":"way/269975155","properties":{"osmId":"269975155","kind":"building","building":"yes","building:levels":"1","name":"Bloco BC (Central de Aulas - UFCG)"},"geometry":{"type":"Polygon","coordinates":[[[-35.9108103,-7.2164959],[-35.9111972,-7.2164474],[-35.911238,-7.2167679],[-35.9108563,-7.2168205],[-35.9108431,-7.2167272],[-35.9111674,-7.2166802],[-35.9111521,-7.2165596],[-35.9108237,-7.2166008],[-35.9108103,-7.2164959]]]}},{"type":"Feature","id":"way/295944621","properties":{"osmId":"295944621","kind":"path","highway":"primary","junction":"roundabout","lanes":"1","surface":"asphalt"},"geometry":{"type":"LineString","coordinates":[[-35.9133473,-7.2168162],[-35.9133592,-7.2168693],[-35.913355,-7.2169155],[-35.9133522,-7.2169363],[-35.9133341,-7.2169828],[-35.9133129,-7.2170254],[-35.9132275,-7.2170925],[-35.9131273,-7.2171164],[-35.913046,-7.2171249],[-35.9129526,-7.217127],[-35.9128703,-7.2171076],[-35.9128546,-7.2171039],[-35.9128112,-7.2170884],[-35.9127483,-7.2170118],[-35.9127107,-7.2169439],[-35.912704,-7.2168841],[-35.9127241,-7.2168189],[-35.9127563,-7.2167683],[-35.9127997,-7.2167289],[-35.9128918,-7.2166752],[-35.9129946,-7.2166472],[-35.913097,-7.2166379],[-35.9131841,-7.2166512],[-35.9132712,-7.2167104]]}},{"type":"Feature","id":"way/366023044","properties":{"osmId":"366023044","kind":"path","highway":"path","motor_vehicle":"yes","surface":"earth"},"geometry":{"type":"LineString","coordinates":[[-35.9061849,-7.2180176],[-35.9061761,-7.2178589],[-35.9062306,-7.2176606],[-35.906307,-7.2174849],[-35.9063318,-7.2172598],[-35.9063365,-7.2171661],[-35.9063284,-7.2171235],[-35.9062855,-7.2170902]]}},{"type":"Feature","id":"way/366855776","properties":{"osmId":"366855776","kind":"path","covered":"no","highway":"service","oneway":"yes","service":"parking_aisle","surface":"sett"},"geometry":{"type":"LineString","coordinates":[[-35.9099822,-7.2160452],[-35.9100378,-7.2163877],[-35.9100522,-7.2164085],[-35.9100803,-7.2164149],[-35.9101626,-7.2164027]]}},{"type":"Feature","id":"way/366856007","properties":{"osmId":"366856007","kind":"building","building":"university","building:levels":"2","description":"Pró-Reitoria de Ensino&#10;Serviço de Tecnologia da Informação","name":"Bloco BB (PRE e STI)"},"geometry":{"type":"Polygon","coordinates":[[[-35.9104224,-7.2160446],[-35.9103174,-7.2160619],[-35.9103641,-7.2163793],[-35.910468,-7.2163643],[-35.9104224,-7.2160446]]]}},{"type":"Feature","id":"way/366858682","properties":{"osmId":"366858682","kind":"building","addr:housenumber":"334","addr:postcode":"58429-170","addr:street":"Rua Aprígio Veloso","addr:suburb":"Universitário","amenity":"fuel","brand":"Ipiranga","brand:wikidata":"Q2081136","building":"roof","fuel:etanol_comum":"yes","fuel:gasoline_87":"yes","name":"Posto Bodocongó","operator":"Ipiranga","self_service":"no"},"geometry":{"type":"Polygon","coordinates":[[[-35.9088809,-7.217392],[-35.9088808,-7.2173357],[-35.9086439,-7.2172526],[-35.9086766,-7.2174247],[-35.9088809,-7.217392]]]}},{"type":"Feature","id":"way/366859093","properties":{"osmId":"366859093","kind":"building","addr:city":"Campina Grande","addr:housenumber":"175","addr:postcode":"58429-170","addr:street":"Rua Aprígio Veloso","addr:suburb":"Universitário","building":"apartments","building:levels":"17","building:levels:underground":"1","height":"50","name":"Benvenuto Residenziale","start_date":"2020"},"geometry":{"type":"Polygon","coordinates":[[[-35.9086178,-7.2174218],[-35.9085766,-7.217249],[-35.9081925,-7.2171163],[-35.9082743,-7.217502],[-35.9086178,-7.2174218]]]}},{"type":"Feature","id":"way/366859405","properties":{"osmId":"366859405","kind":"building","building":"industrial","name":"Atecel - Geotecnia"},"geometry":{"type":"Polygon","coordinates":[[[-35.9081768,-7.2170922],[-35.9080243,-7.2170448],[-35.9081229,-7.2175491],[-35.9082615,-7.2175231],[-35.9081768,-7.2170922]]]}},{"type":"Feature","id":"way/366895783","properties":{"osmId":"366895783","kind":"path","highway":"service","oneway":"yes"},"geometry":{"type":"LineString","coordinates":[[-35.9097263,-7.2170973],[-35.9099765,-7.2172888]]}},{"type":"Feature","id":"way/366895784","properties":{"osmId":"366895784","kind":"path","highway":"service","oneway":"yes"},"geometry":{"type":"LineString","coordinates":[[-35.9094529,-7.2173397],[-35.9097263,-7.2170973]]}},{"type":"Feature","id":"way/366895785","properties":{"osmId":"366895785","kind":"path","highway":"service","service":"parking_aisle"},"geometry":{"type":"LineString","coordinates":[[-35.9115587,-7.2169107],[-35.9118381,-7.2168815]]}},{"type":"Feature","id":"way/366895786","properties":{"osmId":"366895786","kind":"path","highway":"service"},"geometry":{"type":"LineString","coordinates":[[-35.9109797,-7.2171645],[-35.9108359,-7.2171275],[-35.9107869,-7.2171196],[-35.9107313,-7.2171255],[-35.9106702,-7.2171362],[-35.9106233,-7.2171515],[-35.9105589,-7.2171827],[-35.9104966,-7.217218]]}},{"type":"Feature","id":"way/366895872","properties":{"osmId":"366895872","kind":"line","area":"yes","brand:wikidata":"Q5835668","name":"Smart Campus"},"geometry":{"type":"LineString","coordinates":[[-35.9090741,-7.2159488],[-35.9090741,-7.2158463],[-35.90894,-7.2158477],[-35.9089386,-7.2159514],[-35.9090741,-7.2159488]]}},{"type":"Feature","id":"way/366895873","properties":{"osmId":"366895873","kind":"building","amenity":"bank","atm":"yes","brand":"Caixa Econômica Federal","brand:wikidata":"Q835283","building":"yes","drive_through":"no","name":"Caixa Econômica Federal"},"geometry":{"type":"Polygon","coordinates":[[[-35.9088956,-7.2158622],[-35.9087675,-7.2158617],[-35.9087671,-7.2159621],[-35.9088952,-7.2159627],[-35.9088956,-7.2158622]]]}},{"type":"Feature","id":"way/366895874","properties":{"osmId":"366895874","kind":"building","amenity":"bank","atm":"yes","brand":"Banco do Brasil","brand:wikidata":"Q610817","building":"yes","drive_through":"no","name":"Banco do Brasil"},"geometry":{"type":"Polygon","coordinates":[[[-35.9090658,-7.2157972],[-35.9087816,-7.2158016],[-35.9087793,-7.215655],[-35.9089061,-7.215653],[-35.9089063,-7.215666],[-35.9090636,-7.2156635],[-35.9090658,-7.2157972]]]}},{"type":"Feature","id":"way/379125408","properties":{"osmId":"379125408","kind":"area","addr:city":"Campina Grande","addr:housenumber":"351","addr:postcode":"58429-500","addr:street":"Rua Baraúnas","addr:suburb":"Universitário","amenity":"university","internet_access":"yes","internet_access:fee":"no","name":"UEPB - Universidade Estadual da Paraíba","phone":"+55 83 3315-3300","source":"http://www.uepb.edu.br/","website":"http://www.uepb.edu.br/","wikidata":"Q4984567","wikimedia_commons":"Category:Universidade Estadual da Paraíba","wikipedia":"pt:Universidade Estadual da Paraíba"},"geometry":{"type":"Polygon","coordinates":[[[-35.9178205,-7.2066262],[-35.9181135,-7.2071072],[-35.9176233,-7.207386],[-35.9179733,-7.2080819],[-35.9175467,-7.2083243],[-35.917564,-7.2083539],[-35.9178737,-7.2088833],[-35.9181676,-7.2093859],[-35.9181003,-7.2094235],[-35.9180381,-7.2094583],[-35.9178965,-7.2095375],[-35.9173017,-7.2098664],[-35.9170552,-7.2099971],[-35.9169298,-7.2100663],[-35.9172364,-7.2106033],[-35.9175059,-7.2110702],[-35.9173983,-7.2110884],[-35.9165036,-7.2112442],[-35.9155625,-7.2113949],[-35.914899,-7.2114953],[-35.914637,-7.2115221],[-35.9146533,-7.2116409],[-35.9147857,-7.2124822],[-35.9147919,-7.2125215],[-35.9147976,-7.2125576],[-35.9146053,-7.2125814],[-35.9145029,-7.2126964],[-35.9141149,-7.2127837],[-35.9139742,-7.2128258],[-35.9139594,-7.212911],[-35.9140049,-7.213132],[-35.9130197,-7.213324],[-35.9120143,-7.2130948],[-35.9118564,-7.2131393],[-35.9117171,-7.2131785],[-35.9116244,-7.2132046],[-35.9115967,-7.2129705],[-35.9115834,-7.2128581],[-35.9115697,-7.2127419],[-35.911496,-7.2119181],[-35.9116175,-7.2118671],[-35.911572,-7.2112819],[-35.9115508,-7.2108325],[-35.9115395,-7.210572],[-35.9128296,-7.2105466],[-35.9131885,-7.2103092],[-35.9131417,-7.2101853],[-35.9148635,-7.2083804],[-35.9152015,-7.2081285],[-35.9178205,-7.2066262]]]}},{"type":"Feature","id":"way/379136353","properties":{"osmId":"379136353","kind":"path","highway":"residential"},"geometry":{"type":"LineString","coordinates":[[-35.9124318,-7.2115661],[-35.9137363,-7.2113014],[-35.913858,-7.2112767]]}},{"type":"Feature","id":"way/437689890","properties":{"osmId":"437689890","kind":"area","leisure":"pitch","name":"Mini Campo","sport":"soccer"},"geometry":{"type":"Polygon","coordinates":[[[-35.907312,-7.2159458],[-35.9070639,-7.2158732],[-35.9069137,-7.2163123],[-35.9071685,-7.2163974],[-35.9072989,-7.2159975],[-35.907312,-7.2159458]]]}},{"type":"Feature","id":"way/488898396","properties":{"osmId":"488898396","kind":"path","highway":"residential","name":"Travessa Conego Pequeno"},"geometry":{"type":"LineString","coordinates":[[-35.9062855,-7.2170902],[-35.9062481,-7.2167741]]}},{"type":"Feature","id":"way/488901773","properties":{"osmId":"488901773","kind":"area","leisure":"park"},"geometry":{"type":"Polygon","coordinates":[[[-35.9132948,-7.2168778],[-35.9132815,-7.2169833],[-35.9132084,-7.2170624],[-35.9131435,-7.2170849],[-35.9129956,-7.2170987],[-35.9128527,-7.217046],[-35.9127596,-7.2169635],[-35.9127563,-7.2169173],[-35.9127962,-7.2168118],[-35.9128793,-7.216759],[-35.9129989,-7.2167327],[-35.9130754,-7.2167162],[-35.9131696,-7.2167158],[-35.9132529,-7.2167639],[-35.9132948,-7.2168778]]]}},{"type":"Feature","id":"way/521752276","properties":{"osmId":"521752276","kind":"building","building":"yes","name":"Centro de Engenharia Elétrica e Informática - UFCG","name:en":"Electrical Engineering and Computer Center - UFCG","short_name":"CEEI"},"geometry":{"type":"Polygon","coordinates":[[[-35.9086955,-7.2131531],[-35.9086924,-7.2132764],[-35.9083949,-7.2132693],[-35.908398,-7.213146],[-35.9086443,-7.2131519],[-35.9086955,-7.2131531]]]}},{"type":"Feature","id":"way/521759335","properties":{"osmId":"521759335","kind":"building","building":"yes","name":"Central de Laboratórios do DEE (UFCG)"},"geometry":{"type":"Polygon","coordinates":[[[-35.9086989,-7.2133559],[-35.9086993,-7.2134823],[-35.9083442,-7.2134788],[-35.9083458,-7.2133524],[-35.9086989,-7.2133559]]]}},{"type":"Feature","id":"way/521780381","properties":{"osmId":"521780381","kind":"building","building":"yes","name":"Bloco CL (UFCG)"},"geometry":{"type":"Polygon","coordinates":[[[-35.9072431,-7.2140595],[-35.9070188,-7.2140557],[-35.9070208,-7.2139378],[-35.9072469,-7.2139416],[-35.907246,-7.2139987],[-35.9073013,-7.2140042],[-35.9073232,-7.2140701],[-35.9073383,-7.2140702],[-35.9073428,-7.213961],[-35.9075806,-7.2139695],[-35.9075731,-7.2141096],[-35.9074677,-7.2141087],[-35.907358,-7.2141051],[-35.9073457,-7.2140945],[-35.90732,-7.2140906],[-35.9072431,-7.2140595]]]}},{"type":"Feature","id":"way/521781124","properties":{"osmId":"521781124","kind":"building","building":"yes","name":"Bloco CM (UFCG)"},"geometry":{"type":"Polygon","coordinates":[[[-35.907042,-7.2136149],[-35.9070414,-7.2137476],[-35.9072673,-7.2137486],[-35.9073187,-7.2137488],[-35.9073185,-7.2137971],[-35.9073498,-7.2137972],[-35.907605,-7.2137983],[-35.9076056,-7.2136634],[-35.9073784,-7.2136625],[-35.9073783,-7.2136821],[-35.9073418,-7.213682],[-35.9072729,-7.2136817],[-35.9072732,-7.2136159],[-35.907042,-7.2136149]]]}},{"type":"Feature","id":"way/521782111","properties":{"osmId":"521782111","kind":"building","building":"yes","name":"Bloco CN (UFCG)"},"geometry":{"type":"Polygon","coordinates":[[[-35.9070447,-7.2133038],[-35.9070417,-7.2134377],[-35.907262,-7.2134359],[-35.9073104,-7.2134403],[-35.9073098,-7.2134918],[-35.9073374,-7.2134922],[-35.9073616,-7.2134925],[-35.9073618,-7.2134754],[-35.9075996,-7.2134783],[-35.9076012,-7.2133506],[-35.9073592,-7.2133476],[-35.907359,-7.2133637],[-35.907312,-7.2133631],[-35.9072927,-7.2133629],[-35.9072639,-7.2133625],[-35.9072651,-7.2133088],[-35.9070447,-7.2133038]]]}},{"type":"Feature","id":"way/521787939","properties":{"osmId":"521787939","kind":"area","amenity":"parking","operator":"UFCG","parking":"surface"},"geometry":{"type":"Polygon","coordinates":[[[-35.9090843,-7.2120542],[-35.9087841,-7.21186],[-35.9087892,-7.211988],[-35.9087712,-7.2127313],[-35.9087693,-7.2135359],[-35.9089048,-7.2135396],[-35.9089113,-7.2128912],[-35.9089349,-7.2128101],[-35.9092603,-7.2127632],[-35.9092753,-7.212421],[-35.9092142,-7.2123761],[-35.9092303,-7.2122681],[-35.9092106,-7.2121811],[-35.9090843,-7.2120542]]]}},{"type":"Feature","id":"way/521791199","properties":{"osmId":"521791199","kind":"area","access":"yes","amenity":"parking","fee":"no","name":"Estacionamento CCT / CTRN","parking":"surface"},"geometry":{"type":"Polygon","coordinates":[[[-35.9068898,-7.2136984],[-35.9068823,-7.2141473],[-35.9059113,-7.2141473],[-35.9059141,-7.2136871],[-35.9068898,-7.2136984]]]}},{"type":"Feature","id":"way/522454211","properties":{"osmId":"522454211","kind":"building","building":"yes","name":"Bloco CAA (UFCG)"},"geometry":{"type":"Polygon","coordinates":[[[-35.9079785,-7.2142079],[-35.9079307,-7.2142077],[-35.9079311,-7.2141301],[-35.9079754,-7.2141304],[-35.9079755,-7.2141139],[-35.9080487,-7.2141142],[-35.9080486,-7.2141383],[-35.9081527,-7.2141388],[-35.9081528,-7.2141196],[-35.908212,-7.2141198],[-35.9082118,-7.2141455],[-35.9082599,-7.2141457],[-35.9082596,-7.2142279],[-35.9083077,-7.2142281],[-35.9083078,-7.2142049],[-35.908322,-7.2141926],[-35.9083344,-7.2141909],[-35.9083477,-7.2141926],[-35.9083592,-7.2142005],[-35.9083645,-7.2142119],[-35.9083643,-7.2142245],[-35.9083925,-7.2142249],[-35.9083927,-7.2142152],[-35.9084417,-7.2142159],[-35.9084404,-7.2143118],[-35.9083898,-7.2143111],[-35.9083895,-7.2143336],[-35.9083558,-7.2143332],[-35.9083557,-7.2143426],[-35.9082276,-7.2143412],[-35.9082275,-7.2143506],[-35.9081502,-7.2143498],[-35.9081503,-7.2143375],[-35.9080542,-7.2143367],[-35.9080541,-7.2143489],[-35.907989,-7.2143484],[-35.9079892,-7.2143185],[-35.9079336,-7.2143181],[-35.907934,-7.2142531],[-35.9079782,-7.2142534],[-35.9079785,-7.2142079]]]}},{"type":"Feature","id":"way/522455039","properties":{"osmId":"522455039","kind":"building","building":"yes","name":"Bloco CD1 (UFCG)"},"geometry":{"type":"Polygon","coordinates":[[[-35.9078915,-7.2138014],[-35.9077031,-7.2137992],[-35.9077017,-7.2139206],[-35.90789,-7.2139228],[-35.9078915,-7.2138014]]]}},{"type":"Feature","id":"way/522457334","properties":{"osmId":"522457334","kind":"building","building":"yes","name":"Bloco CD (UFCG)"},"geometry":{"type":"Polygon","coordinates":[[[-35.9079871,-7.213789],[-35.9079863,-7.2139117],[-35.9082153,-7.2139132],[-35.9084827,-7.213915],[-35.9084836,-7.2137944],[-35.9082783,-7.213793],[-35.9082787,-7.2137364],[-35.9082246,-7.213736],[-35.9082243,-7.213778],[-35.9082113,-7.2137779],[-35.9081733,-7.2137776],[-35.908173,-7.2138158],[-35.9080732,-7.2138151],[-35.9080734,-7.2137895],[-35.9079871,-7.213789]]]}},{"type":"Feature","id":"way/522458887","properties":{"osmId":"522458887","kind":"building","building":"yes","name":"Bloco CA (UFCG)"},"geometry":{"type":"Polygon","coordinates":[[[-35.9087235,-7.2142195],[-35.9087233,-7.214359],[-35.9092355,-7.2143596],[-35.9092357,-7.2142203],[-35.9091341,-7.2142202],[-35.909134,-7.2142677],[-35.909029,-7.2142675],[-35.9090291,-7.2142075],[-35.9090044,-7.2142075],[-35.9089717,-7.2142074],[-35.9089717,-7.2142189],[-35.9089255,-7.2142188],[-35.9089254,-7.2142674],[-35.9088168,-7.2142673],[-35.9088168,-7.2142196],[-35.9087235,-7.2142195]]]}},{"type":"Feature","id":"way/522460857","properties":{"osmId":"522460857","kind":"building","building":"yes","name":"Bloco CE (UFCG)"},"geometry":{"type":"Polygon","coordinates":[[[-35.9092493,-7.2141377],[-35.9092494,-7.2140622],[-35.9093916,-7.2140623],[-35.9093916,-7.2140302],[-35.9095066,-7.2140303],[-35.9095065,-7.214138],[-35.9092493,-7.2141377]]]}},{"type":"Feature","id":"way/522461272","properties":{"osmId":"522461272","kind":"building","building":"yes","name":"Bloco CB - REENGE (UFCG)"},"geometry":{"type":"Polygon","coordinates":[[[-35.9094229,-7.2138424],[-35.9094215,-7.2139326],[-35.9089843,-7.2139246],[-35.908727,-7.2139211],[-35.9087301,-7.2137527],[-35.9088472,-7.2137549],[-35.9088461,-7.2138155],[-35.9089365,-7.2138171],[-35.9089378,-7.2137467],[-35.9090556,-7.2137488],[-35.9090551,-7.2137758],[-35.9091454,-7.2137774],[-35.9091452,-7.2137908],[-35.9093756,-7.2137945],[-35.9093748,-7.2138416],[-35.9094229,-7.2138424]]]}},{"type":"Feature","id":"way/522461742","properties":{"osmId":"522461742","kind":"building","building":"yes","name":"Bloco CH (UFCG)","office":"educational_institution"},"geometry":{"type":"Polygon","coordinates":[[[-35.9086963,-7.2125481],[-35.9080833,-7.2125393],[-35.9080815,-7.212667],[-35.9086944,-7.2126757],[-35.9086963,-7.2125481]]]}},{"type":"Feature","id":"way/522461879","properties":{"osmId":"522461879","kind":"building","building":"yes","name":"Bloco CI (UFCG)"},"geometry":{"type":"Polygon","coordinates":[[[-35.908709,-7.2122995],[-35.9087067,-7.2124304],[-35.9083767,-7.2124247],[-35.908379,-7.2122938],[-35.908709,-7.2122995]]]}},{"type":"Feature","id":"way/522462705","properties":{"osmId":"522462705","kind":"building","building":"yes","name":"Bloco CH1 (UFCG)"},"geometry":{"type":"Polygon","coordinates":[[[-35.9080082,-7.2125655],[-35.907836,-7.2125642],[-35.907835,-7.212699],[-35.9080072,-7.2127003],[-35.9080082,-7.2125655]]]}},{"type":"Feature","id":"way/522463710","properties":{"osmId":"522463710","kind":"building","building":"yes","name":"Embedded-LIEC (UFCG)"},"geometry":{"type":"Polygon","coordinates":[[[-35.9083098,-7.2123056],[-35.908305,-7.2124311],[-35.90797,-7.2124184],[-35.9079748,-7.212293],[-35.9083098,-7.2123056]]]}},{"type":"Feature","id":"way/522464919","properties":{"osmId":"522464919","kind":"building","building":"yes","name":"SPLAB (UFCG)","website":"https://splab.computacao.ufcg.edu.br/"},"geometry":{"type":"Polygon","coordinates":[[[-35.9076256,-7.2124078],[-35.9076253,-7.2125319],[-35.9073595,-7.2125313],[-35.9073596,-7.2124871],[-35.9073091,-7.2124849],[-35.9073103,-7.212439],[-35.9073094,-7.2124081],[-35.9076256,-7.2124078]]]}},{"type":"Feature","id":"way/522465718","properties":{"osmId":"522465718","kind":"building","building":"yes","name":"Laboratório de Ciências e Tecnologias Agroambientais - LICTA (UFCG)","website":"www.deag.ufcg.edu.br"},"geometry":{"type":"Polygon","coordinates":[[[-35.9072863,-7.2126971],[-35.9073562,-7.2126975],[-35.907358,-7.2128147],[-35.9073273,-7.2128159],[-35.9073248,-7.2127891],[-35.907062,-7.2127857],[-35.9070636,-7.2126628],[-35.9072888,-7.2126658],[-35.9072863,-7.2126971]]]}},{"type":"Feature","id":"way/522466753","properties":{"osmId":"522466753","kind":"building","building":"yes","name":"CertBio (UFCG)"},"geometry":{"type":"Polygon","coordinates":[[[-35.9076143,-7.212324],[-35.9073885,-7.2123191],[-35.9073898,-7.212258],[-35.9072984,-7.212256],[-35.9072982,-7.2122636],[-35.9070708,-7.2122586],[-35.9070738,-7.2121248],[-35.9073037,-7.2121298],[-35.9073024,-7.2121867],[-35.9076172,-7.2121936],[-35.9076143,-7.212324]]]}},{"type":"Feature","id":"way/522467752","properties":{"osmId":"522467752","kind":"building","building":"yes","name":"Agro Industrial (UFCG)"},"geometry":{"type":"Polygon","coordinates":[[[-35.9075995,-7.2120126],[-35.9073769,-7.2120071],[-35.9073767,-7.2120154],[-35.907327,-7.2120141],[-35.9073303,-7.2118797],[-35.9073738,-7.2118808],[-35.9073741,-7.2118695],[-35.9076029,-7.2118751],[-35.9075995,-7.2120126]]]}},{"type":"Feature","id":"way/522471054","properties":{"osmId":"522471054","kind":"building","building":"yes","name":"Bloco CG (UFCG)"},"geometry":{"type":"Polygon","coordinates":[[[-35.9079343,-7.2129404],[-35.9079366,-7.2128005],[-35.9086999,-7.2128128],[-35.9086976,-7.2129527],[-35.9079343,-7.2129404]]]}},{"type":"Feature","id":"way/522472117","properties":{"osmId":"522472117","kind":"building","building":"yes","name":"Fontes Renovaveis"},"geometry":{"type":"Polygon","coordinates":[[[-35.9079126,-7.2128414],[-35.907856,-7.2128411],[-35.907856,-7.2128271],[-35.9078151,-7.212827],[-35.907815,-7.2128436],[-35.9077867,-7.2128435],[-35.9077863,-7.2129218],[-35.9079122,-7.2129224],[-35.9079126,-7.2128414]]]}},{"type":"Feature","id":"way/522472763","properties":{"osmId":"522472763","kind":"building","building":"yes"},"geometry":{"type":"Polygon","coordinates":[[[-35.9078553,-7.2123141],[-35.9077,-7.2123113],[-35.9076974,-7.2124449],[-35.9078527,-7.2124478],[-35.9078553,-7.2123141]]]}},{"type":"Feature","id":"way/522474936","properties":{"osmId":"522474936","kind":"building","building":"yes","name":"IECOM (UFCG)"},"geometry":{"type":"Polygon","coordinates":[[[-35.9080478,-7.2120642],[-35.9080468,-7.2121554],[-35.9080093,-7.212155],[-35.9080091,-7.2121726],[-35.9079821,-7.2121723],[-35.907982,-7.2121819],[-35.907873,-7.2121809],[-35.9078732,-7.2121616],[-35.9078047,-7.2121609],[-35.9078058,-7.2120513],[-35.9078836,-7.2120521],[-35.9078837,-7.212043],[-35.9079678,-7.2120438],[-35.9079676,-7.2120634],[-35.9080478,-7.2120642]]]}},{"type":"Feature","id":"way/522476389","properties":{"osmId":"522476389","kind":"building","building":"yes","name":"Bloco CJ / CJ1 (UFCG)"},"geometry":{"type":"Polygon","coordinates":[[[-35.9085508,-7.2120299],[-35.9085535,-7.2118932],[-35.9087018,-7.2118961],[-35.908699,-7.2120342],[-35.9086473,-7.2120332],[-35.9086466,-7.212068],[-35.9086991,-7.2120691],[-35.9086965,-7.2122012],[-35.9082228,-7.2121919],[-35.9082253,-7.2120625],[-35.9086262,-7.2120704],[-35.908627,-7.2120314],[-35.9085508,-7.2120299]]]}},{"type":"Feature","id":"way/522477208","properties":{"osmId":"522477208","kind":"building","building":"yes","name":"LabMet Metrologia (UFCG)"},"geometry":{"type":"Polygon","coordinates":[[[-35.9080608,-7.2119202],[-35.9081873,-7.2119213],[-35.9081872,-7.2119076],[-35.9084551,-7.2118868],[-35.9084549,-7.2118708],[-35.9084829,-7.2118705],[-35.9084816,-7.2117405],[-35.9083641,-7.2117417],[-35.9083644,-7.2117661],[-35.9080596,-7.2117691],[-35.9080608,-7.2119202]]]}},{"type":"Feature","id":"way/522477681","properties":{"osmId":"522477681","kind":"building","building":"yes","name":"Bloco CS (UFCG)"},"geometry":{"type":"Polygon","coordinates":[[[-35.9068622,-7.2136164],[-35.9063121,-7.2136178],[-35.9063117,-7.2134791],[-35.9068619,-7.2134778],[-35.9068622,-7.2136164]]]}},{"type":"Feature","id":"way/522477858","properties":{"osmId":"522477858","kind":"building","building":"yes","name":"LABDES (UFCG)"},"geometry":{"type":"Polygon","coordinates":[[[-35.9062815,-7.2136026],[-35.9062808,-7.2134785],[-35.9062676,-7.2134786],[-35.9062673,-7.2134275],[-35.9061979,-7.2134278],[-35.9061982,-7.2134775],[-35.9059808,-7.2134786],[-35.9059814,-7.2136041],[-35.9062815,-7.2136026]]]}},{"type":"Feature","id":"way/522478801","properties":{"osmId":"522478801","kind":"building","building":"yes","name":"Bloco CT (UFCG)"},"geometry":{"type":"Polygon","coordinates":[[[-35.9068665,-7.2132384],[-35.9063245,-7.2132222],[-35.9063206,-7.2133486],[-35.9068626,-7.2133648],[-35.9068665,-7.2132384]]]}},{"type":"Feature","id":"way/522479148","properties":{"osmId":"522479148","kind":"building","building":"yes","name":"Bloco CW (UFCG)"},"geometry":{"type":"Polygon","coordinates":[[[-35.9063655,-7.2129637],[-35.9068647,-7.2129656],[-35.9068643,-7.2130763],[-35.9067867,-7.213076],[-35.9067866,-7.2131092],[-35.9063649,-7.2131075],[-35.9063655,-7.2129637]]]}},{"type":"Feature","id":"way/522483007","properties":{"osmId":"522483007","kind":"building","building":"yes","name":"Bloco CV (UFCG)"},"geometry":{"type":"Polygon","coordinates":[[[-35.9068833,-7.2126756],[-35.9064029,-7.2126653],[-35.9063992,-7.2128329],[-35.9068796,-7.2128433],[-35.9068833,-7.2126756]]]}},{"type":"Feature","id":"way/522483190","properties":{"osmId":"522483190","kind":"building","building":"yes","name":"Bloco CV1 (UFCG)","website":"www.uaema.ufcg.edu.br"},"geometry":{"type":"Polygon","coordinates":[[[-35.906376,-7.2127222],[-35.9061822,-7.2127217],[-35.9061785,-7.21284],[-35.9063718,-7.212845],[-35.906376,-7.2127222]]]}},{"type":"Feature","id":"way/522483331","properties":{"osmId":"522483331","kind":"building","building":"yes","name":"Bloco CV2 (UFCG)"},"geometry":{"type":"Polygon","coordinates":[[[-35.9061822,-7.2127217],[-35.9059975,-7.2127161],[-35.9059939,-7.2128344],[-35.9061785,-7.21284],[-35.9061822,-7.2127217]]]}},{"type":"Feature","id":"way/522483718","properties":{"osmId":"522483718","kind":"building","building":"yes","name":"Bloco CX / CX1 (UFCG)"},"geometry":{"type":"Polygon","coordinates":[[[-35.9060588,-7.2125607],[-35.9061252,-7.2125653],[-35.9061516,-7.2125685],[-35.9063479,-7.2125735],[-35.9063577,-7.2125621],[-35.9065536,-7.212572],[-35.9065543,-7.2125541],[-35.9068816,-7.2125653],[-35.9068859,-7.2124394],[-35.9065541,-7.212428],[-35.9065535,-7.2124461],[-35.9063757,-7.2124399],[-35.9063615,-7.212434],[-35.9061426,-7.2124306],[-35.9061254,-7.2124321],[-35.9060595,-7.2124657],[-35.9060588,-7.2125607]]]}},{"type":"Feature","id":"way/522484295","properties":{"osmId":"522484295","kind":"building","building":"yes","name":"Bloco CY1 (UFCG)"},"geometry":{"type":"Polygon","coordinates":[[[-35.9064063,-7.2121486],[-35.906404,-7.2122642],[-35.9064018,-7.2122895],[-35.9060556,-7.2122699],[-35.9060603,-7.2121392],[-35.9064063,-7.2121486]]]}},{"type":"Feature","id":"way/522484455","properties":{"osmId":"522484455","kind":"building","building":"yes","name":"Bloco CY (UFCG)"},"geometry":{"type":"Polygon","coordinates":[[[-35.9068793,-7.2121329],[-35.9064075,-7.2121215],[-35.9064063,-7.2121486],[-35.906404,-7.2122642],[-35.9068758,-7.2122757],[-35.9068793,-7.2121329]]]}},{"type":"Feature","id":"way/522485894","properties":{"osmId":"522485894","kind":"building","building":"yes","name":"Bloco CZ (UFCG)"},"geometry":{"type":"Polygon","coordinates":[[[-35.9062663,-7.2119709],[-35.9062675,-7.2118282],[-35.9068702,-7.2118332],[-35.9068691,-7.2119565],[-35.9064373,-7.2119529],[-35.9064372,-7.2119723],[-35.9062663,-7.2119709]]]}},{"type":"Feature","id":"way/522486631","properties":{"osmId":"522486631","kind":"building","building":"yes","name":"Eng. de Alimentos (UFCG)","name:en":"Food Engineering Laboratory - UFCG"},"geometry":{"type":"Polygon","coordinates":[[[-35.9070307,-7.2116377],[-35.9070264,-7.2114817],[-35.9073474,-7.211473],[-35.9073517,-7.211629],[-35.9070307,-7.2116377]]]}},{"type":"Feature","id":"way/522486833","properties":{"osmId":"522486833","kind":"building","building":"yes","name":"Bloco CZ1 (UFCG)"},"geometry":{"type":"Polygon","coordinates":[[[-35.9068626,-7.2114455],[-35.9066355,-7.2114446],[-35.9066349,-7.2115747],[-35.906862,-7.2115756],[-35.9068626,-7.2114455]]]}},{"type":"Feature","id":"way/522488777","properties":{"osmId":"522488777","kind":"building","building":"yes","name":"Laboratório de Alta Tensão (UFCG)","short_name":"LAT","website":"https://www.lat.dee.ufcg.edu.br/"},"geometry":{"type":"Polygon","coordinates":[[[-35.9092954,-7.2134186],[-35.9092077,-7.2130398],[-35.9090346,-7.2130772],[-35.9089737,-7.2130915],[-35.9090602,-7.2134722],[-35.9092954,-7.2134186]]]}},{"type":"Feature","id":"way/522488856","properties":{"osmId":"522488856","kind":"building","building":"yes"},"geometry":{"type":"Polygon","coordinates":[[[-35.9089737,-7.2130915],[-35.9089214,-7.2128721],[-35.9091993,-7.2128068],[-35.9092256,-7.2129174],[-35.9090086,-7.2129684],[-35.9090346,-7.2130772],[-35.9089737,-7.2130915]]]}},{"type":"Feature","id":"way/522489538","properties":{"osmId":"522489538","kind":"building","building":"yes","name":"Bloco CR (UFCG)"},"geometry":{"type":"Polygon","coordinates":[[[-35.9059505,-7.2142496],[-35.9063369,-7.2142564],[-35.9063332,-7.2144625],[-35.9059468,-7.2144557],[-35.9059505,-7.2142496]]]}},{"type":"Feature","id":"way/522489713","properties":{"osmId":"522489713","kind":"building","building":"yes"},"geometry":{"type":"Polygon","coordinates":[[[-35.9059492,-7.2142149],[-35.9059493,-7.2142487],[-35.9059135,-7.2142487],[-35.9059135,-7.214277],[-35.9058726,-7.2142771],[-35.9058726,-7.214215],[-35.9059492,-7.2142149]]]}},{"type":"Feature","id":"way/522491005","properties":{"osmId":"522491005","kind":"building","building":"yes","name":"Bloco CQ (UFCG)","office":"government"},"geometry":{"type":"Polygon","coordinates":[[[-35.9068503,-7.2142648],[-35.9066933,-7.214261],[-35.9066925,-7.2142937],[-35.9066465,-7.2142926],[-35.9066471,-7.2142711],[-35.9064747,-7.2142669],[-35.9064727,-7.2143469],[-35.9064928,-7.2143474],[-35.9064914,-7.2144068],[-35.9065047,-7.2144071],[-35.9065026,-7.2144884],[-35.9068498,-7.2144969],[-35.9068517,-7.2144209],[-35.9067915,-7.2144195],[-35.9067928,-7.2143666],[-35.9068478,-7.214368],[-35.9068503,-7.2142648]]]}},{"type":"Feature","id":"way/522491319","properties":{"osmId":"522491319","kind":"building","building":"yes","name":"ESTUFA (UFCG)"},"geometry":{"type":"Polygon","coordinates":[[[-35.906617,-7.2145774],[-35.906705,-7.2145769],[-35.906706,-7.2147612],[-35.906618,-7.2147616],[-35.906617,-7.2145774]]]}},{"type":"Feature","id":"way/522491712","properties":{"osmId":"522491712","kind":"building","building":"yes","name":"ESTUFA (UFCG)"},"geometry":{"type":"Polygon","coordinates":[[[-35.9067418,-7.2147586],[-35.906742,-7.214579],[-35.9068345,-7.2145791],[-35.9068343,-7.2147587],[-35.9067418,-7.2147586]]]}},{"type":"Feature","id":"way/522491933","properties":{"osmId":"522491933","kind":"building","building":"yes"},"geometry":{"type":"Polygon","coordinates":[[[-35.9074295,-7.2144482],[-35.9072471,-7.2144477],[-35.9072468,-7.214561],[-35.9074292,-7.2145615],[-35.9074295,-7.2144482]]]}},{"type":"Feature","id":"way/522492468","properties":{"osmId":"522492468","kind":"building","building":"yes","name":"Bloco CK (UFCG)"},"geometry":{"type":"Polygon","coordinates":[[[-35.9075202,-7.2142446],[-35.9072375,-7.2142377],[-35.9072365,-7.2142778],[-35.9072059,-7.2142771],[-35.907207,-7.2142343],[-35.907027,-7.21423],[-35.9070244,-7.2143334],[-35.9075177,-7.2143454],[-35.9075202,-7.2142446]]]}},{"type":"Feature","id":"way/522494214","properties":{"osmId":"522494214","kind":"building","building":"yes","name":"SIASS (UFCG)"},"geometry":{"type":"Polygon","coordinates":[[[-35.9085753,-7.2151508],[-35.9081876,-7.2151395],[-35.9081843,-7.2152484],[-35.908283,-7.2152512],[-35.9082837,-7.2152288],[-35.908307,-7.2152295],[-35.9083062,-7.2152569],[-35.9085164,-7.2152629],[-35.9085168,-7.2152506],[-35.9085226,-7.2152343],[-35.9085366,-7.2152239],[-35.9085565,-7.2152181],[-35.9085733,-7.2152186],[-35.9085753,-7.2151508]]]}},{"type":"Feature","id":"way/522497090","properties":{"osmId":"522497090","kind":"building","building":"yes","name":"Arquivo Setorial (UFCG)"},"geometry":{"type":"Polygon","coordinates":[[[-35.9086369,-7.2153764],[-35.9083669,-7.2153661],[-35.9083635,-7.215455],[-35.9086334,-7.2154654],[-35.9086369,-7.2153764]]]}},{"type":"Feature","id":"way/522497375","properties":{"osmId":"522497375","kind":"building","building":"yes","name":"Bloco AJ1 (UFCG)"},"geometry":{"type":"Polygon","coordinates":[[[-35.9081661,-7.2157277],[-35.9080867,-7.2157274],[-35.9080862,-7.2158519],[-35.9081655,-7.2158522],[-35.9081661,-7.2157277]]]}},{"type":"Feature","id":"way/522497983","properties":{"osmId":"522497983","kind":"building","building":"yes","name":"Bloco AL1 (Centro de Extensão - UFCG)"},"geometry":{"type":"Polygon","coordinates":[[[-35.9082804,-7.2160395],[-35.9081173,-7.2160432],[-35.9080939,-7.2163076],[-35.9083126,-7.216303],[-35.9082804,-7.2160395]]]}},{"type":"Feature","id":"way/522499319","properties":{"osmId":"522499319","kind":"building","building":"yes","name":"Bloco AG (UFCG)"},"geometry":{"type":"Polygon","coordinates":[[[-35.9082892,-7.2158707],[-35.9083613,-7.2158732],[-35.9083573,-7.2159886],[-35.9082852,-7.2159861],[-35.9082892,-7.2158707]]]}},{"type":"Feature","id":"way/523603115","properties":{"osmId":"523603115","kind":"path","highway":"service","service":"parking_aisle"},"geometry":{"type":"LineString","coordinates":[[-35.9097281,-7.2170736],[-35.9094639,-7.2170863],[-35.9092775,-7.2170889],[-35.9091474,-7.217085],[-35.9090133,-7.217081],[-35.9088792,-7.217049],[-35.908792,-7.2170065],[-35.9087508,-7.2169645],[-35.9087463,-7.2169007]]}},{"type":"Feature","id":"way/523604263","properties":{"osmId":"523604263","kind":"path","highway":"service"},"geometry":{"type":"LineString","coordinates":[[-35.9069607,-7.2141825],[-35.906948,-7.2141612],[-35.9069379,-7.2141339],[-35.9069267,-7.2140943],[-35.906936,-7.2139222],[-35.9069447,-7.2137616],[-35.9069721,-7.2125671],[-35.9069835,-7.2116965]]}},{"type":"Feature","id":"way/523610682","properties":{"osmId":"523610682","kind":"path","highway":"service","oneway":"yes","service":"parking_aisle","surface":"sett"},"geometry":{"type":"LineString","coordinates":[[-35.9069267,-7.2140943],[-35.9062962,-7.2140594],[-35.9060226,-7.2140608],[-35.9059509,-7.2140634],[-35.9059207,-7.2140614],[-35.9058932,-7.2140581],[-35.9058765,-7.2140528],[-35.905859,-7.2140435],[-35.9058543,-7.2140295]]}},{"type":"Feature","id":"way/523610683","properties":{"osmId":"523610683","kind":"path","highway":"service","oneway":"yes","service":"parking_aisle","surface":"sett"},"geometry":{"type":"LineString","coordinates":[[-35.9058535,-7.2137536],[-35.9064008,-7.2137561],[-35.9069447,-7.2137616]]}},{"type":"Feature","id":"way/523610684","properties":{"osmId":"523610684","kind":"path","highway":"service"},"geometry":{"type":"LineString","coordinates":[[-35.9058543,-7.2140295],[-35.905855,-7.214001],[-35.9058546,-7.2139064],[-35.9058542,-7.2137895],[-35.9058535,-7.2137536],[-35.9058593,-7.2134319],[-35.9058605,-7.2133673],[-35.9058986,-7.2119839]]}},{"type":"Feature","id":"way/523610685","properties":{"osmId":"523610685","kind":"path","highway":"service"},"geometry":{"type":"LineString","coordinates":[[-35.9058986,-7.2119839],[-35.90592,-7.2118954],[-35.9059462,-7.2118349],[-35.9059717,-7.2117863],[-35.9059911,-7.211755],[-35.9060052,-7.2117324],[-35.9060521,-7.2117278],[-35.9061366,-7.2117244],[-35.9062278,-7.2117228],[-35.9062952,-7.2117178],[-35.906378,-7.2117085]]}},{"type":"Feature","id":"way/523610686","properties":{"osmId":"523610686","kind":"path","highway":"service"},"geometry":{"type":"LineString","coordinates":[[-35.9060052,-7.2117324],[-35.905969,-7.2117291],[-35.9059241,-7.2117158],[-35.9058885,-7.2116978],[-35.9058494,-7.2116679]]}},{"type":"Feature","id":"way/523610687","properties":{"osmId":"523610687","kind":"path","highway":"service","oneway":"no"},"geometry":{"type":"LineString","coordinates":[[-35.906378,-7.2117085],[-35.9064176,-7.2116845],[-35.9064585,-7.2116705],[-35.9065028,-7.2116619],[-35.9065611,-7.2116519],[-35.9066208,-7.2116459],[-35.906716,-7.2116359],[-35.9068152,-7.211626],[-35.9068528,-7.2116286],[-35.9068883,-7.2116393],[-35.9069172,-7.2116618]]}},{"type":"Feature","id":"way/523610688","properties":{"osmId":"523610688","kind":"path","highway":"service"},"geometry":{"type":"LineString","coordinates":[[-35.906378,-7.2117085],[-35.9064102,-7.2117144],[-35.9064665,-7.2117224],[-35.9065115,-7.2117244],[-35.9065732,-7.2117224],[-35.9066496,-7.2117158],[-35.9066918,-7.2117125],[-35.9067475,-7.2117038],[-35.9068072,-7.2116932],[-35.9068635,-7.2116852],[-35.9068957,-7.2116725],[-35.9069172,-7.2116618]]}},{"type":"Feature","id":"way/523610689","properties":{"osmId":"523610689","kind":"path","highway":"service","service":"parking_aisle"},"geometry":{"type":"LineString","coordinates":[[-35.9058605,-7.2133673],[-35.9060491,-7.2133674],[-35.906103,-7.2133573],[-35.9061386,-7.2133392],[-35.9062057,-7.2132605],[-35.906228,-7.2132162]]}},{"type":"Feature","id":"way/523610691","properties":{"osmId":"523610691","kind":"path","highway":"footway"},"geometry":{"type":"LineString","coordinates":[[-35.9076903,-7.2142191],[-35.907686,-7.214095],[-35.9076654,-7.2135177],[-35.907666,-7.213509]]}},{"type":"Feature","id":"way/523610692","properties":{"osmId":"523610692","kind":"path","highway":"footway"},"geometry":{"type":"LineString","coordinates":[[-35.9076348,-7.2141164],[-35.907686,-7.214095],[-35.9082149,-7.2140907],[-35.9084893,-7.2140884],[-35.9084876,-7.2143339]]}},{"type":"Feature","id":"way/523610693","properties":{"osmId":"523610693","kind":"path","highway":"footway"},"geometry":{"type":"LineString","coordinates":[[-35.9084876,-7.2143339],[-35.908525,-7.214364],[-35.9087072,-7.2143664]]}},{"type":"Feature","id":"way/523610694","properties":{"osmId":"523610694","kind":"path","highway":"service","oneway":"yes"},"geometry":{"type":"LineString","coordinates":[[-35.9057035,-7.2137893],[-35.9058542,-7.2137895]]}},{"type":"Feature","id":"way/523610695","properties":{"osmId":"523610695","kind":"path","highway":"service","oneway":"yes"},"geometry":{"type":"LineString","coordinates":[[-35.905855,-7.214001],[-35.9056994,-7.2140009]]}},{"type":"Feature","id":"way/523610696","properties":{"osmId":"523610696","kind":"building","building":"yes"},"geometry":{"type":"Polygon","coordinates":[[[-35.9058344,-7.2138175],[-35.9057838,-7.2138159],[-35.9057819,-7.2138765],[-35.9058324,-7.2138781],[-35.9058344,-7.2138175]]]}},{"type":"Feature","id":"way/523616047","properties":{"osmId":"523616047","kind":"path","highway":"footway"},"geometry":{"type":"LineString","coordinates":[[-35.9084893,-7.2140884],[-35.9084918,-7.2135014],[-35.9082215,-7.2135021],[-35.9076692,-7.213508],[-35.907666,-7.213509]]}},{"type":"Feature","id":"way/523616048","properties":{"osmId":"523616048","kind":"path","highway":"service","oneway":"no"},"geometry":{"type":"LineString","coordinates":[[-35.9096063,-7.2142839],[-35.9096152,-7.2143149],[-35.9096273,-7.2143409],[-35.9096445,-7.2143601],[-35.9096703,-7.2143849],[-35.9096874,-7.2144081],[-35.9096977,-7.2144347],[-35.909703,-7.2144744],[-35.9097066,-7.2145164],[-35.9097129,-7.2148956],[-35.9097121,-7.2154312],[-35.9097129,-7.2155536],[-35.9097118,-7.2156156]]}},{"type":"Feature","id":"way/523616050","properties":{"osmId":"523616050","kind":"path","highway":"service","service":"parking_aisle"},"geometry":{"type":"LineString","coordinates":[[-35.9087463,-7.2169007],[-35.9088068,-7.2168774],[-35.9090495,-7.2168827],[-35.9097245,-7.2168804]]}},{"type":"Feature","id":"way/523616052","properties":{"osmId":"523616052","kind":"area","amenity":"parking","name":"Estacionamento - Setor A"},"geometry":{"type":"Polygon","coordinates":[[[-35.9095885,-7.2160353],[-35.9087099,-7.2160372],[-35.9087073,-7.2165106],[-35.9095672,-7.2165073],[-35.9095634,-7.2164961],[-35.9095655,-7.2164888],[-35.9095719,-7.2164868],[-35.9095957,-7.2164856],[-35.9095892,-7.2163601],[-35.9095886,-7.2160853],[-35.9095883,-7.2160539],[-35.9095885,-7.2160353]]]}},{"type":"Feature","id":"way/523616056","properties":{"osmId":"523616056","kind":"path","highway":"service","oneway":"yes","service":"parking_aisle"},"geometry":{"type":"LineString","coordinates":[[-35.9097187,-7.2164643],[-35.9096124,-7.2164636],[-35.9087893,-7.216427],[-35.9087686,-7.2164051],[-35.9087645,-7.2163771],[-35.9087618,-7.2163392],[-35.9087572,-7.2162714],[-35.9087612,-7.2161902],[-35.9087779,-7.2161576],[-35.9088041,-7.2161403],[-35.9088457,-7.2161363],[-35.909142,-7.2161416],[-35.9096003,-7.2161428],[-35.9097161,-7.216139]]}},{"type":"Feature","id":"way/523616058","properties":{"osmId":"523616058","kind":"path","highway":"service","oneway":"yes","service":"parking_aisle"},"geometry":{"type":"LineString","coordinates":[[-35.909718,-7.2163811],[-35.9096436,-7.2163352]]}},{"type":"Feature","id":"way/523616060","properties":{"osmId":"523616060","kind":"area","amenity":"parking","name":"Estacionamento - Setor C"},"geometry":{"type":"Polygon","coordinates":[[[-35.9097064,-7.2155919],[-35.9087302,-7.2155999],[-35.9087289,-7.2154421],[-35.9087763,-7.2154073],[-35.9097048,-7.2153998],[-35.9097059,-7.215518],[-35.9097064,-7.2155919]]]}},{"type":"Feature","id":"way/523616064","properties":{"osmId":"523616064","kind":"path","highway":"footway"},"geometry":{"type":"LineString","coordinates":[[-35.9086955,-7.2146896],[-35.9087019,-7.2145121],[-35.9087072,-7.2143664],[-35.9087073,-7.214363],[-35.9087158,-7.2135113]]}},{"type":"Feature","id":"way/523616065","properties":{"osmId":"523616065","kind":"path","highway":"footway"},"geometry":{"type":"LineString","coordinates":[[-35.9087073,-7.214363],[-35.9088816,-7.2143662],[-35.9089465,-7.2144147]]}},{"type":"Feature","id":"way/523616067","properties":{"osmId":"523616067","kind":"path","highway":"footway"},"geometry":{"type":"LineString","coordinates":[[-35.9088816,-7.2143662],[-35.9088415,-7.2145813],[-35.9088013,-7.2146917],[-35.9087518,-7.2148236],[-35.9087116,-7.2149094],[-35.9086824,-7.2149473]]}},{"type":"Feature","id":"way/523616069","properties":{"osmId":"523616069","kind":"path","highway":"footway","lit":"yes"},"geometry":{"type":"LineString","coordinates":[[-35.9087463,-7.2169007],[-35.9086829,-7.2168631],[-35.9086784,-7.2164714],[-35.9086784,-7.2164303],[-35.9086716,-7.2160638],[-35.9086768,-7.21562],[-35.9086797,-7.2153557],[-35.9086802,-7.2152164],[-35.9086802,-7.2151273]]}},{"type":"Feature","id":"way/523616071","properties":{"osmId":"523616071","kind":"path","highway":"service","surface":"sett"},"geometry":{"type":"LineString","coordinates":[[-35.9093593,-7.2127642],[-35.909193,-7.2127543],[-35.9090384,-7.2127461],[-35.9089246,-7.2127428],[-35.9088269,-7.2127343],[-35.9088336,-7.2129511],[-35.9088309,-7.2132239],[-35.9088175,-7.213506],[-35.9088309,-7.2135472],[-35.9088537,-7.2135658],[-35.908906,-7.2135778],[-35.9089932,-7.2135831],[-35.9091192,-7.2135831],[-35.9092359,-7.2135831],[-35.9092909,-7.2135964],[-35.9093218,-7.2136137],[-35.9093553,-7.2136523],[-35.9094331,-7.2137654],[-35.9094827,-7.2138745],[-35.9095323,-7.2139876],[-35.9095685,-7.2140807],[-35.9096063,-7.2142839]]}},{"type":"Feature","id":"way/523616073","properties":{"osmId":"523616073","kind":"path","highway":"service"},"geometry":{"type":"LineString","coordinates":[[-35.9088269,-7.2127343],[-35.9088323,-7.2125573],[-35.9088323,-7.2122433],[-35.9088309,-7.2120724],[-35.9088329,-7.2120145],[-35.9088343,-7.2119732],[-35.9088309,-7.2119333]]}},{"type":"Feature","id":"way/523620012","properties":{"osmId":"523620012","kind":"path","highway":"service","service":"parking_aisle"},"geometry":{"type":"LineString","coordinates":[[-35.9091474,-7.217085],[-35.9090938,-7.2169938],[-35.9090649,-7.2169499],[-35.9090532,-7.216914],[-35.9090495,-7.2168827]]}},{"type":"Feature","id":"way/523620013","properties":{"osmId":"523620013","kind":"path","highway":"footway","lit":"yes"},"geometry":{"type":"LineString","coordinates":[[-35.9086768,-7.21562],[-35.9091408,-7.2156248],[-35.9095973,-7.2156155]]}},{"type":"Feature","id":"way/523620014","properties":{"osmId":"523620014","kind":"path","highway":"living_street"},"geometry":{"type":"LineString","coordinates":[[-35.9120898,-7.2162873],[-35.9121749,-7.2162401],[-35.9123392,-7.2162587],[-35.9124619,-7.2162754],[-35.9125216,-7.2162973],[-35.9125639,-7.2163279],[-35.912586,-7.2163612],[-35.9126262,-7.2164377],[-35.9126497,-7.2165288]]}},{"type":"Feature","id":"way/523629144","properties":{"osmId":"523629144","kind":"building","building":"yes","name":"Bloco CH (UFCG)"},"geometry":{"type":"Polygon","coordinates":[[[-35.9112024,-7.216465],[-35.911237,-7.2166805],[-35.9112581,-7.2166786],[-35.9112655,-7.2167579],[-35.9113995,-7.2167457],[-35.9113904,-7.2166475],[-35.9113583,-7.2166505],[-35.9113544,-7.2166086],[-35.9113498,-7.2166009],[-35.9113428,-7.2165968],[-35.9113334,-7.2165946],[-35.9113071,-7.216597],[-35.9113089,-7.2165496],[-35.9114448,-7.2165282],[-35.9114363,-7.2164363],[-35.9112024,-7.216465]]]}},{"type":"Feature","id":"way/523629145","properties":{"osmId":"523629145","kind":"building","building":"yes","name":"Bloco BG (UFCG)"},"geometry":{"type":"Polygon","coordinates":[[[-35.9115989,-7.2157681],[-35.9107108,-7.2159692],[-35.9107247,-7.2160505],[-35.9116182,-7.2158521],[-35.9115989,-7.2157681]]]}},{"type":"Feature","id":"way/523629146","properties":{"osmId":"523629146","kind":"building","building":"yes","name":"Bloco BD (UFCG)"},"geometry":{"type":"Polygon","coordinates":[[[-35.9111683,-7.2161686],[-35.9107745,-7.2162197],[-35.9107868,-7.2163128],[-35.9111806,-7.2162617],[-35.9111683,-7.2161686]]]}},{"type":"Feature","id":"way/523629147","properties":{"osmId":"523629147","kind":"building","building":"yes","name":"Bloco BV (UFCG)"},"geometry":{"type":"Polygon","coordinates":[[[-35.9115663,-7.2161042],[-35.9112991,-7.2161321],[-35.911312,-7.2162534],[-35.911396,-7.2162446],[-35.9113999,-7.2162807],[-35.9115455,-7.2162655],[-35.9115423,-7.2162352],[-35.9115798,-7.2162313],[-35.9115663,-7.2161042]]]}},{"type":"Feature","id":"way/523629148","properties":{"osmId":"523629148","kind":"building","building":"yes","name":"Centro de Humanidade (UFCG)"},"geometry":{"type":"Polygon","coordinates":[[[-35.9105764,-7.2166265],[-35.910222,-7.2166795],[-35.9102388,-7.2168048],[-35.9105919,-7.2167571],[-35.9105764,-7.2166265]]]}},{"type":"Feature","id":"way/523629149","properties":{"osmId":"523629149","kind":"building","building":"yes","name":"Centro de Humanidade (UFCG)"},"geometry":{"type":"Polygon","coordinates":[[[-35.9106333,-7.2167255],[-35.9106569,-7.2167221],[-35.9106735,-7.2168368],[-35.9104013,-7.2168757],[-35.910395,-7.216832],[-35.9106436,-7.2167964],[-35.9106333,-7.2167255]]]}},{"type":"Feature","id":"way/523629150","properties":{"osmId":"523629150","kind":"building","building":"yes","name":"Bloco BA (UFCG)"},"geometry":{"type":"Polygon","coordinates":[[[-35.9106335,-7.2165974],[-35.9106233,-7.2165272],[-35.9098601,-7.2166362],[-35.9098703,-7.2167064],[-35.9106335,-7.2165974]]]}},{"type":"Feature","id":"way/523629151","properties":{"osmId":"523629151","kind":"building","building":"yes","name":"Central de Línguas (UFCG)"},"geometry":{"type":"Polygon","coordinates":[[[-35.9101375,-7.2166972],[-35.9099931,-7.2167212],[-35.9100069,-7.2168027],[-35.9101513,-7.2167787],[-35.9101375,-7.2166972]]]}},{"type":"Feature","id":"way/523638453","properties":{"osmId":"523638453","kind":"building","building":"yes","name":"Bloco BU (UFCG)"},"geometry":{"type":"Polygon","coordinates":[[[-35.9101945,-7.2149481],[-35.9100932,-7.2149469],[-35.9100935,-7.2149159],[-35.910036,-7.2149153],[-35.9100357,-7.2149419],[-35.9098506,-7.2149398],[-35.9098494,-7.2150489],[-35.9101934,-7.2150527],[-35.9101945,-7.2149481]]]}},{"type":"Feature","id":"way/523638456","properties":{"osmId":"523638456","kind":"building","building":"yes","name":"Bloco BT (UFCG)"},"geometry":{"type":"Polygon","coordinates":[[[-35.91021,-7.2150819],[-35.9098401,-7.2150799],[-35.9098395,-7.2152001],[-35.9102093,-7.2152021],[-35.91021,-7.2150819]]]}},{"type":"Feature","id":"way/523638458","properties":{"osmId":"523638458","kind":"building","building":"yes","name":"Bloco BS (UFCG)"},"geometry":{"type":"Polygon","coordinates":[[[-35.9102044,-7.215229],[-35.9098365,-7.2152285],[-35.9098364,-7.215342],[-35.9102043,-7.2153425],[-35.9102044,-7.215229]]]}},{"type":"Feature","id":"way/523638459","properties":{"osmId":"523638459","kind":"building","building":"yes","name":"Bloco BR (UFCG)"},"geometry":{"type":"Polygon","coordinates":[[[-35.9101965,-7.215401],[-35.9101972,-7.2155771],[-35.9098347,-7.2155785],[-35.909834,-7.2154023],[-35.9101965,-7.215401]]]}},{"type":"Feature","id":"way/523638461","properties":{"osmId":"523638461","kind":"building","building":"yes","name":"Bloco BQ (UFCG)"},"geometry":{"type":"Polygon","coordinates":[[[-35.9102028,-7.215667],[-35.9102016,-7.2157804],[-35.9098318,-7.2157763],[-35.909833,-7.2156629],[-35.9102028,-7.215667]]]}},{"type":"Feature","id":"way/523638462","properties":{"osmId":"523638462","kind":"building","building":"yes","name":"Bloco BP (UFCG)"},"geometry":{"type":"Polygon","coordinates":[[[-35.910203,-7.2158335],[-35.9098325,-7.2158354],[-35.9098331,-7.2159534],[-35.9102036,-7.2159516],[-35.910203,-7.2158335]]]}},{"type":"Feature","id":"way/523638464","properties":{"osmId":"523638464","kind":"building","building":"yes","name":"Bloko BK1 (UFCG)"},"geometry":{"type":"Polygon","coordinates":[[[-35.9103976,-7.2157964],[-35.9103002,-7.2157992],[-35.9103029,-7.2158939],[-35.9104003,-7.2158912],[-35.9103976,-7.2157964]]]}},{"type":"Feature","id":"way/523638465","properties":{"osmId":"523638465","kind":"building","building":"yes","name":"Bloco BK (UFCG)"},"geometry":{"type":"Polygon","coordinates":[[[-35.9103324,-7.2156578],[-35.9103303,-7.21577],[-35.9107008,-7.2157766],[-35.9107028,-7.2156644],[-35.9103324,-7.2156578]]]}},{"type":"Feature","id":"way/523638467","properties":{"osmId":"523638467","kind":"building","building":"yes","name":"Bloco BL (UFCG)"},"geometry":{"type":"Polygon","coordinates":[[[-35.9107093,-7.2155199],[-35.9103428,-7.2155169],[-35.9103418,-7.2156311],[-35.9107084,-7.215634],[-35.9107093,-7.2155199]]]}},{"type":"Feature","id":"way/523638468","properties":{"osmId":"523638468","kind":"building","building":"yes","name":"Bloco BM (UFCG)"},"geometry":{"type":"Polygon","coordinates":[[[-35.9106559,-7.2153739],[-35.9103038,-7.2153749],[-35.9103041,-7.2154945],[-35.9106563,-7.2154936],[-35.9106559,-7.2153739]]]}},{"type":"Feature","id":"way/523638470","properties":{"osmId":"523638470","kind":"building","building":"yes","name":"Bloco BN (UFCG)"},"geometry":{"type":"Polygon","coordinates":[[[-35.9106736,-7.2152312],[-35.9102983,-7.2152349],[-35.9102995,-7.2153492],[-35.9106747,-7.2153454],[-35.9106736,-7.2152312]]]}},{"type":"Feature","id":"way/523638471","properties":{"osmId":"523638471","kind":"building","building":"yes","name":"Bloco BO (UFCG)"},"geometry":{"type":"Polygon","coordinates":[[[-35.9106699,-7.2150835],[-35.910529,-7.2150836],[-35.9105142,-7.2150665],[-35.9104748,-7.2150661],[-35.9104572,-7.2150805],[-35.9103036,-7.2150806],[-35.9103036,-7.2152001],[-35.9106699,-7.2152],[-35.9106699,-7.2150835]]]}},{"type":"Feature","id":"way/523638473","properties":{"osmId":"523638473","kind":"building","building":"yes","name":"Unidade de coleta CONTRAMARE"},"geometry":{"type":"Polygon","coordinates":[[[-35.9105558,-7.215034],[-35.9105558,-7.2149396],[-35.910313,-7.2149395],[-35.910313,-7.2150339],[-35.9105558,-7.215034]]]}},{"type":"Feature","id":"way/523638474","properties":{"osmId":"523638474","kind":"building","building":"yes","name":"Bloco BH (UFCG)","website":"https://peasa.ufcg.edu.br/"},"geometry":{"type":"Polygon","coordinates":[[[-35.9113088,-7.2154203],[-35.911207,-7.2154266],[-35.911223,-7.2156795],[-35.9113249,-7.2156731],[-35.9113088,-7.2154203]]]}},{"type":"Feature","id":"way/523638476","properties":{"osmId":"523638476","kind":"building","building":"yes","name":"Bloco BX (UFCG)","website":"www.lablibras.ufcg.edu.br"},"geometry":{"type":"Polygon","coordinates":[[[-35.9111579,-7.2153688],[-35.9111573,-7.2152587],[-35.9108458,-7.2152604],[-35.9108465,-7.2153705],[-35.9111579,-7.2153688]]]}},{"type":"Feature","id":"way/523638477","properties":{"osmId":"523638477","kind":"building","building":"yes","name":"Bloco BI (UFCG)"},"geometry":{"type":"Polygon","coordinates":[[[-35.9111603,-7.215426],[-35.91116,-7.2155413],[-35.9108327,-7.2155406],[-35.910833,-7.2154252],[-35.9111603,-7.215426]]]}},{"type":"Feature","id":"way/523638478","properties":{"osmId":"523638478","kind":"building","building":"yes","name":"Bloco BJ (UFCG)"},"geometry":{"type":"Polygon","coordinates":[[[-35.9111602,-7.2155772],[-35.9108317,-7.2155721],[-35.9108299,-7.2156876],[-35.9111584,-7.2156927],[-35.9111602,-7.2155772]]]}},{"type":"Feature","id":"way/523638480","properties":{"osmId":"523638480","kind":"path","highway":"service","surface":"sett"},"geometry":{"type":"LineString","coordinates":[[-35.9107688,-7.2158942],[-35.9107555,-7.2151534]]}},{"type":"Feature","id":"way/523638481","properties":{"osmId":"523638481","kind":"path","highway":"service","surface":"sett"},"geometry":{"type":"LineString","coordinates":[[-35.91029,-7.2159847],[-35.9102491,-7.2146741]]}},{"type":"Feature","id":"way/523638483","properties":{"osmId":"523638483","kind":"building","building":"yes","name":"Bloco BZ (Central de Aula - UFCG)"},"geometry":{"type":"Polygon","coordinates":[[[-35.9117178,-7.2159795],[-35.9117444,-7.2158127],[-35.911895,-7.2158363],[-35.9118893,-7.2158722],[-35.9119992,-7.2158894],[-35.9120049,-7.2158533],[-35.9120777,-7.2158647],[-35.9120511,-7.2160318],[-35.9117178,-7.2159795]]]}},{"type":"Feature","id":"way/523638484","properties":{"osmId":"523638484","kind":"building","building":"yes","name":"Bloco BW1 (UFCG)"},"geometry":{"type":"Polygon","coordinates":[[[-35.9119967,-7.2160925],[-35.9117787,-7.2160644],[-35.9117632,-7.2161833],[-35.9119812,-7.2162114],[-35.9119967,-7.2160925]]]}},{"type":"Feature","id":"way/523638487","properties":{"osmId":"523638487","kind":"building","building":"yes","name":"LABINF (UFCG)"},"geometry":{"type":"Polygon","coordinates":[[[-35.9121779,-7.2158822],[-35.9121697,-7.2159327],[-35.912153,-7.21593],[-35.9121479,-7.2159617],[-35.9121631,-7.2159642],[-35.912158,-7.2159958],[-35.9122327,-7.2160078],[-35.9122512,-7.2158939],[-35.9121779,-7.2158822]]]}},{"type":"Feature","id":"way/523638488","properties":{"osmId":"523638488","kind":"building","building":"yes","name":"Bloco BF (UFCG)"},"geometry":{"type":"Polygon","coordinates":[[[-35.9121337,-7.2160607],[-35.912112,-7.2161898],[-35.9122288,-7.2162091],[-35.9122384,-7.2161521],[-35.912413,-7.216181],[-35.9124327,-7.2160637],[-35.9122243,-7.2160291],[-35.9122166,-7.2160745],[-35.9121337,-7.2160607]]]}},{"type":"Feature","id":"way/523638490","properties":{"osmId":"523638490","kind":"building","building":"yes","name":"Bloco BF2 (UFCG)"},"geometry":{"type":"Polygon","coordinates":[[[-35.912478,-7.2164255],[-35.9121688,-7.2163768],[-35.9121488,-7.2165023],[-35.912458,-7.2165509],[-35.912478,-7.2164255]]]}},{"type":"Feature","id":"way/523638491","properties":{"osmId":"523638491","kind":"building","building":"yes"},"geometry":{"type":"Polygon","coordinates":[[[-35.9123343,-7.216563],[-35.9122632,-7.2165546],[-35.9122343,-7.2167977],[-35.9123053,-7.2168061],[-35.9123227,-7.2166664],[-35.9123343,-7.216563]]]}},{"type":"Feature","id":"way/523638493","properties":{"osmId":"523638493","kind":"building","building":"yes","name":"Unidade Acadêmica de Arte e Mídia (UAAMI)"},"geometry":{"type":"Polygon","coordinates":[[[-35.9121258,-7.2163575],[-35.9116854,-7.2162875],[-35.9116496,-7.2165093],[-35.9118228,-7.2165368],[-35.9118295,-7.2164957],[-35.9119453,-7.2165141],[-35.9119494,-7.2164885],[-35.9121008,-7.2165126],[-35.9121258,-7.2163575]]]}},{"type":"Feature","id":"way/523638494","properties":{"osmId":"523638494","kind":"building","building":"yes"},"geometry":{"type":"Polygon","coordinates":[[[-35.912193,-7.2166493],[-35.9122039,-7.2167854],[-35.9121478,-7.2167898],[-35.9121363,-7.2166547],[-35.912193,-7.2166493]]]}},{"type":"Feature","id":"way/523638496","properties":{"osmId":"523638496","kind":"building","building":"yes","name":"Bloco BE (UFCG)"},"geometry":{"type":"Polygon","coordinates":[[[-35.912193,-7.2166493],[-35.9121842,-7.2165588],[-35.9121275,-7.2165642],[-35.9121362,-7.2166344],[-35.9121363,-7.2166547],[-35.912193,-7.2166493]]]}},{"type":"Feature","id":"way/523638497","properties":{"osmId":"523638497","kind":"building","building":"yes","name":"Bloco BE (UFCG)"},"geometry":{"type":"Polygon","coordinates":[[[-35.9121275,-7.2165642],[-35.9118932,-7.216593],[-35.9119012,-7.2166625],[-35.9121362,-7.2166344],[-35.9121275,-7.2165642]]]}},{"type":"Feature","id":"way/523638499","properties":{"osmId":"523638499","kind":"building","building":"yes","name":"Bloco BE (UFCG)"},"geometry":{"type":"Polygon","coordinates":[[[-35.9119012,-7.2166625],[-35.9118897,-7.2165821],[-35.9117804,-7.2165956],[-35.9117849,-7.2166395],[-35.911799,-7.216638],[-35.9118028,-7.216675],[-35.9119012,-7.2166625]]]}},{"type":"Feature","id":"way/523638500","properties":{"osmId":"523638500","kind":"building","building":"yes","name":"Bloco BE (UFCG)"},"geometry":{"type":"Polygon","coordinates":[[[-35.911799,-7.216638],[-35.9117849,-7.2166395],[-35.9117804,-7.2165956],[-35.9117776,-7.2165686],[-35.9116486,-7.2165817],[-35.9116609,-7.2167009],[-35.911804,-7.2166864],[-35.9118028,-7.216675],[-35.911799,-7.216638]]]}},{"type":"Feature","id":"way/523638502","properties":{"osmId":"523638502","kind":"building","building":"yes"},"geometry":{"type":"Polygon","coordinates":[[[-35.9117429,-7.2167189],[-35.9116001,-7.2167338],[-35.9116081,-7.2168088],[-35.9117508,-7.216794],[-35.9117429,-7.2167189]]]}},{"type":"Feature","id":"way/523638503","properties":{"osmId":"523638503","kind":"building","amenity":"childcare","building":"yes","name":"Creche"},"geometry":{"type":"Polygon","coordinates":[[[-35.9119138,-7.2166841],[-35.9119206,-7.2167366],[-35.9118108,-7.2167507],[-35.9118039,-7.2166982],[-35.9119138,-7.2166841]]]}},{"type":"Feature","id":"way/523638505","properties":{"osmId":"523638505","kind":"building","building":"yes","name":"Museu do Semi-árido (UFCG)"},"geometry":{"type":"Polygon","coordinates":[[[-35.9125659,-7.2166173],[-35.9125593,-7.2166681],[-35.912539,-7.2166655],[-35.9125362,-7.2166871],[-35.9124903,-7.2166812],[-35.9124759,-7.2167793],[-35.9123365,-7.216763],[-35.9123338,-7.2166304],[-35.9123808,-7.2166356],[-35.9123862,-7.2165943],[-35.9125659,-7.2166173]]]}},{"type":"Feature","id":"way/523987158","properties":{"osmId":"523987158","kind":"building","building":"yes"},"geometry":{"type":"Polygon","coordinates":[[[-35.9081519,-7.2167586],[-35.9081052,-7.2167595],[-35.9081066,-7.2168336],[-35.9081533,-7.2168328],[-35.9081519,-7.2167586]]]}},{"type":"Feature","id":"way/523987159","properties":{"osmId":"523987159","kind":"building","building":"yes"},"geometry":{"type":"Polygon","coordinates":[[[-35.9083302,-7.2167856],[-35.9082596,-7.2167831],[-35.9081915,-7.216779],[-35.9081896,-7.2168329],[-35.9083289,-7.2168377],[-35.9083302,-7.2167856]]]}},{"type":"Feature","id":"way/523988998","properties":{"osmId":"523988998","kind":"building","amenity":"restaurant","building":"yes","name":"Praça de Alimentação (UFCG)","opening_hours":"Mo-Sa 07:00-19:00"},"geometry":{"type":"Polygon","coordinates":[[[-35.9105777,-7.2160178],[-35.9106273,-7.216349],[-35.9105241,-7.2163642],[-35.9104752,-7.2160343],[-35.9105777,-7.2160178]]]}},{"type":"Feature","id":"way/524312145","properties":{"osmId":"524312145","kind":"building","building":"yes","name":"Bloco BV1 (UFCG)"},"geometry":{"type":"Polygon","coordinates":[[[-35.9113188,-7.2160179],[-35.9113294,-7.2161181],[-35.9115819,-7.2160918],[-35.9115713,-7.2159916],[-35.9113188,-7.2160179]]]}},{"type":"Feature","id":"way/524328904","properties":{"osmId":"524328904","kind":"building","building":"yes","name":"Praça das Profissões"},"geometry":{"type":"Polygon","coordinates":[[[-35.9086914,-7.2137791],[-35.9085277,-7.2137765],[-35.9085253,-7.2139292],[-35.9086889,-7.2139318],[-35.9086914,-7.2137791]]]}},{"type":"Feature","id":"way/524425927","properties":{"osmId":"524425927","kind":"building","building":"yes","name":"Alojamaneto - Campo de Futebol (UFCG)"},"geometry":{"type":"Polygon","coordinates":[[[-35.9073011,-7.2160837],[-35.9073658,-7.2161047],[-35.9073007,-7.2163022],[-35.9072359,-7.2162811],[-35.9073011,-7.2160837]]]}},{"type":"Feature","id":"way/524653896","properties":{"osmId":"524653896","kind":"building","building":"yes","name":"Bloco AH (Posto Médico - UFCG)"},"geometry":{"type":"Polygon","coordinates":[[[-35.9086323,-7.2157665],[-35.9085085,-7.2157635],[-35.9085062,-7.2158566],[-35.90863,-7.2158596],[-35.9086323,-7.2157665]]]}},{"type":"Feature","id":"way/524653897","properties":{"osmId":"524653897","kind":"building","building":"yes","name":"Bloco CA1 (UFCG)"},"geometry":{"type":"Polygon","coordinates":[[[-35.9095212,-7.214267],[-35.9093011,-7.2142647],[-35.9092998,-7.2143814],[-35.90952,-7.2143837],[-35.9095212,-7.214267]]]}},{"type":"Feature","id":"way/524653898","properties":{"osmId":"524653898","kind":"building","building":"yes","name":"ESTUFA (UFCG)"},"geometry":{"type":"Polygon","coordinates":[[[-35.906564,-7.2145651],[-35.9065635,-7.2147513],[-35.9062679,-7.2147505],[-35.9062684,-7.2145643],[-35.906564,-7.2145651]]]}},{"type":"Feature","id":"way/543873254","properties":{"osmId":"543873254","kind":"area","boat":"permissive","description":"Lago da UFCG que serve para armazenamento de águas oriundas da chuva e ainda recebe águas de alguns afluentes, como por exemplo o Rio das Piabas que nasce Mata do Louzeiro","intermittent":"no","name":"Lago da UFCG","natural":"water","water":"lake"},"geometry":{"type":"Polygon","coordinates":[[[-35.9094556,-7.2145183],[-35.909419,-7.2145323],[-35.9093788,-7.2145456],[-35.9093521,-7.2145408],[-35.9093265,-7.2145296],[-35.9093108,-7.2145023],[-35.9092942,-7.2144904],[-35.9092701,-7.2144829],[-35.9091075,-7.2144752],[-35.9090876,-7.2144833],[-35.9090694,-7.2145103],[-35.9090479,-7.2145609],[-35.9090453,-7.2146247],[-35.9090345,-7.2146673],[-35.9090318,-7.2147258],[-35.9090238,-7.2147711],[-35.909005,-7.2148083],[-35.9090023,-7.2148615],[-35.9089836,-7.2149015],[-35.9089836,-7.2149334],[-35.9089648,-7.2149733],[-35.9088468,-7.2149893],[-35.9088119,-7.2150159],[-35.9088012,-7.2150505],[-35.9087797,-7.2150771],[-35.9087792,-7.2150876],[-35.9087824,-7.2151862],[-35.9088039,-7.2152314],[-35.9088414,-7.2153033],[-35.9088897,-7.2153219],[-35.9089273,-7.2153352],[-35.9089647,-7.2153419],[-35.9090117,-7.2153485],[-35.909072,-7.2153472],[-35.9091585,-7.2153425],[-35.9092362,-7.2153158],[-35.9094529,-7.2151915],[-35.909551,-7.2151773],[-35.909587,-7.2151695],[-35.9096191,-7.2151558],[-35.9096298,-7.215148],[-35.9096393,-7.2151325],[-35.9096424,-7.2151197],[-35.90964,-7.2150956],[-35.9096358,-7.2150748],[-35.9096239,-7.2150584],[-35.909604,-7.2150382],[-35.9095815,-7.2150158],[-35.9096023,-7.2149815],[-35.9096106,-7.2147094],[-35.9096,-7.2146423],[-35.9095996,-7.2146214],[-35.9095995,-7.2145357],[-35.9095601,-7.2145144],[-35.9095279,-7.2145038],[-35.9094902,-7.2145048],[-35.9094556,-7.2145183]]]}},{"type":"Feature","id":"way/544664987","properties":{"osmId":"544664987","kind":"path","bicycle":"no","highway":"footway","horse":"no","lit":"yes","surface":"paving_stones"},"geometry":{"type":"LineString","coordinates":[[-35.9097196,-7.2165704],[-35.9100144,-7.2165255],[-35.9106213,-7.216435]]}},{"type":"Feature","id":"way/544664991","properties":{"osmId":"544664991","kind":"building","amenity":"food_court","building":"yes","name":"Praça de alimentação (UFCG)","opening_hours":"Mo-Sa 07:00-19:00+"},"geometry":{"type":"Polygon","coordinates":[[[-35.9106323,-7.2163563],[-35.9105741,-7.2159525],[-35.9106894,-7.2159325],[-35.9107641,-7.2163391],[-35.9106323,-7.2163563]]]}},{"type":"Feature","id":"way/544664995","properties":{"osmId":"544664995","kind":"building","building":"yes","check_date:opening_hours":"2025-03-17","name:signed":"no","opening_hours:signed":"no","shop":"copyshop"},"geometry":{"type":"Polygon","coordinates":[[[-35.9109143,-7.2160153],[-35.9109228,-7.2161161],[-35.9108208,-7.2161294],[-35.9108078,-7.2160399],[-35.9109143,-7.2160153]]]}},{"type":"Feature","id":"way/544664996","properties":{"osmId":"544664996","kind":"path","highway":"footway"},"geometry":{"type":"LineString","coordinates":[[-35.9086784,-7.2164714],[-35.9095294,-7.2164744]]}},{"type":"Feature","id":"way/544664998","properties":{"osmId":"544664998","kind":"area","leisure":"park","name":"Praça Mural das Flores"},"geometry":{"type":"Polygon","coordinates":[[[-35.9096644,-7.216482],[-35.9095957,-7.2164856],[-35.9095719,-7.2164868],[-35.9095655,-7.2164888],[-35.9095634,-7.2164961],[-35.9095672,-7.2165073],[-35.9095739,-7.2165119],[-35.9095775,-7.2166506],[-35.9096764,-7.2166522],[-35.9096834,-7.2165057],[-35.9096782,-7.216492],[-35.9096644,-7.216482]]]}},{"type":"Feature","id":"way/544664999","properties":{"osmId":"544664999","kind":"area","amenity":"parking"},"geometry":{"type":"Polygon","coordinates":[[[-35.9096999,-7.2168561],[-35.909704,-7.2171129],[-35.9090535,-7.2171142],[-35.9088537,-7.2170637],[-35.9087612,-7.2170357],[-35.9087089,-7.2169838],[-35.9086807,-7.2169306],[-35.90867,-7.2168388],[-35.9096999,-7.2168561]]]}},{"type":"Feature","id":"way/544665001","properties":{"osmId":"544665001","kind":"area","access":"yes","amenity":"parking","fee":"no","parking":"surface"},"geometry":{"type":"Polygon","coordinates":[[[-35.9102495,-7.2159631],[-35.9103152,-7.2163902],[-35.9099808,-7.2164525],[-35.9098944,-7.2160377],[-35.9102495,-7.2159631]]]}},{"type":"Feature","id":"way/544669837","properties":{"osmId":"544669837","kind":"area","leisure":"park","name":"Praça Pedra do Sapo"},"geometry":{"type":"Polygon","coordinates":[[[-35.9099155,-7.21644],[-35.909767,-7.2164573],[-35.9097672,-7.2165428],[-35.9099307,-7.2165248],[-35.9099155,-7.21644]]]}},{"type":"Feature","id":"way/544669838","properties":{"osmId":"544669838","kind":"building","building":"yes","leisure":"sports_centre"},"geometry":{"type":"Polygon","coordinates":[[[-35.907793,-7.216603],[-35.9073652,-7.2164899],[-35.9074913,-7.2160801],[-35.9079231,-7.2162038],[-35.907793,-7.216603]]]}},{"type":"Feature","id":"way/544669840","properties":{"osmId":"544669840","kind":"path","highway":"footway"},"geometry":{"type":"LineString","coordinates":[[-35.9116382,-7.2163742],[-35.9112259,-7.2164061]]}},{"type":"Feature","id":"way/544669841","properties":{"osmId":"544669841","kind":"area","leisure":"park","name":"Praça das Humanidades"},"geometry":{"type":"Polygon","coordinates":[[[-35.9109059,-7.2160208],[-35.910929,-7.2161915],[-35.9111667,-7.2161598],[-35.9111835,-7.2162832],[-35.9107641,-7.2163391],[-35.9106323,-7.2163563],[-35.9103207,-7.2163968],[-35.9103391,-7.2165351],[-35.9106254,-7.2164958],[-35.910682,-7.2168462],[-35.9108479,-7.2168241],[-35.9108359,-7.2167212],[-35.9111627,-7.2166765],[-35.9111467,-7.2165611],[-35.9108125,-7.2166068],[-35.9107949,-7.2164803],[-35.9112174,-7.2164226],[-35.9112145,-7.2164014],[-35.9113888,-7.2163778],[-35.91137,-7.2162407],[-35.9112859,-7.2162521],[-35.9112634,-7.2160879],[-35.9112931,-7.216084],[-35.9112778,-7.2159711],[-35.9109059,-7.2160208]]]}},{"type":"Feature","id":"way/544669842","properties":{"osmId":"544669842","kind":"path","highway":"footway","lit":"yes"},"geometry":{"type":"LineString","coordinates":[[-35.9086716,-7.2160638],[-35.909135,-7.2160645],[-35.909586,-7.2160567],[-35.9095973,-7.2156155]]}},{"type":"Feature","id":"way/544669843","properties":{"osmId":"544669843","kind":"path","highway":"footway","lit":"no"},"geometry":{"type":"LineString","coordinates":[[-35.909135,-7.2160645],[-35.9091408,-7.2156248]]}},{"type":"Feature","id":"way/544669844","properties":{"osmId":"544669844","kind":"area","leisure":"park","name":"Praça do CA"},"geometry":{"type":"Polygon","coordinates":[[[-35.9088637,-7.2143842],[-35.9087224,-7.2143824],[-35.9087083,-7.214701],[-35.9087392,-7.2147666],[-35.90876,-7.2147634],[-35.9088267,-7.2145774],[-35.9088637,-7.2143842]]]}},{"type":"Feature","id":"way/544669845","properties":{"osmId":"544669845","kind":"path","highway":"footway","lit":"yes"},"geometry":{"type":"LineString","coordinates":[[-35.9086955,-7.2146896],[-35.9086932,-7.2147842],[-35.9086824,-7.2149473]]}},{"type":"Feature","id":"way/544669846","properties":{"osmId":"544669846","kind":"area","leisure":"park","name":"Praça das Engenharias"},"geometry":{"type":"Polygon","coordinates":[[[-35.9086914,-7.2143462],[-35.9085235,-7.214346],[-35.9085127,-7.2139289],[-35.9086931,-7.2139294],[-35.9086892,-7.2141589],[-35.9086914,-7.2143462]]]}},{"type":"Feature","id":"way/544669847","properties":{"osmId":"544669847","kind":"area","leisure":"park","name":"Coreto do CAA"},"geometry":{"type":"Polygon","coordinates":[[[-35.9079259,-7.2142872],[-35.9077153,-7.2141669],[-35.9077153,-7.2140878],[-35.9079307,-7.2140878],[-35.9079259,-7.2142872]]]}},{"type":"Feature","id":"way/544669848","properties":{"osmId":"544669848","kind":"area","leisure":"park"},"geometry":{"type":"Polygon","coordinates":[[[-35.9077082,-7.2140703],[-35.9077087,-7.2139524],[-35.90792,-7.2139534],[-35.9079195,-7.2140712],[-35.9077082,-7.2140703]]]}},{"type":"Feature","id":"way/544669849","properties":{"osmId":"544669849","kind":"path","highway":"footway","surface":"paving_stones"},"geometry":{"type":"LineString","coordinates":[[-35.9076348,-7.2141164],[-35.9070047,-7.2140981],[-35.9070079,-7.2139069],[-35.907012,-7.2137534],[-35.9070161,-7.2134639],[-35.9070183,-7.2133045],[-35.9070185,-7.2132806],[-35.9070228,-7.2127968],[-35.9070249,-7.2125686],[-35.9077249,-7.2125937]]}},{"type":"Feature","id":"way/544669850","properties":{"osmId":"544669850","kind":"path","highway":"footway"},"geometry":{"type":"LineString","coordinates":[[-35.9070079,-7.2139069],[-35.9073536,-7.2139105],[-35.9076074,-7.213915]]}},{"type":"Feature","id":"way/544669851","properties":{"osmId":"544669851","kind":"building","building":"yes","shop":"copyshop"},"geometry":{"type":"Polygon","coordinates":[[[-35.9076564,-7.2140485],[-35.9076569,-7.213986],[-35.9076234,-7.2139857],[-35.9076229,-7.2140482],[-35.9076564,-7.2140485]]]}},{"type":"Feature","id":"way/544669852","properties":{"osmId":"544669852","kind":"building","amenity":"fast_food","building":"yes"},"geometry":{"type":"Polygon","coordinates":[[[-35.9076569,-7.213986],[-35.907657,-7.2139368],[-35.9076236,-7.2139368],[-35.9076234,-7.2139857],[-35.9076569,-7.213986]]]}},{"type":"Feature","id":"way/544669853","properties":{"osmId":"544669853","kind":"path","highway":"footway"},"geometry":{"type":"LineString","coordinates":[[-35.9060502,-7.2128696],[-35.9063501,-7.212874],[-35.9063803,-7.2128745],[-35.9069178,-7.2128823]]}},{"type":"Feature","id":"way/544669854","properties":{"osmId":"544669854","kind":"path","highway":"footway"},"geometry":{"type":"LineString","coordinates":[[-35.9063501,-7.212874],[-35.9063437,-7.2131528],[-35.906916,-7.2131655]]}},{"type":"Feature","id":"way/544669855","properties":{"osmId":"544669855","kind":"path","highway":"footway"},"geometry":{"type":"LineString","coordinates":[[-35.9063803,-7.2128745],[-35.9063818,-7.212611]]}},{"type":"Feature","id":"way/544669856","properties":{"osmId":"544669856","kind":"path","highway":"footway"},"geometry":{"type":"LineString","coordinates":[[-35.9060167,-7.2126023],[-35.9063818,-7.212611],[-35.9069175,-7.2126214]]}},{"type":"Feature","id":"way/544669859","properties":{"osmId":"544669859","kind":"path","highway":"footway","layer":"-1","lit":"no"},"geometry":{"type":"LineString","coordinates":[[-35.9089465,-7.2144147],[-35.9093535,-7.2144173],[-35.9093823,-7.2144477],[-35.9094305,-7.2144622],[-35.9094709,-7.2144588],[-35.9095003,-7.2144381],[-35.909559,-7.214443],[-35.9096482,-7.214496],[-35.9096674,-7.2146637],[-35.9096769,-7.2153768],[-35.9088559,-7.2153818],[-35.9087076,-7.2153361]]}},{"type":"Feature","id":"way/544669860","properties":{"osmId":"544669860","kind":"path","highway":"footway"},"geometry":{"type":"LineString","coordinates":[[-35.9082149,-7.2140907],[-35.9082153,-7.2139132]]}},{"type":"Feature","id":"way/544669861","properties":{"osmId":"544669861","kind":"path","highway":"footway"},"geometry":{"type":"LineString","coordinates":[[-35.9084918,-7.2135014],[-35.9087158,-7.2135113],[-35.9087471,-7.2135107],[-35.9087454,-7.2129715],[-35.9087369,-7.212807],[-35.9087447,-7.2127506],[-35.9087459,-7.2125061],[-35.9087433,-7.2122589],[-35.908739,-7.2118497]]}},{"type":"Feature","id":"way/544669862","properties":{"osmId":"544669862","kind":"path","highway":"service"},"geometry":{"type":"LineString","coordinates":[[-35.9069172,-7.2116618],[-35.906948,-7.2116785],[-35.9069835,-7.2116965],[-35.9070727,-7.2116985],[-35.9071485,-7.2116998],[-35.9074181,-7.2116985],[-35.9074992,-7.2116952],[-35.907516,-7.2116885],[-35.9075321,-7.2116779],[-35.9075582,-7.2116499],[-35.9076011,-7.2115987],[-35.9076977,-7.2114863],[-35.907748,-7.211439],[-35.9077714,-7.2114257],[-35.9077989,-7.2114184],[-35.9078264,-7.2114177],[-35.9078935,-7.2114231],[-35.9079599,-7.2114257],[-35.9080249,-7.211433],[-35.9080651,-7.211439],[-35.9081014,-7.2114523],[-35.9081416,-7.2114703],[-35.9082086,-7.2115115],[-35.9084058,-7.2116379],[-35.9087035,-7.2118255],[-35.908739,-7.2118497],[-35.9087954,-7.2118881],[-35.9088168,-7.2119094],[-35.9088309,-7.2119333]]}},{"type":"Feature","id":"way/544669863","properties":{"osmId":"544669863","kind":"area","natural":"wood"},"geometry":{"type":"Polygon","coordinates":[[[-35.9083283,-7.2130038],[-35.908317,-7.2134715],[-35.907681,-7.213476],[-35.907681,-7.2133216],[-35.907381,-7.2133216],[-35.9073787,-7.2129389],[-35.9074712,-7.2129412],[-35.9074734,-7.2128673],[-35.907681,-7.2128606],[-35.907681,-7.2129926],[-35.907781,-7.2129943],[-35.9083283,-7.2130038]]]}},{"type":"Feature","id":"way/544676963","properties":{"osmId":"544676963","kind":"area","leaf_cycle":"evergreen","leaf_type":"mixed","name":"Bosque da UFCG","natural":"wood"},"geometry":{"type":"Polygon","coordinates":[[[-35.9081516,-7.2144493],[-35.9081302,-7.2148857],[-35.908035,-7.214898],[-35.907895,-7.2149484],[-35.9077688,-7.2150031],[-35.9076575,-7.2149496],[-35.9077078,-7.215192],[-35.9075718,-7.2152498],[-35.9072142,-7.2150076],[-35.9072075,-7.2149921],[-35.9072075,-7.2148271],[-35.9075508,-7.2147526],[-35.9076796,-7.2144546],[-35.907701,-7.2143269],[-35.9078459,-7.214428],[-35.9081516,-7.2144493]]]}},{"type":"Feature","id":"way/544905103","properties":{"osmId":"544905103","kind":"area","amenity":"parking"},"geometry":{"type":"Polygon","coordinates":[[[-35.9077912,-7.2166799],[-35.9079784,-7.2166955],[-35.9079897,-7.2164405],[-35.9079446,-7.2163711],[-35.9079942,-7.2161787],[-35.9079852,-7.2161507],[-35.9079647,-7.2161227],[-35.9079358,-7.2160966],[-35.9074979,-7.2159714],[-35.9074621,-7.2158739],[-35.9073458,-7.2158352],[-35.907312,-7.2159458],[-35.9072989,-7.2159975],[-35.9074275,-7.216041],[-35.907446,-7.2160137],[-35.9078932,-7.2161383],[-35.9079233,-7.2161467],[-35.9079351,-7.2161578],[-35.9079442,-7.2161787],[-35.9077912,-7.2166799]]]}},{"type":"Feature","id":"way/544905104","properties":{"osmId":"544905104","kind":"area","leisure":"pitch","sport":"beachvolleyball","surface":"sand"},"geometry":{"type":"Polygon","coordinates":[[[-35.9082513,-7.2167581],[-35.9080173,-7.216753],[-35.9080228,-7.2165035],[-35.9082569,-7.2165086],[-35.9082513,-7.2167581]]]}},{"type":"Feature","id":"way/545128828","properties":{"osmId":"545128828","kind":"path","highway":"living_street"},"geometry":{"type":"LineString","coordinates":[[-35.9126497,-7.2165288],[-35.912653,-7.2165906],[-35.9126443,-7.2166306],[-35.9126175,-7.2166798],[-35.912596,-7.2167224],[-35.9125712,-7.2167556],[-35.9125451,-7.2167842],[-35.9124881,-7.2168182]]}},{"type":"Feature","id":"way/545128829","properties":{"osmId":"545128829","kind":"path","highway":"footway"},"geometry":{"type":"LineString","coordinates":[[-35.9069178,-7.2128823],[-35.906916,-7.2131655],[-35.9069146,-7.213368]]}},{"type":"Feature","id":"way/545128830","properties":{"osmId":"545128830","kind":"path","highway":"footway"},"geometry":{"type":"LineString","coordinates":[[-35.9069171,-7.2123304],[-35.9069174,-7.2125645],[-35.9069175,-7.2126214],[-35.9069178,-7.2128823]]}},{"type":"Feature","id":"way/545128831","properties":{"osmId":"545128831","kind":"path","highway":"footway"},"geometry":{"type":"LineString","coordinates":[[-35.9069171,-7.2123304],[-35.9060465,-7.2123147]]}},{"type":"Feature","id":"way/545128832","properties":{"osmId":"545128832","kind":"path","highway":"footway"},"geometry":{"type":"LineString","coordinates":[[-35.9069174,-7.2125645],[-35.9069721,-7.2125671],[-35.9070249,-7.2125686]]}},{"type":"Feature","id":"way/545128833","properties":{"osmId":"545128833","kind":"path","highway":"footway"},"geometry":{"type":"LineString","coordinates":[[-35.9077255,-7.2124944],[-35.9077249,-7.2125937],[-35.9077241,-7.2127379],[-35.9080462,-7.2127443],[-35.9080505,-7.2124981]]}},{"type":"Feature","id":"way/545128834","properties":{"osmId":"545128834","kind":"path","highway":"footway"},"geometry":{"type":"LineString","coordinates":[[-35.9087459,-7.2125061],[-35.9083322,-7.2125013],[-35.9080505,-7.2124981],[-35.9078998,-7.2124964],[-35.9077255,-7.2124944],[-35.9076635,-7.2124937]]}},{"type":"Feature","id":"way/545128835","properties":{"osmId":"545128835","kind":"path","highway":"footway"},"geometry":{"type":"LineString","coordinates":[[-35.9076635,-7.2124937],[-35.9076635,-7.2124028],[-35.9076629,-7.2123657],[-35.9073573,-7.2123614],[-35.9073573,-7.2123044],[-35.9070271,-7.212306]]}},{"type":"Feature","id":"way/546703053","properties":{"osmId":"546703053","kind":"area","landuse":"brownfield"},"geometry":{"type":"Polygon","coordinates":[[[-35.9048691,-7.2105417],[-35.9055396,-7.2117841],[-35.9055396,-7.2155074],[-35.9050611,-7.2154655],[-35.9049261,-7.2154537],[-35.9049442,-7.2151136],[-35.904448,-7.2150241],[-35.9043036,-7.215955],[-35.9038074,-7.2158744],[-35.9039337,-7.214675],[-35.9033293,-7.2145945],[-35.9034015,-7.214496],[-35.9034466,-7.2141738],[-35.9036631,-7.2142007],[-35.9037533,-7.21378],[-35.9035097,-7.2137353],[-35.9035187,-7.2135473],[-35.9030947,-7.2134399],[-35.9024451,-7.2136189],[-35.9023279,-7.2133593],[-35.9025805,-7.2132788],[-35.9024722,-7.2129297],[-35.9022647,-7.2129924],[-35.9021204,-7.2125538],[-35.902391,-7.2124106],[-35.9021564,-7.2116408],[-35.9029143,-7.2113007],[-35.9030225,-7.2110859],[-35.90323,-7.2109248],[-35.9034281,-7.2111849],[-35.9035587,-7.2111558],[-35.9048691,-7.2105417]]]}},{"type":"Feature","id":"way/549070981","properties":{"osmId":"549070981","kind":"area","natural":"yes"},"geometry":{"type":"Polygon","coordinates":[[[-35.9084808,-7.2135155],[-35.9082339,-7.2135129],[-35.9082286,-7.2136727],[-35.9084799,-7.2136762],[-35.9084808,-7.2135155]]]}},{"type":"Feature","id":"way/549070982","properties":{"osmId":"549070982","kind":"area","natural":"yes"},"geometry":{"type":"Polygon","coordinates":[[[-35.9082052,-7.2135159],[-35.9076938,-7.2135159],[-35.9076915,-7.2137047],[-35.908204,-7.2137128],[-35.9082052,-7.2135159]]]}},{"type":"Feature","id":"way/549070983","properties":{"osmId":"549070983","kind":"area","natural":"yes"},"geometry":{"type":"Polygon","coordinates":[[[-35.9086998,-7.2135258],[-35.9085011,-7.2135098],[-35.9084973,-7.2136786],[-35.9087014,-7.2136748],[-35.9086998,-7.2135258]]]}},{"type":"Feature","id":"way/549070984","properties":{"osmId":"549070984","kind":"area","natural":"yes"},"geometry":{"type":"Polygon","coordinates":[[[-35.908477,-7.2139268],[-35.9082356,-7.2139241],[-35.9082316,-7.2140758],[-35.9084797,-7.2140772],[-35.908477,-7.2139268]]]}},{"type":"Feature","id":"way/549070985","properties":{"osmId":"549070985","kind":"area","natural":"yes"},"geometry":{"type":"Polygon","coordinates":[[[-35.9082057,-7.2139225],[-35.9079455,-7.2139225],[-35.9079393,-7.2140831],[-35.9082039,-7.214084],[-35.9082057,-7.2139225]]]}},{"type":"Feature","id":"way/549070986","properties":{"osmId":"549070986","kind":"area","natural":"yes"},"geometry":{"type":"Polygon","coordinates":[[[-35.9093319,-7.2135876],[-35.909289,-7.2135597],[-35.9088049,-7.2135517],[-35.9087284,-7.2135251],[-35.9087338,-7.2136714],[-35.9093882,-7.2136994],[-35.9093319,-7.2135876]]]}},{"type":"Feature","id":"way/549070987","properties":{"osmId":"549070987","kind":"area","landuse":"farmland","name":"Local de culturas e experimentos agrícolas."},"geometry":{"type":"Polygon","coordinates":[[[-35.9068391,-7.2147908],[-35.906255,-7.2147772],[-35.9062456,-7.2146029],[-35.9059693,-7.2145869],[-35.905976,-7.2146681],[-35.9060605,-7.2146734],[-35.9060618,-7.214849],[-35.9062335,-7.214841],[-35.9062295,-7.2149408],[-35.9068383,-7.2149648],[-35.9068391,-7.2147908]]]}},{"type":"Feature","id":"way/553656147","properties":{"osmId":"553656147","kind":"area","access":"yes","amenity":"parking","fee":"no","parking":"surface"},"geometry":{"type":"Polygon","coordinates":[[[-35.9118627,-7.2169559],[-35.9118222,-7.2167952],[-35.9116057,-7.2168268],[-35.9115225,-7.216747],[-35.9113693,-7.2167689],[-35.911264,-7.2167795],[-35.9098907,-7.2169577],[-35.9099252,-7.2171952],[-35.9105837,-7.2171242],[-35.9106642,-7.2170643],[-35.9107507,-7.2170497],[-35.9108204,-7.2170577],[-35.9108989,-7.2170823],[-35.9118627,-7.2169559]]]}},{"type":"Feature","id":"way/553656165","properties":{"osmId":"553656165","kind":"path","highway":"path"},"geometry":{"type":"LineString","coordinates":[[-35.9089843,-7.2139246],[-35.9089774,-7.2141662]]}},{"type":"Feature","id":"way/553656166","properties":{"osmId":"553656166","kind":"area","landuse":"grass"},"geometry":{"type":"Polygon","coordinates":[[[-35.9087449,-7.2139429],[-35.908742,-7.2141965],[-35.9089844,-7.2141993],[-35.9092355,-7.2142022],[-35.9092385,-7.2139485],[-35.9087449,-7.2139429]]]}},{"type":"Feature","id":"way/553770634","properties":{"osmId":"553770634","kind":"path","alt_name":"Rua Vinte e Sete de Julho","highway":"tertiary","name":"Rua 27 de Julho","oneway":"yes","surface":"asphalt"},"geometry":{"type":"LineString","coordinates":[[-35.9126987,-7.2162461],[-35.9127545,-7.2162922],[-35.912814,-7.2163465],[-35.9129201,-7.2164373],[-35.9130897,-7.2165747],[-35.9131841,-7.2166512]]}},{"type":"Feature","id":"way/555997808","properties":{"osmId":"555997808","kind":"area","leisure":"garden"},"geometry":{"type":"Polygon","coordinates":[[[-35.9099346,-7.2165226],[-35.9101877,-7.2164827],[-35.9101789,-7.2164289],[-35.9100107,-7.2164573],[-35.9099632,-7.216464],[-35.9098798,-7.2160679],[-35.9097783,-7.2160825],[-35.9097738,-7.2164461],[-35.9099159,-7.2164304],[-35.9099346,-7.2165226]]]}},{"type":"Feature","id":"way/555997809","properties":{"osmId":"555997809","kind":"path","highway":"footway"},"geometry":{"type":"LineString","coordinates":[[-35.9087019,-7.2145121],[-35.9084834,-7.2145124],[-35.9084876,-7.2143339]]}},{"type":"Feature","id":"way/556845104","properties":{"osmId":"556845104","kind":"building","amenity":"fast_food","building":"yes","name":"Quiosque do Helhão"},"geometry":{"type":"Polygon","coordinates":[[[-35.9089366,-7.2147458],[-35.9089421,-7.2147387],[-35.9089497,-7.2147338],[-35.9089585,-7.2147315],[-35.9089676,-7.2147322],[-35.9089759,-7.2147358],[-35.9089827,-7.2147419],[-35.908987,-7.2147498],[-35.9089886,-7.2147588],[-35.9089871,-7.2147677],[-35.9089828,-7.2147756],[-35.9089761,-7.2147818],[-35.9089677,-7.2147854],[-35.9089587,-7.2147862],[-35.9089498,-7.214784],[-35.9089422,-7.214779],[-35.9089366,-7.2147719],[-35.9089336,-7.2147634],[-35.9089336,-7.2147544],[-35.9089366,-7.2147458]]]}},{"type":"Feature","id":"way/556850174","properties":{"osmId":"556850174","kind":"area","leisure":"park","name":"Praça do Coreto do laguinho"},"geometry":{"type":"Polygon","coordinates":[[[-35.9087728,-7.2150916],[-35.9087151,-7.2151032],[-35.9087574,-7.2151727],[-35.9087728,-7.2150916]]]}},{"type":"Feature","id":"way/556850175","properties":{"osmId":"556850175","kind":"path","highway":"footway"},"geometry":{"type":"LineString","coordinates":[[-35.9086802,-7.2151273],[-35.9088559,-7.2153818]]}},{"type":"Feature","id":"way/556850176","properties":{"osmId":"556850176","kind":"path","highway":"footway"},"geometry":{"type":"LineString","coordinates":[[-35.9086797,-7.2153557],[-35.9087076,-7.2153361],[-35.9087406,-7.215313],[-35.9086802,-7.2152164]]}},{"type":"Feature","id":"way/556850177","properties":{"osmId":"556850177","kind":"path","bridge":"yes","highway":"footway","layer":"1","lit":"yes"},"geometry":{"type":"LineString","coordinates":[[-35.9086787,-7.2150138],[-35.9086802,-7.2151273]]}},{"type":"Feature","id":"way/556850178","properties":{"osmId":"556850178","kind":"path","highway":"footway","lit":"yes"},"geometry":{"type":"LineString","coordinates":[[-35.9086787,-7.2150138],[-35.9086824,-7.2149473]]}},{"type":"Feature","id":"way/556850179","properties":{"osmId":"556850179","kind":"path","highway":"footway","lit":"no"},"geometry":{"type":"LineString","coordinates":[[-35.9095973,-7.2156155],[-35.9097118,-7.2156156]]}},{"type":"Feature","id":"way/557630218","properties":{"osmId":"557630218","kind":"area","leisure":"park","name":"Praça do Coreto da Reitoria"},"geometry":{"type":"Polygon","coordinates":[[[-35.9095427,-7.2168175],[-35.9096598,-7.2168175],[-35.909661,-7.2166855],[-35.9095419,-7.2166878],[-35.9095427,-7.2168175]]]}},{"type":"Feature","id":"way/558156749","properties":{"osmId":"558156749","kind":"path","highway":"service","oneway":"yes","service":"parking_aisle"},"geometry":{"type":"LineString","coordinates":[[-35.9096436,-7.2163352],[-35.9096114,-7.2163199],[-35.9095752,-7.216306],[-35.9095457,-7.2163],[-35.9087572,-7.2162714]]}},{"type":"Feature","id":"way/559847188","properties":{"osmId":"559847188","kind":"area","intermittent":"no","name":"Canal da UFCG","natural":"water","salt":"no","water":"canal"},"geometry":{"type":"Polygon","coordinates":[[[-35.9087797,-7.2150771],[-35.9084501,-7.2150306],[-35.9082583,-7.2150306],[-35.9081711,-7.2150506],[-35.9081346,-7.2150885],[-35.9080525,-7.2155215],[-35.90797,-7.2156639],[-35.9078935,-7.2157264],[-35.9076068,-7.2157139],[-35.9061135,-7.2153447],[-35.9060906,-7.2153693],[-35.9060985,-7.215402],[-35.9075875,-7.2157695],[-35.9079067,-7.2157848],[-35.9079346,-7.2157604],[-35.9080158,-7.2156891],[-35.9081052,-7.2155323],[-35.9081823,-7.2151177],[-35.9082033,-7.2150945],[-35.90825,-7.2150852],[-35.9087792,-7.2150876],[-35.9087797,-7.2150771]]]}},{"type":"Feature","id":"way/561899038","properties":{"osmId":"561899038","kind":"path","highway":"footway"},"geometry":{"type":"LineString","coordinates":[[-35.9070249,-7.2125686],[-35.9070271,-7.212306]]}},{"type":"Feature","id":"way/561899039","properties":{"osmId":"561899039","kind":"path","highway":"footway","surface":"concrete"},"geometry":{"type":"LineString","coordinates":[[-35.907012,-7.2137534],[-35.9069447,-7.2137616]]}},{"type":"Feature","id":"way/583600165","properties":{"osmId":"583600165","kind":"path","highway":"footway"},"geometry":{"type":"LineString","coordinates":[[-35.9080462,-7.2127443],[-35.9087447,-7.2127506]]}},{"type":"Feature","id":"way/583600166","properties":{"osmId":"583600166","kind":"path","highway":"footway"},"geometry":{"type":"LineString","coordinates":[[-35.9087433,-7.2122589],[-35.9083363,-7.2122533],[-35.9079039,-7.2122473],[-35.907661,-7.2122439],[-35.9076626,-7.2123481],[-35.9076629,-7.2123657]]}},{"type":"Feature","id":"way/583600168","properties":{"osmId":"583600168","kind":"path","highway":"footway"},"geometry":{"type":"LineString","coordinates":[[-35.9083322,-7.2125013],[-35.9083363,-7.2122533]]}},{"type":"Feature","id":"way/583600169","properties":{"osmId":"583600169","kind":"path","highway":"footway"},"geometry":{"type":"LineString","coordinates":[[-35.9078998,-7.2124964],[-35.9079039,-7.2122473]]}},{"type":"Feature","id":"way/583600170","properties":{"osmId":"583600170","kind":"area","amenity":"parking"},"geometry":{"type":"Polygon","coordinates":[[[-35.9061739,-7.2134337],[-35.9059501,-7.2134337],[-35.9059596,-7.2132719],[-35.9060715,-7.2132756],[-35.9061018,-7.2132643],[-35.9061322,-7.2132286],[-35.9061454,-7.2131383],[-35.9062877,-7.2131364],[-35.9062839,-7.2133904],[-35.9061758,-7.2133885],[-35.9061739,-7.2134337]]]}},{"type":"Feature","id":"way/595926332","properties":{"osmId":"595926332","kind":"area","leisure":"pitch","source":"Bing","sport":"soccer","surface":"dirt"},"geometry":{"type":"Polygon","coordinates":[[[-35.9047208,-7.2139246],[-35.9047184,-7.2134477],[-35.9055301,-7.2134439],[-35.9055324,-7.2139207],[-35.9047208,-7.2139246]]]}},{"type":"Feature","id":"way/595926334","properties":{"osmId":"595926334","kind":"area","leisure":"pitch","source":"Bing","sport":"soccer","surface":"dirt"},"geometry":{"type":"Polygon","coordinates":[[[-35.9048525,-7.2126191],[-35.9047881,-7.212071],[-35.9055084,-7.2119181],[-35.905562,-7.2125221],[-35.9048525,-7.2126191]]]}},{"type":"Feature","id":"way/672356273","properties":{"osmId":"672356273","kind":"area","leisure":"park"},"geometry":{"type":"Polygon","coordinates":[[[-35.9072668,-7.2131379],[-35.9070562,-7.2131347],[-35.9070562,-7.2132575],[-35.9072626,-7.2132537],[-35.9072649,-7.2131965],[-35.9072668,-7.2131379]]]}},{"type":"Feature","id":"way/672356274","properties":{"osmId":"672356274","kind":"building","building":"yes","name":"Bloco CP2 (UFCG)"},"geometry":{"type":"Polygon","coordinates":[[[-35.9076129,-7.2126667],[-35.9074096,-7.2126685],[-35.9074096,-7.2127471],[-35.9073792,-7.2127488],[-35.9073771,-7.2128145],[-35.9074145,-7.2128124],[-35.9076129,-7.2128131],[-35.9076129,-7.2126667]]]}},{"type":"Feature","id":"way/672356275","properties":{"osmId":"672356275","kind":"building","building":"yes","name":"IQuanta (UFCG)"},"geometry":{"type":"Polygon","coordinates":[[[-35.9072981,-7.2123419],[-35.9071518,-7.2123424],[-35.9071534,-7.2124465],[-35.9072986,-7.2124486],[-35.9072981,-7.2123419]]]}},{"type":"Feature","id":"way/672358241","properties":{"osmId":"672358241","kind":"building","building":"yes"},"geometry":{"type":"Polygon","coordinates":[[[-35.9099426,-7.2167289],[-35.9099613,-7.2168116],[-35.9099806,-7.2169305],[-35.9098623,-7.2169419],[-35.9098384,-7.2167372],[-35.9099426,-7.2167289]]]}},{"type":"Feature","id":"way/672358242","properties":{"osmId":"672358242","kind":"path","highway":"footway"},"geometry":{"type":"LineString","coordinates":[[-35.907312,-7.2133631],[-35.9073111,-7.2133335],[-35.9075858,-7.2133365],[-35.9075958,-7.2132058],[-35.9076404,-7.2131019],[-35.9076864,-7.2130365],[-35.907781,-7.2129943],[-35.9078452,-7.212956],[-35.9079747,-7.212956],[-35.9086944,-7.2129721],[-35.9086908,-7.2131024],[-35.9086443,-7.2131519]]}},{"type":"Feature","id":"way/672358243","properties":{"osmId":"672358243","kind":"path","highway":"footway"},"geometry":{"type":"LineString","coordinates":[[-35.9075858,-7.2133365],[-35.9076403,-7.2133382]]}},{"type":"Feature","id":"way/672358244","properties":{"osmId":"672358244","kind":"path","highway":"footway"},"geometry":{"type":"LineString","coordinates":[[-35.9076403,-7.2133382],[-35.9076408,-7.2135078],[-35.907666,-7.213509]]}},{"type":"Feature","id":"way/672358245","properties":{"osmId":"672358245","kind":"path","highway":"footway"},"geometry":{"type":"LineString","coordinates":[[-35.9086944,-7.2129721],[-35.9087454,-7.2129715]]}},{"type":"Feature","id":"way/672484176","properties":{"osmId":"672484176","kind":"building","building":"yes"},"geometry":{"type":"Polygon","coordinates":[[[-35.9077775,-7.2115183],[-35.9079653,-7.211521],[-35.9079599,-7.2119308],[-35.9077614,-7.2119361],[-35.9077775,-7.2115183]]]}},{"type":"Feature","id":"way/672484177","properties":{"osmId":"672484177","kind":"path","highway":"footway"},"geometry":{"type":"LineString","coordinates":[[-35.9073418,-7.213682],[-35.9073396,-7.2135086],[-35.9073374,-7.2134922]]}},{"type":"Feature","id":"way/672484178","properties":{"osmId":"672484178","kind":"path","highway":"footway"},"geometry":{"type":"LineString","coordinates":[[-35.9073498,-7.2137972],[-35.9073536,-7.2139105]]}},{"type":"Feature","id":"way/672484179","properties":{"osmId":"672484179","kind":"path","highway":"footway"},"geometry":{"type":"LineString","coordinates":[[-35.9076408,-7.2135078],[-35.9073396,-7.2135086]]}},{"type":"Feature","id":"way/672484180","properties":{"osmId":"672484180","kind":"path","highway":"footway","surface":"concrete"},"geometry":{"type":"LineString","coordinates":[[-35.9073396,-7.2135086],[-35.9072652,-7.2135068],[-35.9072652,-7.2134552],[-35.9070161,-7.2134639]]}},{"type":"Feature","id":"way/672484181","properties":{"osmId":"672484181","kind":"path","highway":"footway","surface":"concrete"},"geometry":{"type":"LineString","coordinates":[[-35.9073111,-7.2133335],[-35.9072852,-7.2133152],[-35.9072832,-7.21327],[-35.9070185,-7.2132806]]}},{"type":"Feature","id":"way/675413827","properties":{"osmId":"675413827","kind":"area","natural":"wood"},"geometry":{"type":"Polygon","coordinates":[[[-35.9106665,-7.2130391],[-35.9106485,-7.2129042],[-35.9107186,-7.2126911],[-35.9107233,-7.2124872],[-35.9107933,-7.2123158],[-35.9107465,-7.2121403],[-35.9107146,-7.2119893],[-35.9106367,-7.2118348],[-35.9105518,-7.2117154],[-35.9104881,-7.2115399],[-35.9104279,-7.2113608],[-35.9103041,-7.2112449],[-35.9102262,-7.2112238],[-35.9102757,-7.2114907],[-35.9103005,-7.2116382],[-35.9102262,-7.2117962],[-35.9100882,-7.2117681],[-35.9099891,-7.2117611],[-35.9099395,-7.2118278],[-35.9098298,-7.2118524],[-35.9098192,-7.2115855],[-35.9098156,-7.2113783],[-35.9098687,-7.2111185],[-35.9099501,-7.2109289],[-35.9100705,-7.2107709],[-35.9102297,-7.2106585],[-35.9104244,-7.2105708],[-35.9105766,-7.2105111],[-35.9107429,-7.2104689],[-35.9108916,-7.2104689],[-35.9110225,-7.2104935],[-35.9110862,-7.2105321],[-35.9111287,-7.2106621],[-35.9111853,-7.2106761],[-35.9111818,-7.2107709],[-35.911203,-7.2108727],[-35.9112667,-7.2110448],[-35.9113198,-7.2111501],[-35.9113092,-7.21128],[-35.911295,-7.2113502],[-35.9113375,-7.2114205],[-35.911426,-7.2114872],[-35.9115801,-7.2116957],[-35.9116175,-7.2118671],[-35.911496,-7.2119181],[-35.91151,-7.2121543],[-35.9115381,-7.2124648],[-35.9115697,-7.2127419],[-35.9115834,-7.2128581],[-35.9115967,-7.2129705],[-35.9116244,-7.2132046],[-35.9115472,-7.2133737],[-35.9112033,-7.213297],[-35.910994,-7.213008],[-35.9107954,-7.2129532],[-35.9106665,-7.2130391]]]}},{"type":"Feature","id":"way/675413829","properties":{"osmId":"675413829","kind":"area","description":"Formação Savânica","leaf_cycle":"deciduous","leaf_type":"broadleaved","natural":"scrub","source":"MapBiomas2024","source:description":"MapBiomas"},"geometry":{"type":"Polygon","coordinates":[[[-35.9151238,-7.2160098],[-35.9151737,-7.2164885],[-35.9156047,-7.2164489],[-35.9159076,-7.2163977],[-35.9163852,-7.2162888],[-35.9165125,-7.21625],[-35.9165932,-7.2162112],[-35.9166148,-7.2161534],[-35.9166248,-7.2160774],[-35.9165399,-7.216023],[-35.91647,-7.2159916],[-35.9164517,-7.2159569],[-35.9163951,-7.2159272],[-35.9163352,-7.2158364],[-35.9163086,-7.2157786],[-35.9162803,-7.2156218],[-35.9162171,-7.2155871],[-35.9161222,-7.2155425],[-35.9160673,-7.2155227],[-35.9160224,-7.2155178],[-35.9160041,-7.215498],[-35.9159125,-7.2154765],[-35.9157961,-7.2154418],[-35.9156912,-7.2154088],[-35.9155564,-7.2153642],[-35.9154399,-7.2153296],[-35.9153534,-7.2152734],[-35.9152569,-7.2152157],[-35.9152003,-7.215181],[-35.9151487,-7.2151199],[-35.9150855,-7.2150506],[-35.9149856,-7.2149961],[-35.9148475,-7.2149168],[-35.9147866,-7.2148983],[-35.9142529,-7.2147365],[-35.9142441,-7.2146658],[-35.9141959,-7.2146395],[-35.9138458,-7.2146395],[-35.9137575,-7.2146312],[-35.9134313,-7.214618],[-35.9130885,-7.2146081],[-35.9129571,-7.2146114],[-35.9128539,-7.2146312],[-35.912784,-7.2146065],[-35.9126908,-7.2146197],[-35.9126043,-7.2146065],[-35.9124379,-7.2146065],[-35.9123929,-7.214623],[-35.9123363,-7.2146015],[-35.9122548,-7.2145784],[-35.9121999,-7.2145305],[-35.9121616,-7.2145057],[-35.9121566,-7.2144661],[-35.9120867,-7.2144282],[-35.9119736,-7.2143456],[-35.911892,-7.2143076],[-35.9118321,-7.2142565],[-35.9117606,-7.2142102],[-35.911699,-7.2141937],[-35.911684,-7.214164],[-35.9115958,-7.2141145],[-35.9115043,-7.2140831],[-35.9114178,-7.2140319],[-35.9113362,-7.2140006],[-35.911314,-7.2139617],[-35.9111289,-7.2138615],[-35.9110699,-7.2138376],[-35.9109928,-7.2138536],[-35.9109562,-7.2138814],[-35.9109042,-7.213885],[-35.9108537,-7.2138885],[-35.9107792,-7.2139174],[-35.9107515,-7.2138897],[-35.9106081,-7.2139593],[-35.9105892,-7.2139155],[-35.9105731,-7.213878],[-35.9105698,-7.2137707],[-35.9105652,-7.2136177],[-35.910563,-7.2135459],[-35.9104942,-7.2135647],[-35.9104559,-7.2136225],[-35.9104243,-7.2136687],[-35.9103144,-7.2136753],[-35.9102429,-7.2136704],[-35.9101713,-7.2136687],[-35.9101114,-7.2137034],[-35.9101314,-7.213743],[-35.9101896,-7.2138437],[-35.9102845,-7.2139642],[-35.910386,-7.2140848],[-35.9104709,-7.2141822],[-35.9105374,-7.2142565],[-35.9105657,-7.2142895],[-35.9106606,-7.2143654],[-35.9108436,-7.2144694],[-35.9110283,-7.2145751],[-35.9113512,-7.2147451],[-35.9117406,-7.2149482],[-35.9121067,-7.2151414],[-35.9124528,-7.2153296],[-35.9127191,-7.2154815],[-35.9128722,-7.2155871],[-35.913012,-7.215701],[-35.9130686,-7.2158562],[-35.9130852,-7.216018],[-35.9130819,-7.2161732],[-35.9132,-7.216368],[-35.9133132,-7.2165612],[-35.9134114,-7.2166833],[-35.9134463,-7.2167345],[-35.913636,-7.2167081],[-35.913894,-7.2166833],[-35.914097,-7.216652],[-35.9141852,-7.2166503],[-35.9141403,-7.2162524],[-35.914082,-7.2159421],[-35.91434,-7.215706],[-35.9144049,-7.2160956],[-35.9151238,-7.2160098]]]}},{"type":"Feature","id":"way/692662499","properties":{"osmId":"692662499","kind":"line","check_date":"2025-11-14","construction:railway":"light_rail","electrified":"no","gauge":"1000","name":"VLT de Campina Grande","opening_date":"2026-08","railway":"construction","source":"https://www.gov.br/transportes/pt-br/assuntos/noticias/2025/07/renan-filho-anuncia-primeiro-vlt-da-paraiba-e-vistoria-obra-que-vai-beneficiar-1-milhao-de-pessoas"},"geometry":{"type":"LineString","coordinates":[[-35.9099497,-7.2026095],[-35.9085674,-7.2020497],[-35.908208,-7.201906],[-35.9078707,-7.2017988],[-35.9075696,-7.2017623],[-35.907229,-7.2017809],[-35.9057082,-7.2019566],[-35.9052361,-7.2020683],[-35.9049185,-7.2022057],[-35.9047993,-7.2022714],[-35.9045226,-7.2024515],[-35.904249,-7.2027123],[-35.9040184,-7.2030502],[-35.9038735,-7.2033403],[-35.9037627,-7.2036402],[-35.9037046,-7.2038619],[-35.9036697,-7.204128],[-35.9036911,-7.2045431],[-35.9037743,-7.2049928],[-35.9039218,-7.2053733],[-35.9041104,-7.2056883],[-35.9043483,-7.2059295],[-35.904587,-7.2061184],[-35.9063378,-7.2072939],[-35.9085537,-7.208787],[-35.9088459,-7.2090379],[-35.9090819,-7.2092987],[-35.9092858,-7.209618],[-35.9094091,-7.2099107],[-35.9095003,-7.2102354],[-35.909554,-7.2105706],[-35.9095647,-7.2107835],[-35.9095635,-7.2109719],[-35.9095486,-7.2115126],[-35.9095164,-7.2126515],[-35.9095245,-7.2129312],[-35.9095777,-7.2132328],[-35.9096935,-7.2135829],[-35.9098919,-7.2139395],[-35.9101172,-7.2142268],[-35.9103704,-7.214473],[-35.9107299,-7.2147125],[-35.9124436,-7.2156037],[-35.9126922,-7.2157489],[-35.9128785,-7.2158899],[-35.9130167,-7.216025],[-35.9131267,-7.2161467],[-35.9133895,-7.2164621],[-35.9135451,-7.216659],[-35.913808,-7.2169942],[-35.9141835,-7.2174839],[-35.9143498,-7.2177021],[-35.9145161,-7.2179735],[-35.9146126,-7.2182183],[-35.914677,-7.2184684],[-35.9147199,-7.2187026],[-35.9147306,-7.218974],[-35.9147092,-7.2192454],[-35.9146663,-7.2194849],[-35.9145965,-7.2197137],[-35.9144839,-7.2199905],[-35.9143444,-7.2202193],[-35.9141513,-7.2204641],[-35.913867,-7.2207196],[-35.9134244,-7.2211213],[-35.9132284,-7.2212945],[-35.9125511,-7.2218731],[-35.9123697,-7.2220496],[-35.9121866,-7.2222695],[-35.9120431,-7.2225078],[-35.9119224,-7.2227658],[-35.9118419,-7.2230239],[-35.9117989,-7.2232714],[-35.9117749,-7.2235189],[-35.9117856,-7.2237796],[-35.9118446,-7.2240936],[-35.9118535,-7.2241235],[-35.9119411,-7.2244183],[-35.9120806,-7.2247003],[-35.9123596,-7.2250835],[-35.9128102,-7.2256582],[-35.9131964,-7.2261957],[-35.9133949,-7.226547],[-35.9134861,-7.2268078],[-35.9135397,-7.2270738],[-35.9135505,-7.2273559],[-35.9135344,-7.2275901],[-35.9134807,-7.2278349],[-35.9133842,-7.2280797],[-35.9132662,-7.2282979],[-35.9131106,-7.2285107],[-35.912896,-7.228713],[-35.9126814,-7.2288833],[-35.9123918,-7.2290323],[-35.9121235,-7.2291281],[-35.9118188,-7.2291826],[-35.9114326,-7.2292145],[-35.9110796,-7.2292305],[-35.9108036,-7.2292451],[-35.9104983,-7.2292625],[-35.9078508,-7.2294038],[-35.9075745,-7.2294101],[-35.9057823,-7.22949],[-35.9054989,-7.2295013],[-35.9041292,-7.2295616],[-35.9035227,-7.229586],[-35.9033366,-7.2295964],[-35.9025264,-7.2296469],[-35.9023913,-7.2296547],[-35.901085,-7.2297365],[-35.9006182,-7.2297655]]}},{"type":"Feature","id":"way/696153540","properties":{"osmId":"696153540","kind":"line","building:part":"university","name":"Laboratório de Sistemas de Informação - LSI"},"geometry":{"type":"LineString","coordinates":[[-35.9072651,-7.2133088],[-35.9072639,-7.2133625],[-35.907262,-7.2134359],[-35.9070417,-7.2134377],[-35.9070447,-7.2133038],[-35.9072651,-7.2133088]]}},{"type":"Feature","id":"way/709679623","properties":{"osmId":"709679623","kind":"path","alt_name":"Rua Aprígio Veloso","cycleway:left":"lane","highway":"primary","lanes":"2","lit":"yes","maxspeed":"50","name":"Rua Rodrigues Alves","oneway":"yes","source":"GPS","surface":"asphalt"},"geometry":{"type":"LineString","coordinates":[[-35.9128112,-7.2170884],[-35.9126707,-7.2170622],[-35.9124607,-7.2170534],[-35.9119495,-7.2171112],[-35.9103397,-7.2173343],[-35.9093044,-7.2174372],[-35.9089793,-7.2174525]]}},{"type":"Feature","id":"way/709679624","properties":{"osmId":"709679624","kind":"path","cycleway:right":"lane","highway":"residential","lanes":"2","name":"Rua Professora Lenier Sucupira Meira de Almeida","surface":"asphalt"},"geometry":{"type":"LineString","coordinates":[[-35.9062556,-7.2112752],[-35.9063352,-7.2112601],[-35.9063853,-7.2112507],[-35.9064739,-7.2112355],[-35.9065779,-7.2112182],[-35.9067804,-7.2111896],[-35.9070788,-7.211159],[-35.9073798,-7.2111284],[-35.9075488,-7.2111177],[-35.9076662,-7.2111111]]}},{"type":"Feature","id":"way/709679626","properties":{"osmId":"709679626","kind":"path","alt_name":"Avenida Dom Pedro Segundo","highway":"primary","lit":"yes","name":"Avenida Dom Pedro II","oneway":"yes","surface":"asphalt"},"geometry":{"type":"LineString","coordinates":[[-35.9067696,-7.2167942],[-35.9067522,-7.2165368]]}},{"type":"Feature","id":"way/709679627","properties":{"osmId":"709679627","kind":"path","alt_name":"Avenida Dom Pedro Segundo;Rua Aprigio Veloso","highway":"primary","lit":"yes","maxspeed":"50","name":"Avenida Dom Pedro II","oneway":"yes","surface":"asphalt"},"geometry":{"type":"LineString","coordinates":[[-35.9043597,-7.216747],[-35.9062481,-7.2167741],[-35.9067696,-7.2167942]]}},{"type":"Feature","id":"way/709679628","properties":{"osmId":"709679628","kind":"path","alt_name":"Rua Vinte e Sete de Julho","highway":"tertiary","lanes":"2","maxspeed":"40","name":"Rua 27 de Julho","surface":"asphalt"},"geometry":{"type":"LineString","coordinates":[[-35.9093392,-7.2121841],[-35.9093466,-7.2122427],[-35.909356,-7.2123251],[-35.9093613,-7.2124329],[-35.90936,-7.2125759],[-35.9093593,-7.2127642],[-35.9093573,-7.2128341],[-35.90936,-7.2129212],[-35.9093707,-7.2130123],[-35.9093855,-7.2131427],[-35.9094217,-7.2133423],[-35.9094492,-7.2134561],[-35.9094834,-7.2135758],[-35.909531,-7.2137182],[-35.9095672,-7.2138226],[-35.9096282,-7.213963],[-35.9096711,-7.2140481],[-35.9097375,-7.2141539],[-35.9098005,-7.2142364],[-35.9098904,-7.2143428],[-35.9100037,-7.2144579],[-35.9100775,-7.2145304],[-35.9102491,-7.2146741],[-35.9102961,-7.2147074],[-35.9103832,-7.2147593],[-35.9105422,-7.2148411],[-35.9107903,-7.2149688],[-35.9109934,-7.2150653],[-35.9111926,-7.2151691],[-35.9117615,-7.2154615],[-35.9118893,-7.2155236],[-35.912073,-7.2156327],[-35.9122199,-7.2157192],[-35.9123185,-7.2157804],[-35.9123936,-7.215843],[-35.9124787,-7.2159281],[-35.9125672,-7.2160379],[-35.9125994,-7.2160818],[-35.9126303,-7.2161263],[-35.9126987,-7.2162461]]}},{"type":"Feature","id":"way/751508150","properties":{"osmId":"751508150","kind":"path","cycleway:left":"lane","highway":"residential","name":"Rua Inalda Meira Gayoso","source":"Bing","surface":"asphalt"},"geometry":{"type":"LineString","coordinates":[[-35.9045891,-7.2097785],[-35.9046278,-7.2098419],[-35.9048031,-7.2101294],[-35.9049702,-7.2104034],[-35.905235,-7.2108375],[-35.9055009,-7.2112885]]}},{"type":"Feature","id":"way/763941877","properties":{"osmId":"763941877","kind":"path","cycleway:right":"lane","highway":"residential","lane_markings":"no","name":"Rua Professora Lenier Sucupira Meira de Almeida","surface":"asphalt"},"geometry":{"type":"LineString","coordinates":[[-35.907982,-7.2112228],[-35.9090951,-7.2119134]]}},{"type":"Feature","id":"way/832187097","properties":{"osmId":"832187097","kind":"path","highway":"service","oneway":"yes","service":"parking_aisle"},"geometry":{"type":"LineString","coordinates":[[-35.9096114,-7.2163199],[-35.9096003,-7.2161428]]}},{"type":"Feature","id":"way/832188593","properties":{"osmId":"832188593","kind":"path","highway":"service","service":"parking_aisle","surface":"sett"},"geometry":{"type":"LineString","coordinates":[[-35.906936,-7.2139222],[-35.9058546,-7.2139064]]}},{"type":"Feature","id":"way/838174372","properties":{"osmId":"838174372","kind":"path","highway":"service","service":"parking_aisle"},"geometry":{"type":"LineString","coordinates":[[-35.9097129,-7.2155536],[-35.9088135,-7.2155522],[-35.908792,-7.2155363],[-35.9087853,-7.2155097],[-35.9087934,-7.2154698],[-35.9088282,-7.2154538],[-35.9097121,-7.2154312]]}},{"type":"Feature","id":"way/838174373","properties":{"osmId":"838174373","kind":"path","highway":"service","service":"parking_aisle"},"geometry":{"type":"LineString","coordinates":[[-35.9089557,-7.2120192],[-35.9089246,-7.2127428]]}},{"type":"Feature","id":"way/838174374","properties":{"osmId":"838174374","kind":"path","highway":"service","service":"parking_aisle"},"geometry":{"type":"LineString","coordinates":[[-35.9090384,-7.2127461],[-35.9090841,-7.2121075]]}},{"type":"Feature","id":"way/838174375","properties":{"osmId":"838174375","kind":"path","highway":"service","service":"parking_aisle"},"geometry":{"type":"LineString","coordinates":[[-35.909193,-7.2127543],[-35.9092037,-7.212226],[-35.909193,-7.2121941],[-35.9091635,-7.2121622],[-35.9090841,-7.2121075],[-35.9089557,-7.2120192],[-35.9088309,-7.2119333]]}},{"type":"Feature","id":"way/838181321","properties":{"osmId":"838181321","kind":"path","highway":"footway"},"geometry":{"type":"LineString","coordinates":[[-35.9082113,-7.2137779],[-35.9082215,-7.2135021]]}},{"type":"Feature","id":"way/838181322","properties":{"osmId":"838181322","kind":"path","covered":"yes","highway":"footway"},"geometry":{"type":"LineString","coordinates":[[-35.9082153,-7.2139132],[-35.9082113,-7.2137779]]}},{"type":"Feature","id":"way/901209362","properties":{"osmId":"901209362","kind":"path","cycleway:right":"lane","highway":"residential"},"geometry":{"type":"LineString","coordinates":[[-35.9076662,-7.2111111],[-35.9077406,-7.2111217],[-35.9078157,-7.2111463],[-35.9078988,-7.2111809],[-35.907982,-7.2112228]]}},{"type":"Feature","id":"way/901209363","properties":{"osmId":"901209363","kind":"path","cycleway:right":"lane","highway":"residential"},"geometry":{"type":"LineString","coordinates":[[-35.9090524,-7.2108552],[-35.908486,-7.210983],[-35.9076662,-7.2111111]]}},{"type":"Feature","id":"way/901209364","properties":{"osmId":"901209364","kind":"path","highway":"residential","name":"Rua Inalda Meira Gayoso","oneway":"yes"},"geometry":{"type":"LineString","coordinates":[[-35.9055009,-7.2112885],[-35.9056573,-7.2113306],[-35.9057469,-7.2113204],[-35.9058442,-7.2113092],[-35.9059871,-7.2112896],[-35.9060793,-7.2112802],[-35.9062556,-7.2112752]]}},{"type":"Feature","id":"way/901209365","properties":{"osmId":"901209365","kind":"path","highway":"path"},"geometry":{"type":"LineString","coordinates":[[-35.9100061,-7.2105762],[-35.9096074,-7.2108849],[-35.9095635,-7.2109719],[-35.9093606,-7.2112415]]}},{"type":"Feature","id":"way/997291274","properties":{"osmId":"997291274","kind":"building","building":"house"},"geometry":{"type":"Polygon","coordinates":[[[-35.9122058,-7.2110746],[-35.9122107,-7.2112377],[-35.9118369,-7.2112488],[-35.911832,-7.2110857],[-35.9122058,-7.2110746]]]}},{"type":"Feature","id":"way/997291275","properties":{"osmId":"997291275","kind":"building","building":"house"},"geometry":{"type":"Polygon","coordinates":[[[-35.9122537,-7.2113014],[-35.9122571,-7.2114891],[-35.9118589,-7.2114963],[-35.9118555,-7.2113086],[-35.9122537,-7.2113014]]]}},{"type":"Feature","id":"way/999504468","properties":{"osmId":"999504468","kind":"path","highway":"residential","name":"Rua Inalda Meira Gayoso","oneway":"yes","surface":"asphalt"},"geometry":{"type":"LineString","coordinates":[[-35.9057147,-7.2120527],[-35.9056688,-7.2118106],[-35.9056525,-7.211655],[-35.9056265,-7.2115466],[-35.9055923,-7.2114387],[-35.9055009,-7.2112885]]}},{"type":"Feature","id":"way/1021407327","properties":{"osmId":"1021407327","kind":"path","highway":"residential","lane_markings":"no","name":"Rua Professora Lenier Sucupira Meira de Almeida","surface":"asphalt"},"geometry":{"type":"LineString","coordinates":[[-35.9090951,-7.2119134],[-35.9091729,-7.2119766],[-35.9092399,-7.2120358],[-35.9092862,-7.2120963],[-35.9093392,-7.2121841]]}},{"type":"Feature","id":"way/1195620822","properties":{"osmId":"1195620822","kind":"area","landuse":"grass"},"geometry":{"type":"Polygon","coordinates":[[[-35.9126949,-7.2168519],[-35.9126878,-7.2169216],[-35.9127091,-7.2169915],[-35.9127695,-7.2170661],[-35.912631,-7.217043],[-35.9124682,-7.2170401],[-35.9119083,-7.2171003],[-35.9105427,-7.2172855],[-35.9099286,-7.2173553],[-35.9095536,-7.2173895],[-35.9092801,-7.2174187],[-35.9091033,-7.2174203],[-35.9090132,-7.2174236],[-35.9090411,-7.2172839],[-35.9092914,-7.2173224],[-35.9094569,-7.2173533],[-35.9100986,-7.2172915],[-35.9105864,-7.2172171],[-35.9117139,-7.2170665],[-35.912303,-7.2169815],[-35.9125685,-7.2169179],[-35.9126949,-7.2168519]]]}},{"type":"Feature","id":"way/1195671006","properties":{"osmId":"1195671006","kind":"area","landuse":"grass"},"geometry":{"type":"Polygon","coordinates":[[[-35.9025049,-7.2122562],[-35.9036207,-7.2115452],[-35.9044318,-7.212963],[-35.9056678,-7.2128651],[-35.905509,-7.2155644],[-35.9050611,-7.2154655],[-35.9049442,-7.2151136],[-35.904448,-7.2150241],[-35.9044919,-7.2142062],[-35.9040422,-7.2141963],[-35.9041228,-7.2137847],[-35.9028096,-7.2134228],[-35.9025392,-7.2126863],[-35.9025049,-7.2122562]]]}},{"type":"Feature","id":"way/1205115097","properties":{"osmId":"1205115097","kind":"path","highway":"residential"},"geometry":{"type":"LineString","coordinates":[[-35.909644,-7.210998],[-35.9097191,-7.2110366],[-35.9097508,-7.2110698],[-35.909793,-7.2111521]]}},{"type":"Feature","id":"way/1224496602","properties":{"osmId":"1224496602","kind":"path","cycleway:left":"lane","highway":"secondary","lanes":"2","lit":"yes","maxspeed":"50","name":"Rua Silva Barbosa","surface":"asphalt"},"geometry":{"type":"LineString","coordinates":[[-35.9067522,-7.2165368],[-35.9062622,-7.2164379],[-35.9057239,-7.2163292]]}},{"type":"Feature","id":"way/1224496603","properties":{"osmId":"1224496603","kind":"path","highway":"residential","lanes":"2","name":"Rua Lenier Sucupira Meira de Almeida","oneway":"yes","surface":"asphalt"},"geometry":{"type":"LineString","coordinates":[[-35.9062556,-7.2112752],[-35.9060991,-7.2113985],[-35.906052,-7.2114362],[-35.9060153,-7.2114656],[-35.9059522,-7.2115342],[-35.9058964,-7.2115946],[-35.9058494,-7.2116679],[-35.9057814,-7.2118118],[-35.9057147,-7.2120527]]}},{"type":"Feature","id":"way/1296800106","properties":{"osmId":"1296800106","kind":"path","highway":"residential","oneway":"yes"},"geometry":{"type":"LineString","coordinates":[[-35.9059871,-7.2112896],[-35.9060216,-7.2113392],[-35.9060397,-7.2113819],[-35.906052,-7.2114362]]}},{"type":"Feature","id":"way/1296800107","properties":{"osmId":"1296800107","kind":"path","highway":"residential","oneway":"yes"},"geometry":{"type":"LineString","coordinates":[[-35.9055923,-7.2114387],[-35.9056074,-7.2113968],[-35.9056272,-7.2113626],[-35.9056573,-7.2113306]]}},{"type":"Feature","id":"way/1296800108","properties":{"osmId":"1296800108","kind":"path","highway":"residential","oneway":"yes"},"geometry":{"type":"LineString","coordinates":[[-35.9057814,-7.2118118],[-35.9057477,-7.2118287],[-35.9057073,-7.2118287],[-35.9056688,-7.2118106]]}},{"type":"Feature","id":"way/1360761694","properties":{"osmId":"1360761694","kind":"path","alt_name":"Avenida Capitão João Alves Lira","highway":"residential","lanes":"3","name":"Rua Capitão João Alves de Lira","surface":"asphalt"},"geometry":{"type":"LineString","coordinates":[[-35.9042242,-7.2175639],[-35.9062855,-7.2170902],[-35.9067492,-7.2170028],[-35.9074227,-7.2168867],[-35.9076783,-7.2168468]]}},{"type":"Feature","id":"way/1360761738","properties":{"osmId":"1360761738","kind":"path","highway":"primary_link","lanes":"1","oneway":"yes","surface":"asphalt"},"geometry":{"type":"LineString","coordinates":[[-35.9089946,-7.2172614],[-35.9090133,-7.2173364]]}},{"type":"Feature","id":"way/1360761761","properties":{"osmId":"1360761761","kind":"path","highway":"secondary","lanes":"2","lit":"yes","maxspeed":"50","name":"Rua Silva Barbosa","surface":"asphalt"},"geometry":{"type":"LineString","coordinates":[[-35.9057239,-7.2163292],[-35.9055802,-7.2163048],[-35.9053254,-7.2162657],[-35.904408,-7.2161323]]}},{"type":"Feature","id":"way/1360761762","properties":{"osmId":"1360761762","kind":"path","alt_name":"Rua 27 de Julho; Avenida Vinte e Sete de Julho; Rua Vinte e Sete de Julho","highway":"tertiary","name":"Avenida 27 de Julho"},"geometry":{"type":"LineString","coordinates":[[-35.9093855,-7.2108367],[-35.9093821,-7.2109514],[-35.9093606,-7.2112415],[-35.9093553,-7.21159],[-35.9093553,-7.2119459],[-35.9093392,-7.2121841]]}},{"type":"Feature","id":"way/1363635577","properties":{"osmId":"1363635577","kind":"path","highway":"service"},"geometry":{"type":"LineString","coordinates":[[-35.9074712,-7.2172306],[-35.9073624,-7.2172539],[-35.9073222,-7.217242],[-35.9073034,-7.217202]]}},{"type":"Feature","id":"way/1363635578","properties":{"osmId":"1363635578","kind":"path","highway":"service"},"geometry":{"type":"LineString","coordinates":[[-35.9074227,-7.2168867],[-35.9074348,-7.2169985],[-35.9074712,-7.2172306],[-35.9075086,-7.2174695],[-35.9075233,-7.2175107],[-35.9075743,-7.2175493],[-35.9078224,-7.21752]]}},{"type":"Feature","id":"way/1422120384","properties":{"osmId":"1422120384","kind":"path","cycleway:left":"lane","highway":"primary","lanes":"2","lit":"yes","maxspeed":"50","name":"Rua Silva Barbosa","surface":"asphalt"},"geometry":{"type":"LineString","coordinates":[[-35.9079646,-7.2169413],[-35.9076783,-7.2168468],[-35.9067522,-7.2165368]]}},{"type":"Feature","id":"way/1422120385","properties":{"osmId":"1422120385","kind":"path","highway":"secondary_link","oneway":"yes"},"geometry":{"type":"LineString","coordinates":[[-35.9053254,-7.2162657],[-35.905415,-7.2162312],[-35.9054954,-7.2161788],[-35.9055629,-7.2161109],[-35.9056146,-7.2160305]]}},{"type":"Feature","id":"way/1422120386","properties":{"osmId":"1422120386","kind":"path","cycleway:right":"lane","highway":"residential","name":"Rua Lenier Sucupira Meira de Almeida","oneway":"yes"},"geometry":{"type":"LineString","coordinates":[[-35.9056646,-7.2156334],[-35.9057239,-7.2163292]]}},{"type":"Feature","id":"way/1422120387","properties":{"osmId":"1422120387","kind":"path","highway":"residential","name":"Rua Lenier Sucupira Meira de Almeida","oneway":"yes"},"geometry":{"type":"LineString","coordinates":[[-35.9055802,-7.2163048],[-35.9056146,-7.2160305],[-35.9056646,-7.2156334]]}},{"type":"Feature","id":"way/1456229011","properties":{"osmId":"1456229011","kind":"path","highway":"service"},"geometry":{"type":"LineString","coordinates":[[-35.9062622,-7.2164379],[-35.9062481,-7.2167741]]}},{"type":"Feature","id":"way/1474061042","properties":{"osmId":"1474061042","kind":"path","highway":"residential"},"geometry":{"type":"LineString","coordinates":[[-35.909644,-7.210998],[-35.9096094,-7.2110093],[-35.9095786,-7.2110485],[-35.9095746,-7.2110805],[-35.9095806,-7.2111357],[-35.9096054,-7.2112148],[-35.909655,-7.2112767],[-35.9097127,-7.2113047],[-35.909765,-7.2112993]]}},{"type":"Feature","id":"way/1561459019","properties":{"osmId":"1561459019","kind":"building","building":"yes","name":"Bloco CW2 (UFCG)"},"geometry":{"type":"Polygon","coordinates":[[[-35.9060707,-7.2130103],[-35.9062865,-7.2130112],[-35.9062877,-7.2131364],[-35.9060717,-7.2131277],[-35.9060707,-7.2130103]]]}},{"type":"Feature","id":"way/1561459020","properties":{"osmId":"1561459020","kind":"path","highway":"footway","surface":"concrete"},"geometry":{"type":"LineString","coordinates":[[-35.9073111,-7.2133335],[-35.9073314,-7.2132288],[-35.9073433,-7.2130447],[-35.9073472,-7.2129532],[-35.9073606,-7.2128333]]}},{"type":"Feature","id":"way/1561459021","properties":{"osmId":"1561459021","kind":"path","highway":"footway","surface":"concrete"},"geometry":{"type":"LineString","coordinates":[[-35.9070228,-7.2127968],[-35.9072776,-7.2128304],[-35.907343,-7.2128298],[-35.9073606,-7.2128333],[-35.9073833,-7.2128378],[-35.907612,-7.212829],[-35.9076963,-7.2128145]]}},{"type":"Feature","id":"way/1561459022","properties":{"osmId":"1561459022","kind":"path","highway":"footway"},"geometry":{"type":"LineString","coordinates":[[-35.9076909,-7.2128435],[-35.9076864,-7.2130365]]}},{"type":"Feature","id":"way/1561459023","properties":{"osmId":"1561459023","kind":"path","highway":"footway"},"geometry":{"type":"LineString","coordinates":[[-35.9087369,-7.212807],[-35.9082473,-7.2127957],[-35.9079482,-7.2127879],[-35.9076963,-7.2128145],[-35.9076909,-7.2128435]]}},{"type":"Feature","id":"way/1561459024","properties":{"osmId":"1561459024","kind":"path","highway":"footway"},"geometry":{"type":"LineString","coordinates":[[-35.9078932,-7.2161383],[-35.9080483,-7.2160658],[-35.9079979,-7.2159903],[-35.9078966,-7.2159516],[-35.9079316,-7.2157877],[-35.9079346,-7.2157604],[-35.9079453,-7.2156772],[-35.9080186,-7.2152714],[-35.9081724,-7.2147918],[-35.9082268,-7.2144004]]}},{"type":"Feature","id":"way/1561459025","properties":{"osmId":"1561459025","kind":"path","bridge":"yes","highway":"footway","layer":"1","lit":"yes"},"geometry":{"type":"LineString","coordinates":[[-35.9079453,-7.2156772],[-35.9079316,-7.2157877]]}}]}
