<?xml version="1.0" encoding="UTF-8"?>
<osm version="0.6" generator="openstreetmap-cgimap 2.1.0 (3830518 spike-06.openstreetmap.org)" copyright="OpenStreetMap and contributors" attribution="http://www.openstreetmap.org/copyright" license="http://opendatacommons.org/licenses/odbl/1-0/">
 <bounds minlat="-7.2173190" minlon="-35.9127720" maxlat="-7.2110920" maxlon="-35.9052840"/>
 <node id="324828852" visible="true" version="4" changeset="170398331" timestamp="2025-08-13T16:22:30Z" user="Aralqum" uid="10935577" lat="-7.2167942" lon="-35.9067696"/>
 <node id="324828877" visible="true" version="3" changeset="88723969" timestamp="2020-07-30T09:41:33Z" user="DnieperBasin" uid="10652829" lat="-7.2166193" lon="-35.9071827"/>
 <node id="687796375" visible="true" version="6" changeset="70121587" timestamp="2019-05-10T19:07:26Z" user="Matias_Daniel" uid="7142955" lat="-7.2171112" lon="-35.9119495"/>
 <node id="687796409" visible="true" version="8" changeset="80619948" timestamp="2020-02-06T05:29:37Z" user="PlazaBaquedano" uid="9225258" lat="-7.2167104" lon="-35.9132712"/>
 <node id="687796418" visible="true" version="7" changeset="139568816" timestamp="2023-08-07T14:40:39Z" user="Raphaelkaart" uid="12468685" lat="-7.2176257" lon="-35.9080820"/>
 <node id="1429034681" visible="true" version="3" changeset="88723969" timestamp="2020-07-30T09:41:33Z" user="DnieperBasin" uid="10652829" lat="-7.2172925" lon="-35.9094572"/>
 <node id="1429034876" visible="true" version="5" changeset="139568816" timestamp="2023-08-07T14:40:39Z" user="Raphaelkaart" uid="12468685" lat="-7.2172614" lon="-35.9089946"/>
 <node id="1515991105" visible="true" version="4" changeset="88723969" timestamp="2020-07-30T09:41:33Z" user="DnieperBasin" uid="10652829" lat="-7.2120717" lon="-35.9091514"/>
 <node id="1515991107" visible="true" version="3" changeset="88723969" timestamp="2020-07-30T09:41:33Z" user="DnieperBasin" uid="10652829" lat="-7.2167284" lon="-35.9126759"/>
 <node id="1515991108" visible="true" version="2" changeset="88723969" timestamp="2020-07-30T09:41:33Z" user="DnieperBasin" uid="10652829" lat="-7.2162388" lon="-35.9057960"/>
 <node id="1515991109" visible="true" version="3" changeset="88723969" timestamp="2020-07-30T09:41:33Z" user="DnieperBasin" uid="10652829" lat="-7.2160818" lon="-35.9125417"/>
 <node id="1515991110" visible="true" version="4" changeset="88723969" timestamp="2020-07-30T09:41:33Z" user="DnieperBasin" uid="10652829" lat="-7.2163425" lon="-35.9126785"/>
 <node id="1515991111" visible="true" version="6" changeset="139568816" timestamp="2023-08-07T14:40:39Z" user="Raphaelkaart" uid="12468685" lat="-7.2174525" lon="-35.9089793"/>
 <node id="1515991112" visible="true" version="3" changeset="88723969" timestamp="2020-07-30T09:41:33Z" user="DnieperBasin" uid="10652829" lat="-7.2141047" lon="-35.9096155"/>
 <node id="1515991113" visible="true" version="3" changeset="88723969" timestamp="2020-07-30T09:41:33Z" user="DnieperBasin" uid="10652829" lat="-7.2112854" lon="-35.9065390"/>
 <node id="1515991116" visible="true" version="4" changeset="88723969" timestamp="2020-07-30T09:41:33Z" user="DnieperBasin" uid="10652829" lat="-7.2120717" lon="-35.9057772"/>
 <node id="1515991117" visible="true" version="4" changeset="88723969" timestamp="2020-07-30T09:41:33Z" user="DnieperBasin" uid="10652829" lat="-7.2158343" lon="-35.9122708"/>
 <node id="1515991118" visible="true" version="4" changeset="88723969" timestamp="2020-07-30T09:41:33Z" user="DnieperBasin" uid="10652829" lat="-7.2112002" lon="-35.9076655"/>
 <node id="1661579003" visible="true" version="3" changeset="174657222" timestamp="2025-11-14T16:54:05Z" user="AnnaCatarina" uid="560578" lat="-7.2049928" lon="-35.9037743"/>
 <node id="1661579035" visible="true" version="3" changeset="174657222" timestamp="2025-11-14T16:54:05Z" user="AnnaCatarina" uid="560578" lat="-7.2019060" lon="-35.9082080"/>
 <node id="1661579038" visible="true" version="3" changeset="174657222" timestamp="2025-11-14T16:54:05Z" user="AnnaCatarina" uid="560578" lat="-7.2017809" lon="-35.9072290"/>
 <node id="1661579042" visible="true" version="3" changeset="174657222" timestamp="2025-11-14T16:54:05Z" user="AnnaCatarina" uid="560578" lat="-7.2053733" lon="-35.9039218"/>
 <node id="1661579044" visible="true" version="2" changeset="17526988" timestamp="2013-08-26T22:40:03Z" user="UsuárioPar" uid="367813" lat="-7.2061184" lon="-35.9045870"/>
 <node id="1661579047" visible="true" version="2" changeset="17526988" timestamp="2013-08-26T22:40:03Z" user="UsuárioPar" uid="367813" lat="-7.2019566" lon="-35.9057082"/>
 <node id="1661579050" visible="true" version="3" changeset="174657222" timestamp="2025-11-14T16:54:05Z" user="AnnaCatarina" uid="560578" lat="-7.2038619" lon="-35.9037046"/>
 <node id="1661579059" visible="true" version="3" changeset="174657222" timestamp="2025-11-14T16:54:05Z" user="AnnaCatarina" uid="560578" lat="-7.2030502" lon="-35.9040184"/>
 <node id="1661579221" visible="true" version="1" changeset="10885649" timestamp="2012-03-05T23:35:51Z" user="UsuárioPar" uid="367813" lat="-7.2087870" lon="-35.9085537"/>
 <node id="1661579249" visible="true" version="3" changeset="174657222" timestamp="2025-11-14T16:54:05Z" user="AnnaCatarina" uid="560578" lat="-7.2059295" lon="-35.9043483"/>
 <node id="1661579256" visible="true" version="3" changeset="174657222" timestamp="2025-11-14T16:54:05Z" user="AnnaCatarina" uid="560578" lat="-7.2017623" lon="-35.9075696"/>
 <node id="1661579267" visible="true" version="2" changeset="17526988" timestamp="2013-08-26T22:40:03Z" user="UsuárioPar" uid="367813" lat="-7.2024515" lon="-35.9045226"/>
 <node id="1661579282" visible="true" version="2" changeset="17526988" timestamp="2013-08-26T22:40:03Z" user="UsuárioPar" uid="367813" lat="-7.2045431" lon="-35.9036911"/>
 <node id="1661579330" visible="true" version="2" changeset="17526988" timestamp="2013-08-26T22:40:03Z" user="UsuárioPar" uid="367813" lat="-7.2020683" lon="-35.9052361"/>
 <node id="1662600350" visible="true" version="1" changeset="10891372" timestamp="2012-03-06T15:53:20Z" user="UsuárioPar" uid="367813" lat="-7.2204641" lon="-35.9141513"/>
 <node id="1662600363" visible="true" version="1" changeset="10891372" timestamp="2012-03-06T15:53:21Z" user="UsuárioPar" uid="367813" lat="-7.2182183" lon="-35.9146126"/>
 <node id="1662600371" visible="true" version="1" changeset="10891372" timestamp="2012-03-06T15:53:21Z" user="UsuárioPar" uid="367813" lat="-7.2132328" lon="-35.9095777"/>
 <node id="1662600374" visible="true" version="1" changeset="10891372" timestamp="2012-03-06T15:53:21Z" user="UsuárioPar" uid="367813" lat="-7.2092987" lon="-35.9090819"/>
 <node id="1662600377" visible="true" version="2" changeset="174657222" timestamp="2025-11-14T16:54:05Z" user="AnnaCatarina" uid="560578" lat="-7.2227658" lon="-35.9119224"/>
 <node id="1662600381" visible="true" version="2" changeset="49964057" timestamp="2017-07-01T12:36:16Z" user="erickdeoliveiraleal" uid="463504" lat="-7.2192454" lon="-35.9147092">
  <tag k="railway" v="level_crossing"/>
 </node>
 <node id="1662600387" visible="true" version="1" changeset="10891372" timestamp="2012-03-06T15:53:22Z" user="UsuárioPar" uid="367813" lat="-7.2187026" lon="-35.9147199"/>
 <node id="1662600390" visible="true" version="1" changeset="10891372" timestamp="2012-03-06T15:53:22Z" user="UsuárioPar" uid="367813" lat="-7.2207196" lon="-35.9138670"/>
 <node id="1662600422" visible="true" version="1" changeset="10891372" timestamp="2012-03-06T15:53:22Z" user="UsuárioPar" uid="367813" lat="-7.2142268" lon="-35.9101172"/>
 <node id="1662600425" visible="true" version="1" changeset="10891372" timestamp="2012-03-06T15:53:22Z" user="UsuárioPar" uid="367813" lat="-7.2129312" lon="-35.9095245"/>
 <node id="1662600430" visible="true" version="1" changeset="10891372" timestamp="2012-03-06T15:53:22Z" user="UsuárioPar" uid="367813" lat="-7.2135829" lon="-35.9096935"/>
 <node id="1662600432" visible="true" version="1" changeset="10891372" timestamp="2012-03-06T15:53:22Z" user="UsuárioPar" uid="367813" lat="-7.2144730" lon="-35.9103704"/>
 <node id="1662600433" visible="true" version="1" changeset="10891372" timestamp="2012-03-06T15:53:22Z" user="UsuárioPar" uid="367813" lat="-7.2282979" lon="-35.9132662"/>
 <node id="1662600435" visible="true" version="2" changeset="174657222" timestamp="2025-11-14T16:54:05Z" user="AnnaCatarina" uid="560578" lat="-7.2222695" lon="-35.9121866"/>
 <node id="1662600437" visible="true" version="2" changeset="174657222" timestamp="2025-11-14T16:54:05Z" user="AnnaCatarina" uid="560578" lat="-7.2218731" lon="-35.9125511"/>
 <node id="1662600439" visible="true" version="1" changeset="10891372" timestamp="2012-03-06T15:53:23Z" user="UsuárioPar" uid="367813" lat="-7.2280797" lon="-35.9133842"/>
 <node id="1662600441" visible="true" version="1" changeset="10891372" timestamp="2012-03-06T15:53:23Z" user="UsuárioPar" uid="367813" lat="-7.2294101" lon="-35.9075745"/>
 <node id="1662600466" visible="true" version="1" changeset="10891372" timestamp="2012-03-06T15:53:23Z" user="UsuárioPar" uid="367813" lat="-7.2126515" lon="-35.9095164"/>
 <node id="1662600468" visible="true" version="1" changeset="10891372" timestamp="2012-03-06T15:53:23Z" user="UsuárioPar" uid="367813" lat="-7.2295964" lon="-35.9033366"/>
 <node id="1662600472" visible="true" version="2" changeset="174657222" timestamp="2025-11-14T16:54:05Z" user="AnnaCatarina" uid="560578" lat="-7.2211213" lon="-35.9134244"/>
 <node id="1662600476" visible="true" version="1" changeset="10891372" timestamp="2012-03-06T15:53:23Z" user="UsuárioPar" uid="367813" lat="-7.2174839" lon="-35.9141835"/>
 <node id="1662600484" visible="true" version="1" changeset="10891372" timestamp="2012-03-06T15:53:23Z" user="UsuárioPar" uid="367813" lat="-7.2291826" lon="-35.9118188"/>
 <node id="1662600487" visible="true" version="1" changeset="10891372" timestamp="2012-03-06T15:53:24Z" user="UsuárioPar" uid="367813" lat="-7.2199905" lon="-35.9144839"/>
 <node id="1662600490" visible="true" version="1" changeset="10891372" timestamp="2012-03-06T15:53:24Z" user="UsuárioPar" uid="367813" lat="-7.2237796" lon="-35.9117856"/>
 <node id="1662600505" visible="true" version="1" changeset="10891372" timestamp="2012-03-06T15:53:24Z" user="UsuárioPar" uid="367813" lat="-7.2164621" lon="-35.9133895"/>
 <node id="1662600507" visible="true" version="2" changeset="174657222" timestamp="2025-11-14T16:54:05Z" user="AnnaCatarina" uid="560578" lat="-7.2232714" lon="-35.9117989"/>
 <node id="1662600508" visible="true" version="1" changeset="10891372" timestamp="2012-03-06T15:53:24Z" user="UsuárioPar" uid="367813" lat="-7.2256582" lon="-35.9128102"/>
 <node id="1662600510" visible="true" version="1" changeset="10891372" timestamp="2012-03-06T15:53:24Z" user="UsuárioPar" uid="367813" lat="-7.2285107" lon="-35.9131106"/>
 <node id="1662600513" visible="true" version="1" changeset="10891372" timestamp="2012-03-06T15:53:24Z" user="UsuárioPar" uid="367813" lat="-7.2177021" lon="-35.9143498"/>
 <node id="1662600515" visible="true" version="1" changeset="10891372" timestamp="2012-03-06T15:53:24Z" user="UsuárioPar" uid="367813" lat="-7.2270738" lon="-35.9135397"/>
 <node id="1662600517" visible="true" version="1" changeset="10891372" timestamp="2012-03-06T15:53:24Z" user="UsuárioPar" uid="367813" lat="-7.2169942" lon="-35.9138080"/>
 <node id="1662600544" visible="true" version="1" changeset="10891372" timestamp="2012-03-06T15:53:25Z" user="UsuárioPar" uid="367813" lat="-7.2240936" lon="-35.9118446"/>
 <node id="1662600551" visible="true" version="1" changeset="10891372" timestamp="2012-03-06T15:53:25Z" user="UsuárioPar" uid="367813" lat="-7.2147125" lon="-35.9107299"/>
 <node id="1662600556" visible="true" version="2" changeset="174657222" timestamp="2025-11-14T16:54:05Z" user="AnnaCatarina" uid="560578" lat="-7.2107835" lon="-35.9095647"/>
 <node id="1662600558" visible="true" version="1" changeset="10891372" timestamp="2012-03-06T15:53:25Z" user="UsuárioPar" uid="367813" lat="-7.2096180" lon="-35.9092858"/>
 <node id="1662600562" visible="true" version="1" changeset="10891372" timestamp="2012-03-06T15:53:25Z" user="UsuárioPar" uid="367813" lat="-7.2115126" lon="-35.9095486"/>
 <node id="1662600564" visible="true" version="1" changeset="10891372" timestamp="2012-03-06T15:53:25Z" user="UsuárioPar" uid="367813" lat="-7.2288833" lon="-35.9126814"/>
 <node id="1662600574" visible="true" version="1" changeset="10891372" timestamp="2012-03-06T15:53:26Z" user="UsuárioPar" uid="367813" lat="-7.2090379" lon="-35.9088459"/>
 <node id="1662600578" visible="true" version="1" changeset="10891372" timestamp="2012-03-06T15:53:26Z" user="UsuárioPar" uid="367813" lat="-7.2247003" lon="-35.9120806"/>
 <node id="1662600583" visible="true" version="1" changeset="10891372" timestamp="2012-03-06T15:53:26Z" user="UsuárioPar" uid="367813" lat="-7.2290323" lon="-35.9123918"/>
 <node id="1662600587" visible="true" version="1" changeset="10891372" timestamp="2012-03-06T15:53:26Z" user="UsuárioPar" uid="367813" lat="-7.2265470" lon="-35.9133949"/>
 <node id="1662600589" visible="true" version="1" changeset="10891372" timestamp="2012-03-06T15:53:26Z" user="UsuárioPar" uid="367813" lat="-7.2105706" lon="-35.9095540"/>
 <node id="1662600590" visible="true" version="2" changeset="174657222" timestamp="2025-11-14T16:54:05Z" user="AnnaCatarina" uid="560578" lat="-7.2225078" lon="-35.9120431"/>
 <node id="1662600592" visible="true" version="1" changeset="10891372" timestamp="2012-03-06T15:53:26Z" user="UsuárioPar" uid="367813" lat="-7.2102354" lon="-35.9095003"/>
 <node id="1662600604" visible="true" version="1" changeset="10891372" timestamp="2012-03-06T15:53:27Z" user="UsuárioPar" uid="367813" lat="-7.2275901" lon="-35.9135344"/>
 <node id="1662600606" visible="true" version="1" changeset="10891372" timestamp="2012-03-06T15:53:27Z" user="UsuárioPar" uid="367813" lat="-7.2189740" lon="-35.9147306"/>
 <node id="1662600607" visible="true" version="1" changeset="10891372" timestamp="2012-03-06T15:53:27Z" user="UsuárioPar" uid="367813" lat="-7.2235189" lon="-35.9117749"/>
 <node id="1662600609" visible="true" version="1" changeset="10891372" timestamp="2012-03-06T15:53:27Z" user="UsuárioPar" uid="367813" lat="-7.2292145" lon="-35.9114326"/>
 <node id="1662600610" visible="true" version="1" changeset="10891372" timestamp="2012-03-06T15:53:27Z" user="UsuárioPar" uid="367813" lat="-7.2268078" lon="-35.9134861"/>
 <node id="1662600612" visible="true" version="1" changeset="10891372" timestamp="2012-03-06T15:53:27Z" user="UsuárioPar" uid="367813" lat="-7.2157489" lon="-35.9126922"/>
 <node id="1662600613" visible="true" version="2" changeset="174657222" timestamp="2025-11-14T16:54:05Z" user="AnnaCatarina" uid="560578" lat="-7.2292451" lon="-35.9108036"/>
 <node id="1662600614" visible="true" version="1" changeset="10891372" timestamp="2012-03-06T15:53:27Z" user="UsuárioPar" uid="367813" lat="-7.2166590" lon="-35.9135451"/>
 <node id="1662600616" visible="true" version="1" changeset="10891372" timestamp="2012-03-06T15:53:27Z" user="UsuárioPar" uid="367813" lat="-7.2179735" lon="-35.9145161"/>
 <node id="1662600617" visible="true" version="2" changeset="174657222" timestamp="2025-11-14T16:54:05Z" user="AnnaCatarina" uid="560578" lat="-7.2230239" lon="-35.9118419"/>
 <node id="1662600627" visible="true" version="1" changeset="10891372" timestamp="2012-03-06T15:53:28Z" user="UsuárioPar" uid="367813" lat="-7.2194849" lon="-35.9146663"/>
 <node id="1662600637" visible="true" version="1" changeset="10891372" timestamp="2012-03-06T15:53:28Z" user="UsuárioPar" uid="367813" lat="-7.2287130" lon="-35.9128960"/>
 <node id="1662600643" visible="true" version="1" changeset="10891372" timestamp="2012-03-06T15:53:28Z" user="UsuárioPar" uid="367813" lat="-7.2099107" lon="-35.9094091"/>
 <node id="1662600645" visible="true" version="1" changeset="10891372" timestamp="2012-03-06T15:53:28Z" user="UsuárioPar" uid="367813" lat="-7.2184684" lon="-35.9146770"/>
 <node id="1662600648" visible="true" version="1" changeset="10891372" timestamp="2012-03-06T15:53:28Z" user="UsuárioPar" uid="367813" lat="-7.2202193" lon="-35.9143444"/>
 <node id="1662600652" visible="true" version="1" changeset="10891372" timestamp="2012-03-06T15:53:28Z" user="UsuárioPar" uid="367813" lat="-7.2244183" lon="-35.9119411"/>
 <node id="1662600670" visible="true" version="1" changeset="10891372" timestamp="2012-03-06T15:53:29Z" user="UsuárioPar" uid="367813" lat="-7.2197137" lon="-35.9145965"/>
 <node id="1662600674" visible="true" version="1" changeset="10891372" timestamp="2012-03-06T15:53:29Z" user="UsuárioPar" uid="367813" lat="-7.2139395" lon="-35.9098919"/>
 <node id="1662600678" visible="true" version="1" changeset="10891372" timestamp="2012-03-06T15:53:29Z" user="UsuárioPar" uid="367813" lat="-7.2261957" lon="-35.9131964"/>
 <node id="1662600680" visible="true" version="1" changeset="10891372" timestamp="2012-03-06T15:53:29Z" user="UsuárioPar" uid="367813" lat="-7.2273559" lon="-35.9135505"/>
 <node id="1662600697" visible="true" version="1" changeset="10891372" timestamp="2012-03-06T15:53:30Z" user="UsuárioPar" uid="367813" lat="-7.2291281" lon="-35.9121235"/>
 <node id="1662600698" visible="true" version="1" changeset="10891372" timestamp="2012-03-06T15:53:30Z" user="UsuárioPar" uid="367813" lat="-7.2250835" lon="-35.9123596"/>
 <node id="1662600700" visible="true" version="2" changeset="174657222" timestamp="2025-11-14T16:54:05Z" user="AnnaCatarina" uid="560578" lat="-7.2161467" lon="-35.9131267"/>
 <node id="1662600702" visible="true" version="2" changeset="174657222" timestamp="2025-11-14T16:54:05Z" user="AnnaCatarina" uid="560578" lat="-7.2158899" lon="-35.9128785"/>
 <node id="1662600706" visible="true" version="1" changeset="10891372" timestamp="2012-03-06T15:53:30Z" user="UsuárioPar" uid="367813" lat="-7.2278349" lon="-35.9134807"/>
 <node id="1662610018" visible="true" version="2" changeset="53847311" timestamp="2017-11-16T16:42:17Z" user="UsuárioPar" uid="367813" lat="-7.2297365" lon="-35.9010850">
  <tag k="railway" v="switch"/>
 </node>
 <node id="1851337102" visible="true" version="2" changeset="80569704" timestamp="2020-02-05T06:33:01Z" user="PlazaBaquedano" uid="9225258" lat="-7.2111111" lon="-35.9076662"/>
 <node id="1851337104" visible="true" version="2" changeset="80569704" timestamp="2020-02-05T06:33:01Z" user="PlazaBaquedano" uid="9225258" lat="-7.2112228" lon="-35.9079820"/>
 <node id="1851337105" visible="true" version="3" changeset="80569704" timestamp="2020-02-05T06:33:01Z" user="PlazaBaquedano" uid="9225258" lat="-7.2112355" lon="-35.9064739"/>
 <node id="1851337109" visible="true" version="3" changeset="80569704" timestamp="2020-02-05T06:33:01Z" user="PlazaBaquedano" uid="9225258" lat="-7.2114656" lon="-35.9060153"/>
 <node id="1851337112" visible="true" version="6" changeset="153276766" timestamp="2024-06-28T06:34:17Z" user="LakeTaupo" uid="20681087" lat="-7.2120527" lon="-35.9057147"/>
 <node id="1851337116" visible="true" version="4" changeset="80785730" timestamp="2020-02-10T09:07:03Z" user="PlazaBaquedano" uid="9225258" lat="-7.2121841" lon="-35.9093392"/>
 <node id="1851337120" visible="true" version="3" changeset="80668330" timestamp="2020-02-07T03:17:06Z" user="PlazaBaquedano" uid="9225258" lat="-7.2122427" lon="-35.9093466"/>
 <node id="1851337129" visible="true" version="2" changeset="88723969" timestamp="2020-07-30T09:41:33Z" user="DnieperBasin" uid="10652829" lat="-7.2129605" lon="-35.9093151"/>
 <node id="1851337130" visible="true" version="3" changeset="80668330" timestamp="2020-02-07T03:17:06Z" user="PlazaBaquedano" uid="9225258" lat="-7.2129212" lon="-35.9093600"/>
 <node id="1851337136" visible="true" version="2" changeset="88723969" timestamp="2020-07-30T09:41:33Z" user="DnieperBasin" uid="10652829" lat="-7.2136523" lon="-35.9094411"/>
 <node id="1851337141" visible="true" version="4" changeset="80673730" timestamp="2020-02-07T05:59:32Z" user="PlazaBaquedano" uid="9225258" lat="-7.2133423" lon="-35.9094217"/>
 <node id="1851337163" visible="true" version="4" changeset="80673730" timestamp="2020-02-07T05:59:32Z" user="PlazaBaquedano" uid="9225258" lat="-7.2140481" lon="-35.9096711"/>
 <node id="1851337187" visible="true" version="4" changeset="80673730" timestamp="2020-02-07T05:59:32Z" user="PlazaBaquedano" uid="9225258" lat="-7.2143428" lon="-35.9098904"/>
 <node id="1851337190" visible="true" version="3" changeset="80668330" timestamp="2020-02-07T03:17:06Z" user="PlazaBaquedano" uid="9225258" lat="-7.2147593" lon="-35.9103832"/>
 <node id="1851337191" visible="true" version="3" changeset="88723969" timestamp="2020-07-30T09:41:33Z" user="DnieperBasin" uid="10652829" lat="-7.2145091" lon="-35.9099507"/>
 <node id="1851337205" visible="true" version="4" changeset="80668330" timestamp="2020-02-07T03:17:06Z" user="PlazaBaquedano" uid="9225258" lat="-7.2157192" lon="-35.9122199"/>
 <node id="1851337206" visible="true" version="2" changeset="55523172" timestamp="2018-01-17T14:26:08Z" user="Matias_Daniel" uid="7142955" lat="-7.2157101" lon="-35.9129963"/>
 <node id="1851337210" visible="true" version="4" changeset="80619948" timestamp="2020-02-06T05:29:37Z" user="PlazaBaquedano" uid="9225258" lat="-7.2162461" lon="-35.9126987"/>
 <node id="1851337218" visible="true" version="4" changeset="80619948" timestamp="2020-02-06T05:29:37Z" user="PlazaBaquedano" uid="9225258" lat="-7.2162807" lon="-35.9129494"/>
 <node id="1851337221" visible="true" version="5" changeset="170398331" timestamp="2025-08-13T16:22:30Z" user="Aralqum" uid="10935577" lat="-7.2163292" lon="-35.9057239"/>
 <node id="1851337236" visible="true" version="6" changeset="80619948" timestamp="2020-02-06T05:29:37Z" user="PlazaBaquedano" uid="9225258" lat="-7.2167683" lon="-35.9127563"/>
 <node id="1851337237" visible="true" version="6" changeset="80619948" timestamp="2020-02-06T05:29:37Z" user="PlazaBaquedano" uid="9225258" lat="-7.2168189" lon="-35.9127241"/>
 <node id="1851337240" visible="true" version="3" changeset="70121587" timestamp="2019-05-10T19:07:26Z" user="Matias_Daniel" uid="7142955" lat="-7.2169012" lon="-35.9125734"/>
 <node id="1851337247" visible="true" version="3" changeset="70121587" timestamp="2019-05-10T19:07:26Z" user="Matias_Daniel" uid="7142955" lat="-7.2170622" lon="-35.9126707"/>
 <node id="1851337248" visible="true" version="6" changeset="80619948" timestamp="2020-02-06T05:29:37Z" user="PlazaBaquedano" uid="9225258" lat="-7.2170884" lon="-35.9128112"/>
 <node id="1851337258" visible="true" version="3" changeset="70121587" timestamp="2019-05-10T19:07:27Z" user="Matias_Daniel" uid="7142955" lat="-7.2173397" lon="-35.9094529"/>
 <node id="1851337766" visible="true" version="2" changeset="161127981" timestamp="2025-01-08T10:36:36Z" user="LakeNipigon" uid="22048896" lat="-7.2294900" lon="-35.9057823">
  <tag k="railway" v="level_crossing"/>
 </node>
 <node id="1851337768" visible="true" version="1" changeset="12607982" timestamp="2012-08-04T11:00:31Z" user="Maarten Deen" uid="9176" lat="-7.2295013" lon="-35.9054989">
  <tag k="railway" v="level_crossing"/>
 </node>
 <node id="2164366060" visible="true" version="1" changeset="15104397" timestamp="2013-02-20T20:07:26Z" user="anagabrielle" uid="1200923" lat="-7.2145957" lon="-35.9124726"/>
 <node id="2164366063" visible="true" version="4" changeset="111957347" timestamp="2021-10-01T10:42:38Z" user="andrewamaro" uid="9089009" lat="-7.2125179" lon="-35.9156434"/>
 <node id="2164366068" visible="true" version="2" changeset="43955608" timestamp="2016-11-25T23:39:52Z" user="UsuárioPar" uid="367813" lat="-7.2139972" lon="-35.9113904"/>
 <node id="2164366076" visible="true" version="3" changeset="66664003" timestamp="2019-01-26T20:48:02Z" user="paas-nat" uid="5134520" lat="-7.2125576" lon="-35.9147976"/>
 <node id="2164366079" visible="true" version="4" changeset="111957347" timestamp="2021-10-01T10:42:38Z" user="andrewamaro" uid="9089009" lat="-7.2123697" lon="-35.9171753"/>
 <node id="2164366082" visible="true" version="1" changeset="15104397" timestamp="2013-02-20T20:07:26Z" user="anagabrielle" uid="1200923" lat="-7.2159901" lon="-35.9165389"/>
 <node id="2164366085" visible="true" version="3" changeset="66664003" timestamp="2019-01-26T20:48:02Z" user="paas-nat" uid="5134520" lat="-7.2128258" lon="-35.9139742"/>
 <node id="2164366088" visible="true" version="2" changeset="43955608" timestamp="2016-11-25T23:39:52Z" user="UsuárioPar" uid="367813" lat="-7.2143026" lon="-35.9119282"/>
 <node id="2164366090" visible="true" version="3" changeset="67920747" timestamp="2019-03-08T12:31:39Z" user="franciscofrr8" uid="9510781" lat="-7.2154513" lon="-35.9158751"/>
 <node id="2164366094" visible="true" version="2" changeset="67920747" timestamp="2019-03-08T12:31:39Z" user="franciscofrr8" uid="9510781" lat="-7.2159064" lon="-35.9171695"/>
 <node id="2164366097" visible="true" version="3" changeset="67920747" timestamp="2019-03-08T12:31:39Z" user="franciscofrr8" uid="9510781" lat="-7.2155045" lon="-35.9160787"/>
 <node id="2164366099" visible="true" version="2" changeset="43955608" timestamp="2016-11-25T23:39:52Z" user="UsuárioPar" uid="367813" lat="-7.2143452" lon="-35.9190843"/>
 <node id="2164366101" visible="true" version="2" changeset="43955608" timestamp="2016-11-25T23:39:52Z" user="UsuárioPar" uid="367813" lat="-7.2139467" lon="-35.9112818"/>
 <node id="2164366103" visible="true" version="2" changeset="67920747" timestamp="2019-03-08T12:31:39Z" user="franciscofrr8" uid="9510781" lat="-7.2146413" lon="-35.9139703"/>
 <node id="2164366104" visible="true" version="1" changeset="15104397" timestamp="2013-02-20T20:07:26Z" user="anagabrielle" uid="1200923" lat="-7.2146170" lon="-35.9137494"/>
 <node id="2164366106" visible="true" version="4" changeset="111957347" timestamp="2021-10-01T10:42:38Z" user="andrewamaro" uid="9089009" lat="-7.2125041" lon="-35.9160558"/>
 <node id="2164366108" visible="true" version="2" changeset="17527409" timestamp="2013-08-26T23:34:29Z" user="UsuárioPar" uid="367813" lat="-7.2161384" lon="-35.9167236"/>
 <node id="2164366111" visible="true" version="1" changeset="15104397" timestamp="2013-02-20T20:07:26Z" user="anagabrielle" uid="1200923" lat="-7.2161071" lon="-35.9168500"/>
 <node id="2164366113" visible="true" version="3" changeset="67920747" timestamp="2019-03-08T12:31:39Z" user="franciscofrr8" uid="9510781" lat="-7.2155064" lon="-35.9177129"/>
 <node id="2164366115" visible="true" version="2" changeset="67920747" timestamp="2019-03-08T12:31:39Z" user="franciscofrr8" uid="9510781" lat="-7.2159854" lon="-35.9169991"/>
 <node id="2164366120" visible="true" version="1" changeset="15104397" timestamp="2013-02-20T20:07:26Z" user="anagabrielle" uid="1200923" lat="-7.2145957" lon="-35.9130091"/>
 <node id="2164366124" visible="true" version="3" changeset="66664003" timestamp="2019-01-26T20:48:02Z" user="paas-nat" uid="5134520" lat="-7.2129110" lon="-35.9139594"/>
 <node id="2164366128" visible="true" version="3" changeset="66666589" timestamp="2019-01-26T23:23:25Z" user="paas-nat" uid="5134520" lat="-7.2132046" lon="-35.9116244"/>
 <node id="2164366129" visible="true" version="3" changeset="66664003" timestamp="2019-01-26T20:48:02Z" user="paas-nat" uid="5134520" lat="-7.2127837" lon="-35.9141149"/>
 <node id="2164366133" visible="true" version="4" changeset="66664003" timestamp="2019-01-26T20:48:02Z" user="paas-nat" uid="5134520" lat="-7.2131320" lon="-35.9140049"/>
 <node id="2164366137" visible="true" version="2" changeset="67920747" timestamp="2019-03-08T12:31:39Z" user="franciscofrr8" uid="9510781" lat="-7.2145714" lon="-35.9122643"/>
 <node id="2164366144" visible="true" version="3" changeset="66664003" timestamp="2019-01-26T20:48:02Z" user="paas-nat" uid="5134520" lat="-7.2126964" lon="-35.9145029"/>
 <node id="2164366151" visible="true" version="2" changeset="49431838" timestamp="2017-06-11T01:15:31Z" user="UsuárioPar" uid="367813" lat="-7.2133737" lon="-35.9115472"/>
 <node id="2164366154" visible="true" version="2" changeset="67920747" timestamp="2019-03-08T12:31:39Z" user="franciscofrr8" uid="9510781" lat="-7.2144604" lon="-35.9121631"/>
 <node id="2164366156" visible="true" version="2" changeset="67920747" timestamp="2019-03-08T12:31:39Z" user="franciscofrr8" uid="9510781" lat="-7.2153776" lon="-35.9156581"/>
 <node id="2261848274" visible="true" version="4" changeset="80619948" timestamp="2020-02-06T05:29:37Z" user="PlazaBaquedano" uid="9225258" lat="-7.2170925" lon="-35.9132275"/>
 <node id="2317170190" visible="true" version="2" changeset="80668685" timestamp="2020-02-07T03:28:52Z" user="PlazaBaquedano" uid="9225258" lat="-7.2155749" lon="-35.9052689"/>
 <node id="2317170191" visible="true" version="2" changeset="80668626" timestamp="2020-02-07T03:27:21Z" user="PlazaBaquedano" uid="9225258" lat="-7.2156334" lon="-35.9056646"/>
 <node id="2317170200" visible="true" version="5" changeset="155179703" timestamp="2024-08-13T06:50:29Z" user="HaldenCanal" uid="18414178" lat="-7.2161323" lon="-35.9044080"/>
 <node id="2317170211" visible="true" version="4" changeset="80668829" timestamp="2020-02-07T03:32:39Z" user="PlazaBaquedano" uid="9225258" lat="-7.2167470" lon="-35.9043597"/>
 <node id="2317182353" visible="true" version="5" changeset="116182091" timestamp="2022-01-15T13:22:16Z" user="andrewamaro" uid="9089009" lat="-7.2098419" lon="-35.9046278"/>
 <node id="2317200528" visible="true" version="4" changeset="80567820" timestamp="2020-02-05T05:58:10Z" user="PlazaBaquedano" uid="9225258" lat="-7.2112993" lon="-35.9097650"/>
 <node id="2317200530" visible="true" version="3" changeset="80567820" timestamp="2020-02-05T05:58:10Z" user="PlazaBaquedano" uid="9225258" lat="-7.2126717" lon="-35.9098106"/>
 <node id="2317200532" visible="true" version="2" changeset="55523172" timestamp="2018-01-17T14:26:07Z" user="Matias_Daniel" uid="7142955" lat="-7.2131518" lon="-35.9098785"/>
 <node id="2317200534" visible="true" version="2" changeset="55523172" timestamp="2018-01-17T14:26:07Z" user="Matias_Daniel" uid="7142955" lat="-7.2135389" lon="-35.9099931"/>
 <node id="2317200536" visible="true" version="2" changeset="55523172" timestamp="2018-01-17T14:26:07Z" user="Matias_Daniel" uid="7142955" lat="-7.2138564" lon="-35.9101763"/>
 <node id="2317200538" visible="true" version="2" changeset="55523172" timestamp="2018-01-17T14:26:08Z" user="Matias_Daniel" uid="7142955" lat="-7.2141187" lon="-35.9103897"/>
 <node id="2317200543" visible="true" version="2" changeset="55523172" timestamp="2018-01-17T14:26:08Z" user="Matias_Daniel" uid="7142955" lat="-7.2143778" lon="-35.9106524"/>
 <node id="2317200546" visible="true" version="2" changeset="55523172" timestamp="2018-01-17T14:26:08Z" user="Matias_Daniel" uid="7142955" lat="-7.2145421" lon="-35.9109375"/>
 <node id="2317200549" visible="true" version="1" changeset="16253842" timestamp="2013-05-23T15:07:44Z" user="Rub21" uid="510836" lat="-7.2147174" lon="-35.9112608"/>
 <node id="2317200552" visible="true" version="3" changeset="80668330" timestamp="2020-02-07T03:17:06Z" user="PlazaBaquedano" uid="9225258" lat="-7.2149688" lon="-35.9107903"/>
 <node id="2317200554" visible="true" version="2" changeset="55523172" timestamp="2018-01-17T14:26:08Z" user="Matias_Daniel" uid="7142955" lat="-7.2154079" lon="-35.9125635"/>
 <node id="2317200557" visible="true" version="5" changeset="88726216" timestamp="2020-07-30T10:20:10Z" user="DnieperBasin" uid="10652829" lat="-7.2154615" lon="-35.9117615"/>
 <node id="2317200560" visible="true" version="6" changeset="88726216" timestamp="2020-07-30T10:20:10Z" user="DnieperBasin" uid="10652829" lat="-7.2156763" lon="-35.9117325"/>
 <node id="2317200568" visible="true" version="2" changeset="41523566" timestamp="2016-08-17T23:19:26Z" user="Caio Juvino" uid="4435590" lat="-7.2160437" lon="-35.9074843"/>
 <node id="2317200571" visible="true" version="7" changeset="88726216" timestamp="2020-07-30T10:20:10Z" user="DnieperBasin" uid="10652829" lat="-7.2160659" lon="-35.9097155"/>
 <node id="2317200574" visible="true" version="2" changeset="41523566" timestamp="2016-08-17T23:19:26Z" user="Caio Juvino" uid="4435590" lat="-7.2161789" lon="-35.9079546"/>
 <node id="2317200582" visible="true" version="4" changeset="87001003" timestamp="2020-06-22T22:37:41Z" user="Pedro Serey" uid="11372350" lat="-7.2162873" lon="-35.9120898"/>
 <node id="2317200591" visible="true" version="2" changeset="41523566" timestamp="2016-08-17T23:19:26Z" user="Caio Juvino" uid="4435590" lat="-7.2164160" lon="-35.9078823"/>
 <node id="2317200593" visible="true" version="2" changeset="41523566" timestamp="2016-08-17T23:19:26Z" user="Caio Juvino" uid="4435590" lat="-7.2164908" lon="-35.9073461"/>
 <node id="2317200599" visible="true" version="2" changeset="41523566" timestamp="2016-08-17T23:19:26Z" user="Caio Juvino" uid="4435590" lat="-7.2166243" lon="-35.9078114"/>
 <node id="2317200609" visible="true" version="4" changeset="163062630" timestamp="2025-02-28T17:25:56Z" user="LakeManapouri" uid="21827456" lat="-7.2170028" lon="-35.9067492"/>
 <node id="2317200633" visible="true" version="5" changeset="80669266" timestamp="2020-02-07T03:45:28Z" user="PlazaBaquedano" uid="9225258" lat="-7.2180176" lon="-35.9061849"/>
 <node id="2317287685" visible="true" version="6" changeset="77800267" timestamp="2019-12-02T05:58:03Z" user="Sugarloaf" uid="10334776" lat="-7.2056883" lon="-35.9041104">
  <tag k="railway" v="level_crossing"/>
 </node>
 <node id="2317287805" visible="true" version="3" changeset="80567820" timestamp="2020-02-05T05:58:10Z" user="PlazaBaquedano" uid="9225258" lat="-7.2106055" lon="-35.9101727"/>
 <node id="2317287809" visible="true" version="3" changeset="80567820" timestamp="2020-02-05T05:58:10Z" user="PlazaBaquedano" uid="9225258" lat="-7.2107399" lon="-35.9099970"/>
 <node id="2320730613" visible="true" version="3" changeset="80567820" timestamp="2020-02-05T05:58:10Z" user="PlazaBaquedano" uid="9225258" lat="-7.2109541" lon="-35.9098662"/>
 <node id="2320730614" visible="true" version="4" changeset="178077903" timestamp="2026-02-04T05:23:59Z" user="AbbasiaCanal" uid="22557379" lat="-7.2111521" lon="-35.9097930"/>
 <node id="2320730645" visible="true" version="3" changeset="139555073" timestamp="2023-08-07T09:42:35Z" user="Raphaelkaart" uid="12468685" lat="-7.2296547" lon="-35.9023913">
  <tag k="railway" v="level_crossing"/>
 </node>
 <node id="2432986627" visible="true" version="1" changeset="17526988" timestamp="2013-08-26T22:40:02Z" user="UsuárioPar" uid="367813" lat="-7.2041280" lon="-35.9036697"/>
 <node id="2432986628" visible="true" version="2" changeset="174657222" timestamp="2025-11-14T16:54:05Z" user="AnnaCatarina" uid="560578" lat="-7.2033403" lon="-35.9038735"/>
 <node id="2432986629" visible="true" version="1" changeset="17526988" timestamp="2013-08-26T22:40:02Z" user="UsuárioPar" uid="367813" lat="-7.2027123" lon="-35.9042490"/>
 <node id="2432986630" visible="true" version="2" changeset="117831648" timestamp="2022-02-25T01:10:30Z" user="sasQuach" uid="9917894" lat="-7.2022057" lon="-35.9049185"/>
 <node id="2432986632" visible="true" version="2" changeset="174657222" timestamp="2025-11-14T16:54:05Z" user="AnnaCatarina" uid="560578" lat="-7.2020497" lon="-35.9085674"/>
 <node id="2433014697" visible="true" version="2" changeset="88723969" timestamp="2020-07-30T09:41:33Z" user="DnieperBasin" uid="10652829" lat="-7.2118854" lon="-35.9058175"/>
 <node id="2433014699" visible="true" version="2" changeset="88723969" timestamp="2020-07-30T09:41:33Z" user="DnieperBasin" uid="10652829" lat="-7.2117803" lon="-35.9058496"/>
 <node id="2433014700" visible="true" version="2" changeset="88723969" timestamp="2020-07-30T09:41:33Z" user="DnieperBasin" uid="10652829" lat="-7.2115342" lon="-35.9060159"/>
 <node id="2433014702" visible="true" version="3" changeset="153276766" timestamp="2024-06-28T06:34:17Z" user="LakeTaupo" uid="20681087" lat="-7.2112752" lon="-35.9062556"/>
 <node id="2433014703" visible="true" version="2" changeset="88723969" timestamp="2020-07-30T09:41:33Z" user="DnieperBasin" uid="10652829" lat="-7.2113585" lon="-35.9080517"/>
 <node id="2433014704" visible="true" version="2" changeset="88723969" timestamp="2020-07-30T09:41:33Z" user="DnieperBasin" uid="10652829" lat="-7.2112521" lon="-35.9078425"/>
 <node id="2433014705" visible="true" version="2" changeset="88723969" timestamp="2020-07-30T09:41:33Z" user="DnieperBasin" uid="10652829" lat="-7.2122925" lon="-35.9092829"/>
 <node id="2433014706" visible="true" version="2" changeset="88723969" timestamp="2020-07-30T09:41:33Z" user="DnieperBasin" uid="10652829" lat="-7.2121648" lon="-35.9092292"/>
 <node id="2446550300" visible="true" version="4" changeset="88723969" timestamp="2020-07-30T09:41:33Z" user="DnieperBasin" uid="10652829" lat="-7.2172513" lon="-35.9092252"/>
 <node id="2446550301" visible="true" version="4" changeset="88723969" timestamp="2020-07-30T09:41:33Z" user="DnieperBasin" uid="10652829" lat="-7.2171635" lon="-35.9088229"/>
 <node id="2446626910" visible="true" version="4" changeset="51929958" timestamp="2017-09-11T07:31:00Z" user="DEbi_CAS" uid="6608697" lat="-7.2168141" lon="-35.9095242"/>
 <node id="2446626911" visible="true" version="4" changeset="51929958" timestamp="2017-09-11T07:31:00Z" user="DEbi_CAS" uid="6608697" lat="-7.2167085" lon="-35.9086959"/>
 <node id="2446626912" visible="true" version="4" changeset="51929958" timestamp="2017-09-11T07:31:00Z" user="DEbi_CAS" uid="6608697" lat="-7.2167132" lon="-35.9095248"/>
 <node id="2446626913" visible="true" version="4" changeset="51929958" timestamp="2017-09-11T07:31:00Z" user="DEbi_CAS" uid="6608697" lat="-7.2168094" lon="-35.9086953"/>
 <node id="2446649775" visible="true" version="5" changeset="87001003" timestamp="2020-06-22T22:37:41Z" user="Pedro Serey" uid="11372350" lat="-7.2145506" lon="-35.9086194"/>
 <node id="2446649776" visible="true" version="4" changeset="87001003" timestamp="2020-06-22T22:37:41Z" user="Pedro Serey" uid="11372350" lat="-7.2146210" lon="-35.9086196"/>
 <node id="2446649777" visible="true" version="5" changeset="87001003" timestamp="2020-06-22T22:37:41Z" user="Pedro Serey" uid="11372350" lat="-7.2146214" lon="-35.9085058"/>
 <node id="2446649778" visible="true" version="5" changeset="87001003" timestamp="2020-06-22T22:37:41Z" user="Pedro Serey" uid="11372350" lat="-7.2146606" lon="-35.9085059"/>
 <node id="2446649779" visible="true" version="5" changeset="87001003" timestamp="2020-06-22T22:37:41Z" user="Pedro Serey" uid="11372350" lat="-7.2146604" lon="-35.9085490"/>
 <node id="2446649780" visible="true" version="4" changeset="87001003" timestamp="2020-06-22T22:37:41Z" user="Pedro Serey" uid="11372350" lat="-7.2147426" lon="-35.9085492"/>
 <node id="2446649781" visible="true" version="4" changeset="87001003" timestamp="2020-06-22T22:37:41Z" user="Pedro Serey" uid="11372350" lat="-7.2147427" lon="-35.9085053"/>
 <node id="2446649782" visible="true" version="5" changeset="87001003" timestamp="2020-06-22T22:37:41Z" user="Pedro Serey" uid="11372350" lat="-7.2147649" lon="-35.9085053"/>
 <node id="2446649783" visible="true" version="7" changeset="87001003" timestamp="2020-06-22T22:37:41Z" user="Pedro Serey" uid="11372350" lat="-7.2147631" lon="-35.9086758"/>
 <node id="2446649784" visible="true" version="7" changeset="87001003" timestamp="2020-06-22T22:37:41Z" user="Pedro Serey" uid="11372350" lat="-7.2148662" lon="-35.9086786"/>
 <node id="2446649785" visible="true" version="5" changeset="87001003" timestamp="2020-06-22T22:37:41Z" user="Pedro Serey" uid="11372350" lat="-7.2148666" lon="-35.9082459"/>
 <node id="2446649786" visible="true" version="5" changeset="87001003" timestamp="2020-06-22T22:37:41Z" user="Pedro Serey" uid="11372350" lat="-7.2147663" lon="-35.9082456"/>
 <node id="2446649787" visible="true" version="5" changeset="87001003" timestamp="2020-06-22T22:37:41Z" user="Pedro Serey" uid="11372350" lat="-7.2147658" lon="-35.9084367"/>
 <node id="2446649788" visible="true" version="4" changeset="87001003" timestamp="2020-06-22T22:37:41Z" user="Pedro Serey" uid="11372350" lat="-7.2147497" lon="-35.9084367"/>
 <node id="2446649789" visible="true" version="4" changeset="87001003" timestamp="2020-06-22T22:37:41Z" user="Pedro Serey" uid="11372350" lat="-7.2147499" lon="-35.9083703"/>
 <node id="2446649790" visible="true" version="4" changeset="87001003" timestamp="2020-06-22T22:37:41Z" user="Pedro Serey" uid="11372350" lat="-7.2146634" lon="-35.9083700"/>
 <node id="2446649791" visible="true" version="5" changeset="87001003" timestamp="2020-06-22T22:37:41Z" user="Pedro Serey" uid="11372350" lat="-7.2146632" lon="-35.9084314"/>
 <node id="2446649792" visible="true" version="5" changeset="87001003" timestamp="2020-06-22T22:37:41Z" user="Pedro Serey" uid="11372350" lat="-7.2146215" lon="-35.9084313"/>
 <node id="2446649793" visible="true" version="4" changeset="87001003" timestamp="2020-06-22T22:37:41Z" user="Pedro Serey" uid="11372350" lat="-7.2146218" lon="-35.9083258"/>
 <node id="2446649794" visible="true" version="5" changeset="87001003" timestamp="2020-06-22T22:37:41Z" user="Pedro Serey" uid="11372350" lat="-7.2145515" lon="-35.9083256"/>
 <node id="2446657731" visible="true" version="3" changeset="87001003" timestamp="2020-06-22T22:37:41Z" user="Pedro Serey" uid="11372350" lat="-7.2130069" lon="-35.9072665"/>
 <node id="2446657732" visible="true" version="3" changeset="87001003" timestamp="2020-06-22T22:37:41Z" user="Pedro Serey" uid="11372350" lat="-7.2131237" lon="-35.9072667"/>
 <node id="2446657733" visible="true" version="3" changeset="87001003" timestamp="2020-06-22T22:37:41Z" user="Pedro Serey" uid="11372350" lat="-7.2131224" lon="-35.9070516"/>
 <node id="2446657734" visible="true" version="3" changeset="87001003" timestamp="2020-06-22T22:37:41Z" user="Pedro Serey" uid="11372350" lat="-7.2130084" lon="-35.9070558"/>
 <node id="2446657735" visible="true" version="3" changeset="87001003" timestamp="2020-06-22T22:37:41Z" user="Pedro Serey" uid="11372350" lat="-7.2130449" lon="-35.9070369"/>
 <node id="2446657736" visible="true" version="3" changeset="87001003" timestamp="2020-06-22T22:37:41Z" user="Pedro Serey" uid="11372350" lat="-7.2130812" lon="-35.9070369"/>
 <node id="2446658587" visible="true" version="3" changeset="87001003" timestamp="2020-06-22T22:37:41Z" user="Pedro Serey" uid="11372350" lat="-7.2158373" lon="-35.9070477"/>
 <node id="2446658588" visible="true" version="3" changeset="87001003" timestamp="2020-06-22T22:37:41Z" user="Pedro Serey" uid="11372350" lat="-7.2155611" lon="-35.9061826"/>
 <node id="2446658589" visible="true" version="3" changeset="87001003" timestamp="2020-06-22T22:37:41Z" user="Pedro Serey" uid="11372350" lat="-7.2160508" lon="-35.9060307"/>
 <node id="2446658590" visible="true" version="3" changeset="87001003" timestamp="2020-06-22T22:37:41Z" user="Pedro Serey" uid="11372350" lat="-7.2163218" lon="-35.9068899"/>
 <node id="2447149658" visible="true" version="4" changeset="80619948" timestamp="2020-02-06T05:29:37Z" user="PlazaBaquedano" uid="9225258" lat="-7.2165840" lon="-35.9127650"/>
 <node id="2447149659" visible="true" version="3" changeset="80619948" timestamp="2020-02-06T05:29:37Z" user="PlazaBaquedano" uid="9225258" lat="-7.2163492" lon="-35.9127288"/>
 <node id="2447149662" visible="true" version="2" changeset="88723969" timestamp="2020-07-30T09:41:33Z" user="DnieperBasin" uid="10652829" lat="-7.2169439" lon="-35.9122816"/>
 <node id="2447149663" visible="true" version="3" changeset="89571200" timestamp="2020-08-18T11:18:41Z" user="DnieperBasin" uid="10652829" lat="-7.2171741" lon="-35.9105274"/>
 <node id="2447149664" visible="true" version="2" changeset="88723969" timestamp="2020-07-30T09:41:33Z" user="DnieperBasin" uid="10652829" lat="-7.2165448" lon="-35.9127188"/>
 <node id="2447149665" visible="true" version="2" changeset="88723969" timestamp="2020-07-30T09:41:33Z" user="DnieperBasin" uid="10652829" lat="-7.2154724" lon="-35.9116647"/>
 <node id="2447156221" visible="true" version="2" changeset="80668626" timestamp="2020-02-07T03:27:21Z" user="PlazaBaquedano" uid="9225258" lat="-7.2136151" lon="-35.9056968"/>
 <node id="2447156224" visible="true" version="4" changeset="80665677" timestamp="2020-02-07T01:35:58Z" user="PlazaBaquedano" uid="9225258" lat="-7.2141825" lon="-35.9069607"/>
 <node id="2447156228" visible="true" version="2" changeset="80668626" timestamp="2020-02-07T03:27:21Z" user="PlazaBaquedano" uid="9225258" lat="-7.2141951" lon="-35.9056954"/>
 <node id="2447160361" visible="true" version="4" changeset="80668330" timestamp="2020-02-07T03:17:06Z" user="PlazaBaquedano" uid="9225258" lat="-7.2127642" lon="-35.9093593"/>
 <node id="2447160363" visible="true" version="5" changeset="87001003" timestamp="2020-06-22T22:37:41Z" user="Pedro Serey" uid="11372350" lat="-7.2135396" lon="-35.9089048"/>
 <node id="2447160365" visible="true" version="4" changeset="89569671" timestamp="2020-08-18T10:52:33Z" user="DnieperBasin" uid="10652829" lat="-7.2122681" lon="-35.9092303"/>
 <node id="2447160368" visible="true" version="4" changeset="87001003" timestamp="2020-06-22T22:37:41Z" user="Pedro Serey" uid="11372350" lat="-7.2128101" lon="-35.9089349"/>
 <node id="2447160371" visible="true" version="4" changeset="87001003" timestamp="2020-06-22T22:37:41Z" user="Pedro Serey" uid="11372350" lat="-7.2128912" lon="-35.9089113"/>
 <node id="2447213558" visible="true" version="4" changeset="51929958" timestamp="2017-09-11T07:31:00Z" user="DEbi_CAS" uid="6608697" lat="-7.2164303" lon="-35.9086784"/>
 <node id="2447213559" visible="true" version="2" changeset="41523566" timestamp="2016-08-17T23:19:26Z" user="Caio Juvino" uid="4435590" lat="-7.2164182" lon="-35.9079510"/>
 <node id="2447213591" visible="true" version="3" changeset="80665677" timestamp="2020-02-07T01:35:58Z" user="PlazaBaquedano" uid="9225258" lat="-7.2141872" lon="-35.9070633"/>
 <node id="2447213592" visible="true" version="5" changeset="89569671" timestamp="2020-08-18T10:52:33Z" user="DnieperBasin" uid="10652829" lat="-7.2142191" lon="-35.9076903"/>
 <node id="2447213593" visible="true" version="4" changeset="80665677" timestamp="2020-02-07T01:35:58Z" user="PlazaBaquedano" uid="9225258" lat="-7.2143734" lon="-35.9079632"/>
 <node id="2447219912" visible="true" version="5" changeset="88726216" timestamp="2020-07-30T10:20:10Z" user="DnieperBasin" uid="10652829" lat="-7.2170973" lon="-35.9097263"/>
 <node id="2447219916" visible="true" version="4" changeset="88726216" timestamp="2020-07-30T10:20:10Z" user="DnieperBasin" uid="10652829" lat="-7.2169107" lon="-35.9115587"/>
 <node id="2447219921" visible="true" version="4" changeset="88726216" timestamp="2020-07-30T10:20:10Z" user="DnieperBasin" uid="10652829" lat="-7.2169665" lon="-35.9107527"/>
 <node id="2447227070" visible="true" version="6" changeset="88726216" timestamp="2020-07-30T10:20:10Z" user="DnieperBasin" uid="10652829" lat="-7.2159953" lon="-35.9102243"/>
 <node id="2447227071" visible="true" version="6" changeset="81684456" timestamp="2020-03-02T14:05:58Z" user="GfcA" uid="3118453" lat="-7.2163645" lon="-35.9102763"/>
 <node id="2447227072" visible="true" version="6" changeset="81684456" timestamp="2020-03-02T14:05:58Z" user="GfcA" uid="3118453" lat="-7.2164149" lon="-35.9100803"/>
 <node id="2447227073" visible="true" version="6" changeset="88726216" timestamp="2020-07-30T10:20:10Z" user="DnieperBasin" uid="10652829" lat="-7.2160452" lon="-35.9099822"/>
 <node id="2447227074" visible="true" version="4" changeset="81684456" timestamp="2020-03-02T14:05:58Z" user="GfcA" uid="3118453" lat="-7.2164027" lon="-35.9101626"/>
 <node id="2447227075" visible="true" version="6" changeset="88726216" timestamp="2020-07-30T10:20:10Z" user="DnieperBasin" uid="10652829" lat="-7.2160199" lon="-35.9101036"/>
 <node id="2447434369" visible="true" version="5" changeset="70121587" timestamp="2019-05-10T19:07:24Z" user="Matias_Daniel" uid="7142955" lat="-7.2165463" lon="-35.9095283"/>
 <node id="2447434373" visible="true" version="5" changeset="70121587" timestamp="2019-05-10T19:07:24Z" user="Matias_Daniel" uid="7142955" lat="-7.2166412" lon="-35.9095268"/>
 <node id="2447437083" visible="true" version="3" changeset="87001003" timestamp="2020-06-22T22:37:41Z" user="Pedro Serey" uid="11372350" lat="-7.2164981" lon="-35.9086452"/>
 <node id="2447437084" visible="true" version="3" changeset="87001003" timestamp="2020-06-22T22:37:41Z" user="Pedro Serey" uid="11372350" lat="-7.2164901" lon="-35.9082624"/>
 <node id="2447437085" visible="true" version="4" changeset="87001003" timestamp="2020-06-22T22:37:41Z" user="Pedro Serey" uid="11372350" lat="-7.2167831" lon="-35.9082596"/>
 <node id="2447437086" visible="true" version="3" changeset="87001003" timestamp="2020-06-22T22:37:41Z" user="Pedro Serey" uid="11372350" lat="-7.2167902" lon="-35.9086369"/>
 <node id="2447437465" visible="true" version="3" changeset="87001003" timestamp="2020-06-22T22:37:41Z" user="Pedro Serey" uid="11372350" lat="-7.2160209" lon="-35.9091554"/>
 <node id="2447437466" visible="true" version="3" changeset="87001003" timestamp="2020-06-22T22:37:41Z" user="Pedro Serey" uid="11372350" lat="-7.2160206" lon="-35.9095155"/>
 <node id="2447437467" visible="true" version="4" changeset="87001003" timestamp="2020-06-22T22:37:41Z" user="Pedro Serey" uid="11372350" lat="-7.2158534" lon="-35.9095153"/>
 <node id="2447437468" visible="true" version="4" changeset="87001003" timestamp="2020-06-22T22:37:41Z" user="Pedro Serey" uid="11372350" lat="-7.2156916" lon="-35.9091623"/>
 <node id="2447437469" visible="true" version="3" changeset="87001003" timestamp="2020-06-22T22:37:41Z" user="Pedro Serey" uid="11372350" lat="-7.2158627" lon="-35.9092807"/>
 <node id="2447437470" visible="true" version="4" changeset="87001003" timestamp="2020-06-22T22:37:41Z" user="Pedro Serey" uid="11372350" lat="-7.2158628" lon="-35.9091552"/>
 <node id="2447438696" visible="true" version="4" changeset="70121587" timestamp="2019-05-10T19:07:24Z" user="Matias_Daniel" uid="7142955" lat="-7.2163667" lon="-35.9083311"/>
 <node id="2447438698" visible="true" version="4" changeset="70121587" timestamp="2019-05-10T19:07:24Z" user="Matias_Daniel" uid="7142955" lat="-7.2160591" lon="-35.9083285"/>
 <node id="2447438702" visible="true" version="4" changeset="70121587" timestamp="2019-05-10T19:07:24Z" user="Matias_Daniel" uid="7142955" lat="-7.2160579" lon="-35.9084695"/>
 <node id="2447438706" visible="true" version="4" changeset="70121587" timestamp="2019-05-10T19:07:24Z" user="Matias_Daniel" uid="7142955" lat="-7.2163642" lon="-35.9086343"/>
 <node id="2447440339" visible="true" version="4" changeset="88726216" timestamp="2020-07-30T10:20:10Z" user="DnieperBasin" uid="10652829" lat="-7.2158716" lon="-35.9081248"/>
 <node id="2447440340" visible="true" version="4" changeset="88726216" timestamp="2020-07-30T10:20:10Z" user="DnieperBasin" uid="10652829" lat="-7.2158687" lon="-35.9082724"/>
 <node id="2447440341" visible="true" version="3" changeset="87001003" timestamp="2020-06-22T22:37:41Z" user="Pedro Serey" uid="11372350" lat="-7.2159873" lon="-35.9082696"/>
 <node id="2447440342" visible="true" version="4" changeset="88726216" timestamp="2020-07-30T10:20:10Z" user="DnieperBasin" uid="10652829" lat="-7.2159828" lon="-35.9081267"/>
 <node id="2447440476" visible="true" version="3" changeset="87001003" timestamp="2020-06-22T22:37:41Z" user="Pedro Serey" uid="11372350" lat="-7.2157674" lon="-35.9084672"/>
 <node id="2447440477" visible="true" version="3" changeset="87001003" timestamp="2020-06-22T22:37:41Z" user="Pedro Serey" uid="11372350" lat="-7.2157610" lon="-35.9082210"/>
 <node id="2447440478" visible="true" version="3" changeset="87001003" timestamp="2020-06-22T22:37:41Z" user="Pedro Serey" uid="11372350" lat="-7.2158642" lon="-35.9082183"/>
 <node id="2447440479" visible="true" version="3" changeset="87001003" timestamp="2020-06-22T22:37:41Z" user="Pedro Serey" uid="11372350" lat="-7.2158706" lon="-35.9084645"/>
 <node id="2447441294" visible="true" version="4" changeset="87001003" timestamp="2020-06-22T22:37:41Z" user="Pedro Serey" uid="11372350" lat="-7.2157178" lon="-35.9084533"/>
 <node id="2447441295" visible="true" version="4" changeset="87001003" timestamp="2020-06-22T22:37:41Z" user="Pedro Serey" uid="11372350" lat="-7.2156297" lon="-35.9084564"/>
 <node id="2447441296" visible="true" version="4" changeset="87001003" timestamp="2020-06-22T22:37:41Z" user="Pedro Serey" uid="11372350" lat="-7.2156356" lon="-35.9086272"/>
 <node id="2447441297" visible="true" version="4" changeset="87001003" timestamp="2020-06-22T22:37:41Z" user="Pedro Serey" uid="11372350" lat="-7.2157238" lon="-35.9086240"/>
 <node id="2447765122" visible="true" version="5" changeset="70121587" timestamp="2019-05-10T19:07:24Z" user="Matias_Daniel" uid="7142955" lat="-7.2165340" lon="-35.9087028"/>
 <node id="2447765123" visible="true" version="5" changeset="70121587" timestamp="2019-05-10T19:07:24Z" user="Matias_Daniel" uid="7142955" lat="-7.2166289" lon="-35.9087014"/>
 <node id="2641071113" visible="true" version="2" changeset="113100526" timestamp="2021-10-28T22:57:06Z" user="andrewamaro" uid="9089009" lat="-7.2129776" lon="-35.9116794"/>
 <node id="2641071114" visible="true" version="2" changeset="113100526" timestamp="2021-10-28T22:57:06Z" user="andrewamaro" uid="9089009" lat="-7.2120685" lon="-35.9115693"/>
 <node id="2641071115" visible="true" version="2" changeset="113100526" timestamp="2021-10-28T22:57:06Z" user="andrewamaro" uid="9089009" lat="-7.2119949" lon="-35.9121874"/>
 <node id="2641071116" visible="true" version="2" changeset="113100526" timestamp="2021-10-28T22:57:06Z" user="andrewamaro" uid="9089009" lat="-7.2129039" lon="-35.9122975"/>
 <node id="2750811240" visible="true" version="3" changeset="87001003" timestamp="2020-06-22T22:37:41Z" user="Pedro Serey" uid="11372350" lat="-7.2158230" lon="-35.9091624"/>
 <node id="2750811241" visible="true" version="3" changeset="87001003" timestamp="2020-06-22T22:37:41Z" user="Pedro Serey" uid="11372350" lat="-7.2158229" lon="-35.9092806"/>
 <node id="2750811243" visible="true" version="3" changeset="87001003" timestamp="2020-06-22T22:37:41Z" user="Pedro Serey" uid="11372350" lat="-7.2156914" lon="-35.9093998"/>
 <node id="2750811244" visible="true" version="3" changeset="87001003" timestamp="2020-06-22T22:37:41Z" user="Pedro Serey" uid="11372350" lat="-7.2158535" lon="-35.9093999"/>
 <node id="2750819598" visible="true" version="5" changeset="87001003" timestamp="2020-06-22T22:37:41Z" user="Pedro Serey" uid="11372350" lat="-7.2164959" lon="-35.9108103"/>
 <node id="2750819601" visible="true" version="6" changeset="87001003" timestamp="2020-06-22T22:37:41Z" user="Pedro Serey" uid="11372350" lat="-7.2164474" lon="-35.9111972"/>
 <node id="2750819604" visible="true" version="5" changeset="87001003" timestamp="2020-06-22T22:37:41Z" user="Pedro Serey" uid="11372350" lat="-7.2167679" lon="-35.9112380"/>
 <node id="2750819607" visible="true" version="5" changeset="87001003" timestamp="2020-06-22T22:37:41Z" user="Pedro Serey" uid="11372350" lat="-7.2168205" lon="-35.9108563"/>
 <node id="2750819609" visible="true" version="5" changeset="87001003" timestamp="2020-06-22T22:37:41Z" user="Pedro Serey" uid="11372350" lat="-7.2167272" lon="-35.9108431"/>
 <node id="2750819612" visible="true" version="5" changeset="87001003" timestamp="2020-06-22T22:37:41Z" user="Pedro Serey" uid="11372350" lat="-7.2166802" lon="-35.9111674"/>
 <node id="2750819615" visible="true" version="5" changeset="87001003" timestamp="2020-06-22T22:37:41Z" user="Pedro Serey" uid="11372350" lat="-7.2165596" lon="-35.9111521"/>
 <node id="2750819618" visible="true" version="6" changeset="87001003" timestamp="2020-06-22T22:37:41Z" user="Pedro Serey" uid="11372350" lat="-7.2166008" lon="-35.9108237"/>
 <node id="2997053144" visible="true" version="4" changeset="80619948" timestamp="2020-02-06T05:29:37Z" user="PlazaBaquedano" uid="9225258" lat="-7.2166379" lon="-35.9130970"/>
 <node id="2997053146" visible="true" version="6" changeset="80619948" timestamp="2020-02-06T05:29:37Z" user="PlazaBaquedano" uid="9225258" lat="-7.2169828" lon="-35.9133341"/>
 <node id="2997053147" visible="true" version="4" changeset="80619948" timestamp="2020-02-06T05:29:37Z" user="PlazaBaquedano" uid="9225258" lat="-7.2170254" lon="-35.9133129"/>
 <node id="2997053148" visible="true" version="5" changeset="80619948" timestamp="2020-02-06T05:29:37Z" user="PlazaBaquedano" uid="9225258" lat="-7.2171270" lon="-35.9129526"/>
 <node id="2997053149" visible="true" version="5" changeset="80619948" timestamp="2020-02-06T05:29:37Z" user="PlazaBaquedano" uid="9225258" lat="-7.2169439" lon="-35.9127107"/>
 <node id="2997053151" visible="true" version="4" changeset="80619948" timestamp="2020-02-06T05:29:37Z" user="PlazaBaquedano" uid="9225258" lat="-7.2166472" lon="-35.9129946"/>
 <node id="3357858474" visible="true" version="1" changeset="28933634" timestamp="2015-02-18T14:03:20Z" user="tarta" uid="962387" lat="-7.2106651" lon="-35.9100263"/>
 <node id="3357858483" visible="true" version="1" changeset="28933634" timestamp="2015-02-18T14:03:20Z" user="tarta" uid="962387" lat="-7.2108006" lon="-35.9099108"/>
 <node id="3357860046" visible="true" version="2" changeset="162639926" timestamp="2025-02-17T23:55:27Z" user="elmoneto" uid="1871742" lat="-7.2103585" lon="-35.9108465"/>
 <node id="3357860401" visible="true" version="1" changeset="28933634" timestamp="2015-02-18T14:03:20Z" user="tarta" uid="962387" lat="-7.2113278" lon="-35.9097625"/>
 <node id="3357860406" visible="true" version="1" changeset="28933634" timestamp="2015-02-18T14:03:21Z" user="tarta" uid="962387" lat="-7.2114959" lon="-35.9097286"/>
 <node id="3357860443" visible="true" version="1" changeset="28933634" timestamp="2015-02-18T14:03:21Z" user="tarta" uid="962387" lat="-7.2129378" lon="-35.9098125"/>
 <node id="3357860460" visible="true" version="1" changeset="28933634" timestamp="2015-02-18T14:03:22Z" user="tarta" uid="962387" lat="-7.2132578" lon="-35.9098725"/>
 <node id="3357860470" visible="true" version="1" changeset="28933634" timestamp="2015-02-18T14:03:22Z" user="tarta" uid="962387" lat="-7.2135278" lon="-35.9099525"/>
 <node id="3357860488" visible="true" version="1" changeset="28933634" timestamp="2015-02-18T14:03:22Z" user="tarta" uid="962387" lat="-7.2139903" lon="-35.9102373"/>
 <node id="3357860601" visible="true" version="1" changeset="28933634" timestamp="2015-02-18T14:03:22Z" user="tarta" uid="962387" lat="-7.2143879" lon="-35.9106216"/>
 <node id="3357860640" visible="true" version="2" changeset="55523594" timestamp="2018-01-17T14:44:14Z" user="Matias_Daniel" uid="7142955" lat="-7.2156314" lon="-35.9128599"/>
 <node id="3357860647" visible="true" version="1" changeset="28933634" timestamp="2015-02-18T14:03:23Z" user="tarta" uid="962387" lat="-7.2158186" lon="-35.9130139"/>
 <node id="3357860670" visible="true" version="1" changeset="28933634" timestamp="2015-02-18T14:03:24Z" user="tarta" uid="962387" lat="-7.2161929" lon="-35.9130555"/>
 <node id="3357860684" visible="true" version="2" changeset="55523594" timestamp="2018-01-17T14:44:14Z" user="Matias_Daniel" uid="7142955" lat="-7.2164415" lon="-35.9131384"/>
 <node id="3357860795" visible="true" version="2" changeset="162639926" timestamp="2025-02-17T23:55:27Z" user="elmoneto" uid="1871742" lat="-7.2168073" lon="-35.9133962"/>
 <node id="3700161224" visible="true" version="1" changeset="33375587" timestamp="2015-08-16T18:51:04Z" user="GfcA" uid="3118453" lat="-7.2178589" lon="-35.9061761"/>
 <node id="3700162925" visible="true" version="3" changeset="163062630" timestamp="2025-02-28T17:25:56Z" user="LakeManapouri" uid="21827456" lat="-7.2176606" lon="-35.9062306"/>
 <node id="3700162926" visible="true" version="3" changeset="163062630" timestamp="2025-02-28T17:25:56Z" user="LakeManapouri" uid="21827456" lat="-7.2174849" lon="-35.9063070"/>
 <node id="3700162927" visible="true" version="3" changeset="163062630" timestamp="2025-02-28T17:25:56Z" user="LakeManapouri" uid="21827456" lat="-7.2172598" lon="-35.9063318"/>
 <node id="3700162928" visible="true" version="6" changeset="163062630" timestamp="2025-02-28T17:25:56Z" user="LakeManapouri" uid="21827456" lat="-7.2170902" lon="-35.9062855"/>
 <node id="3708375872" visible="true" version="4" changeset="87001003" timestamp="2020-06-22T22:37:41Z" user="Pedro Serey" uid="11372350" lat="-7.2160446" lon="-35.9104224"/>
 <node id="3708375873" visible="true" version="4" changeset="87001003" timestamp="2020-06-22T22:37:41Z" user="Pedro Serey" uid="11372350" lat="-7.2160619" lon="-35.9103174"/>
 <node id="3708375874" visible="true" version="4" changeset="87001003" timestamp="2020-06-22T22:37:41Z" user="Pedro Serey" uid="11372350" lat="-7.2163793" lon="-35.9103641"/>
 <node id="3708375875" visible="true" version="4" changeset="87001003" timestamp="2020-06-22T22:37:41Z" user="Pedro Serey" uid="11372350" lat="-7.2163643" lon="-35.9104680"/>
 <node id="3708407995" visible="true" version="7" changeset="87001003" timestamp="2020-06-22T22:37:41Z" user="Pedro Serey" uid="11372350" lat="-7.2173920" lon="-35.9088809"/>
 <node id="3708407996" visible="true" version="6" changeset="87001003" timestamp="2020-06-22T22:37:41Z" user="Pedro Serey" uid="11372350" lat="-7.2173357" lon="-35.9088808"/>
 <node id="3708407997" visible="true" version="7" changeset="87001003" timestamp="2020-06-22T22:37:41Z" user="Pedro Serey" uid="11372350" lat="-7.2172526" lon="-35.9086439"/>
 <node id="3708407998" visible="true" version="7" changeset="87001003" timestamp="2020-06-22T22:37:41Z" user="Pedro Serey" uid="11372350" lat="-7.2174247" lon="-35.9086766"/>
 <node id="3708417253" visible="true" version="6" changeset="87001003" timestamp="2020-06-22T22:37:41Z" user="Pedro Serey" uid="11372350" lat="-7.2174218" lon="-35.9086178"/>
 <node id="3708417254" visible="true" version="6" changeset="87001003" timestamp="2020-06-22T22:37:41Z" user="Pedro Serey" uid="11372350" lat="-7.2172490" lon="-35.9085766"/>
 <node id="3708417255" visible="true" version="6" changeset="87001003" timestamp="2020-06-22T22:37:41Z" user="Pedro Serey" uid="11372350" lat="-7.2171163" lon="-35.9081925"/>
 <node id="3708417256" visible="true" version="5" changeset="81680676" timestamp="2020-03-02T12:31:06Z" user="GfcA" uid="3118453" lat="-7.2175020" lon="-35.9082743"/>
 <node id="3708420735" visible="true" version="6" changeset="87001003" timestamp="2020-06-22T22:37:41Z" user="Pedro Serey" uid="11372350" lat="-7.2170922" lon="-35.9081768"/>
 <node id="3708420736" visible="true" version="6" changeset="87001003" timestamp="2020-06-22T22:37:41Z" user="Pedro Serey" uid="11372350" lat="-7.2170448" lon="-35.9080243"/>
 <node id="3708420737" visible="true" version="6" changeset="87001003" timestamp="2020-06-22T22:37:41Z" user="Pedro Serey" uid="11372350" lat="-7.2175491" lon="-35.9081229"/>
 <node id="3708420738" visible="true" version="6" changeset="87001003" timestamp="2020-06-22T22:37:41Z" user="Pedro Serey" uid="11372350" lat="-7.2175231" lon="-35.9082615"/>
 <node id="3708719714" visible="true" version="3" changeset="70121587" timestamp="2019-05-10T19:07:26Z" user="Matias_Daniel" uid="7142955" lat="-7.2172888" lon="-35.9099765"/>
 <node id="3708719716" visible="true" version="3" changeset="88726216" timestamp="2020-07-30T10:20:10Z" user="DnieperBasin" uid="10652829" lat="-7.2168815" lon="-35.9118381"/>
 <node id="3708719718" visible="true" version="3" changeset="70121587" timestamp="2019-05-10T19:07:26Z" user="Matias_Daniel" uid="7142955" lat="-7.2171645" lon="-35.9109797"/>
 <node id="3708719719" visible="true" version="4" changeset="89571200" timestamp="2020-08-18T11:18:41Z" user="DnieperBasin" uid="10652829" lat="-7.2171196" lon="-35.9107869"/>
 <node id="3708719720" visible="true" version="4" changeset="89571200" timestamp="2020-08-18T11:18:41Z" user="DnieperBasin" uid="10652829" lat="-7.2171362" lon="-35.9106702"/>
 <node id="3708719721" visible="true" version="4" changeset="89571200" timestamp="2020-08-18T11:18:41Z" user="DnieperBasin" uid="10652829" lat="-7.2172180" lon="-35.9104966"/>
 <node id="3708720941" visible="true" version="3" changeset="87001003" timestamp="2020-06-22T22:37:41Z" user="Pedro Serey" uid="11372350" lat="-7.2159488" lon="-35.9090741"/>
 <node id="3708720942" visible="true" version="3" changeset="87001003" timestamp="2020-06-22T22:37:41Z" user="Pedro Serey" uid="11372350" lat="-7.2158463" lon="-35.9090741"/>
 <node id="3708720943" visible="true" version="3" changeset="87001003" timestamp="2020-06-22T22:37:41Z" user="Pedro Serey" uid="11372350" lat="-7.2158477" lon="-35.9089400"/>
 <node id="3708720944" visible="true" version="3" changeset="87001003" timestamp="2020-06-22T22:37:41Z" user="Pedro Serey" uid="11372350" lat="-7.2159514" lon="-35.9089386"/>
 <node id="3708720945" visible="true" version="3" changeset="87001003" timestamp="2020-06-22T22:37:41Z" user="Pedro Serey" uid="11372350" lat="-7.2158622" lon="-35.9088956"/>
 <node id="3708720946" visible="true" version="3" changeset="87001003" timestamp="2020-06-22T22:37:41Z" user="Pedro Serey" uid="11372350" lat="-7.2158617" lon="-35.9087675"/>
 <node id="3708720947" visible="true" version="3" changeset="87001003" timestamp="2020-06-22T22:37:41Z" user="Pedro Serey" uid="11372350" lat="-7.2159621" lon="-35.9087671"/>
 <node id="3708720948" visible="true" version="3" changeset="87001003" timestamp="2020-06-22T22:37:41Z" user="Pedro Serey" uid="11372350" lat="-7.2159627" lon="-35.9088952"/>
 <node id="3708720949" visible="true" version="4" changeset="87001003" timestamp="2020-06-22T22:37:41Z" user="Pedro Serey" uid="11372350" lat="-7.2157972" lon="-35.9090658"/>
 <node id="3708720950" visible="true" version="4" changeset="87001003" timestamp="2020-06-22T22:37:41Z" user="Pedro Serey" uid="11372350" lat="-7.2158016" lon="-35.9087816"/>
 <node id="3708720951" visible="true" version="4" changeset="87001003" timestamp="2020-06-22T22:37:41Z" user="Pedro Serey" uid="11372350" lat="-7.2156550" lon="-35.9087793"/>
 <node id="3708720952" visible="true" version="4" changeset="87001003" timestamp="2020-06-22T22:37:41Z" user="Pedro Serey" uid="11372350" lat="-7.2156530" lon="-35.9089061"/>
 <node id="3708720953" visible="true" version="4" changeset="87001003" timestamp="2020-06-22T22:37:41Z" user="Pedro Serey" uid="11372350" lat="-7.2156660" lon="-35.9089063"/>
 <node id="3708720954" visible="true" version="4" changeset="87001003" timestamp="2020-06-22T22:37:41Z" user="Pedro Serey" uid="11372350" lat="-7.2156635" lon="-35.9090636"/>
 <node id="3824859268" visible="true" version="1" changeset="35174081" timestamp="2015-11-08T17:24:34Z" user="pauloreis" uid="1066375" lat="-7.2066262" lon="-35.9178205"/>
 <node id="3824859269" visible="true" version="7" changeset="113100526" timestamp="2021-10-28T22:57:06Z" user="andrewamaro" uid="9089009" lat="-7.2100663" lon="-35.9169298"/>
 <node id="3824859271" visible="true" version="5" changeset="113100526" timestamp="2021-10-28T22:57:06Z" user="andrewamaro" uid="9089009" lat="-7.2110702" lon="-35.9175059"/>
 <node id="3824859272" visible="true" version="3" changeset="113100526" timestamp="2021-10-28T22:57:06Z" user="andrewamaro" uid="9089009" lat="-7.2112442" lon="-35.9165036"/>
 <node id="3824859273" visible="true" version="2" changeset="113100526" timestamp="2021-10-28T22:57:06Z" user="andrewamaro" uid="9089009" lat="-7.2113949" lon="-35.9155625"/>
 <node id="3824859274" visible="true" version="2" changeset="113100526" timestamp="2021-10-28T22:57:06Z" user="andrewamaro" uid="9089009" lat="-7.2114953" lon="-35.9148990"/>
 <node id="3824859275" visible="true" version="3" changeset="113100526" timestamp="2021-10-28T22:57:06Z" user="andrewamaro" uid="9089009" lat="-7.2115221" lon="-35.9146370"/>
 <node id="3824859276" visible="true" version="3" changeset="66664003" timestamp="2019-01-26T20:48:02Z" user="paas-nat" uid="5134520" lat="-7.2116409" lon="-35.9146533"/>
 <node id="3824859277" visible="true" version="4" changeset="66664003" timestamp="2019-01-26T20:48:02Z" user="paas-nat" uid="5134520" lat="-7.2124822" lon="-35.9147857"/>
 <node id="3824859284" visible="true" version="2" changeset="49431838" timestamp="2017-06-11T01:15:32Z" user="UsuárioPar" uid="367813" lat="-7.2133240" lon="-35.9130197"/>
 <node id="3824859287" visible="true" version="2" changeset="49431838" timestamp="2017-06-11T01:15:32Z" user="UsuárioPar" uid="367813" lat="-7.2130948" lon="-35.9120143"/>
 <node id="3824859288" visible="true" version="3" changeset="139568816" timestamp="2023-08-07T14:40:39Z" user="Raphaelkaart" uid="12468685" lat="-7.2131393" lon="-35.9118564"/>
 <node id="3824859289" visible="true" version="4" changeset="139568816" timestamp="2023-08-07T14:40:39Z" user="Raphaelkaart" uid="12468685" lat="-7.2131785" lon="-35.9117171"/>
 <node id="3824859293" visible="true" version="2" changeset="113100526" timestamp="2021-10-28T22:57:06Z" user="andrewamaro" uid="9089009" lat="-7.2112819" lon="-35.9115720"/>
 <node id="3824859294" visible="true" version="2" changeset="113100526" timestamp="2021-10-28T22:57:06Z" user="andrewamaro" uid="9089009" lat="-7.2108325" lon="-35.9115508"/>
 <node id="3824859295" visible="true" version="2" changeset="113100526" timestamp="2021-10-28T22:57:06Z" user="andrewamaro" uid="9089009" lat="-7.2105720" lon="-35.9115395"/>
 <node id="3824859296" visible="true" version="1" changeset="35174081" timestamp="2015-11-08T17:24:35Z" user="pauloreis" uid="1066375" lat="-7.2105466" lon="-35.9128296"/>
 <node id="3824859297" visible="true" version="1" changeset="35174081" timestamp="2015-11-08T17:24:35Z" user="pauloreis" uid="1066375" lat="-7.2103092" lon="-35.9131885"/>
 <node id="3824859298" visible="true" version="1" changeset="35174081" timestamp="2015-11-08T17:24:35Z" user="pauloreis" uid="1066375" lat="-7.2101853" lon="-35.9131417"/>
 <node id="3824859299" visible="true" version="2" changeset="111916800" timestamp="2021-09-30T13:00:03Z" user="andrewamaro" uid="9089009" lat="-7.2081285" lon="-35.9152015"/>
 <node id="3824919479" visible="true" version="2" changeset="80567685" timestamp="2020-02-05T05:54:51Z" user="PlazaBaquedano" uid="9225258" lat="-7.2115661" lon="-35.9124318"/>
 <node id="3824919480" visible="true" version="3" changeset="80566848" timestamp="2020-02-05T05:37:16Z" user="PlazaBaquedano" uid="9225258" lat="-7.2112767" lon="-35.9138580"/>
 <node id="4354856297" visible="true" version="3" changeset="89569671" timestamp="2020-08-18T10:52:33Z" user="DnieperBasin" uid="10652829" lat="-7.2159458" lon="-35.9073120"/>
 <node id="4354856298" visible="true" version="2" changeset="87001003" timestamp="2020-06-22T22:37:41Z" user="Pedro Serey" uid="11372350" lat="-7.2158732" lon="-35.9070639"/>
 <node id="4354856299" visible="true" version="2" changeset="87001003" timestamp="2020-06-22T22:37:41Z" user="Pedro Serey" uid="11372350" lat="-7.2163123" lon="-35.9069137"/>
 <node id="4354856300" visible="true" version="2" changeset="87001003" timestamp="2020-06-22T22:37:41Z" user="Pedro Serey" uid="11372350" lat="-7.2163974" lon="-35.9071685"/>
 <node id="4354856301" visible="true" version="1" changeset="41523662" timestamp="2016-08-17T23:29:26Z" user="Caio Juvino" uid="4435590" lat="-7.2160461" lon="-35.9058740"/>
 <node id="4354856302" visible="true" version="1" changeset="41523662" timestamp="2016-08-17T23:29:26Z" user="Caio Juvino" uid="4435590" lat="-7.2154687" lon="-35.9060752"/>
 <node id="4354856303" visible="true" version="1" changeset="41523662" timestamp="2016-08-17T23:29:26Z" user="Caio Juvino" uid="4435590" lat="-7.2158625" lon="-35.9073546"/>
 <node id="4522281806" visible="true" version="3" changeset="66666589" timestamp="2019-01-26T23:23:25Z" user="paas-nat" uid="5134520" lat="-7.2135459" lon="-35.9105630"/>
 <node id="4522281818" visible="true" version="3" changeset="67920747" timestamp="2019-03-08T12:31:39Z" user="franciscofrr8" uid="9510781" lat="-7.2138885" lon="-35.9108537"/>
 <node id="4522281819" visible="true" version="2" changeset="67920747" timestamp="2019-03-08T12:31:39Z" user="franciscofrr8" uid="9510781" lat="-7.2138814" lon="-35.9109562"/>
 <node id="4522281820" visible="true" version="2" changeset="67920747" timestamp="2019-03-08T12:31:39Z" user="franciscofrr8" uid="9510781" lat="-7.2138536" lon="-35.9109928"/>
 <node id="4522281821" visible="true" version="1" changeset="43955608" timestamp="2016-11-25T23:39:46Z" user="UsuárioPar" uid="367813" lat="-7.2138376" lon="-35.9110699"/>
 <node id="4522281822" visible="true" version="1" changeset="43955608" timestamp="2016-11-25T23:39:46Z" user="UsuárioPar" uid="367813" lat="-7.2138615" lon="-35.9111289"/>
 <node id="4522281823" visible="true" version="1" changeset="43955608" timestamp="2016-11-25T23:39:46Z" user="UsuárioPar" uid="367813" lat="-7.2139041" lon="-35.9112040"/>
 <node id="4522281824" visible="true" version="1" changeset="43955608" timestamp="2016-11-25T23:39:46Z" user="UsuárioPar" uid="367813" lat="-7.2140418" lon="-35.9114829"/>
 <node id="4522281825" visible="true" version="1" changeset="43955608" timestamp="2016-11-25T23:39:46Z" user="UsuárioPar" uid="367813" lat="-7.2141855" lon="-35.9117458"/>
 <node id="4522281836" visible="true" version="3" changeset="66664003" timestamp="2019-01-26T20:48:02Z" user="paas-nat" uid="5134520" lat="-7.2121619" lon="-35.9182836"/>
 <node id="4522281837" visible="true" version="5" changeset="111960986" timestamp="2021-10-01T12:09:48Z" user="andrewamaro" uid="9089009" lat="-7.2119636" lon="-35.9190882"/>
 <node id="4522281851" visible="true" version="2" changeset="49431838" timestamp="2017-06-11T01:15:32Z" user="UsuárioPar" uid="367813" lat="-7.2135575" lon="-35.9203557"/>
 <node id="4522281852" visible="true" version="2" changeset="49431838" timestamp="2017-06-11T01:15:32Z" user="UsuárioPar" uid="367813" lat="-7.2136693" lon="-35.9200392"/>
 <node id="4522281853" visible="true" version="2" changeset="49431838" timestamp="2017-06-11T01:15:32Z" user="UsuárioPar" uid="367813" lat="-7.2137810" lon="-35.9200875"/>
 <node id="4522281854" visible="true" version="2" changeset="49431838" timestamp="2017-06-11T01:15:32Z" user="UsuárioPar" uid="367813" lat="-7.2139620" lon="-35.9198354"/>
 <node id="4522281855" visible="true" version="2" changeset="49431838" timestamp="2017-06-11T01:15:32Z" user="UsuárioPar" uid="367813" lat="-7.2141057" lon="-35.9194330"/>
 <node id="4522281856" visible="true" version="2" changeset="67920747" timestamp="2019-03-08T12:31:39Z" user="franciscofrr8" uid="9510781" lat="-7.2142281" lon="-35.9192288"/>
 <node id="4522281857" visible="true" version="1" changeset="43955608" timestamp="2016-11-25T23:39:46Z" user="UsuárioPar" uid="367813" lat="-7.2144729" lon="-35.9189556"/>
 <node id="4522281858" visible="true" version="2" changeset="67920747" timestamp="2019-03-08T12:31:39Z" user="franciscofrr8" uid="9510781" lat="-7.2145415" lon="-35.9187685"/>
 <node id="4522281859" visible="true" version="2" changeset="67920747" timestamp="2019-03-08T12:31:39Z" user="franciscofrr8" uid="9510781" lat="-7.2146160" lon="-35.9186554"/>
 <node id="4522281860" visible="true" version="1" changeset="43955608" timestamp="2016-11-25T23:39:46Z" user="UsuárioPar" uid="367813" lat="-7.2147549" lon="-35.9185640"/>
 <node id="4522281861" visible="true" version="1" changeset="43955608" timestamp="2016-11-25T23:39:46Z" user="UsuárioPar" uid="367813" lat="-7.2148986" lon="-35.9184191"/>
 <node id="4522281862" visible="true" version="1" changeset="43955608" timestamp="2016-11-25T23:39:46Z" user="UsuárioPar" uid="367813" lat="-7.2151168" lon="-35.9182475"/>
 <node id="4522281863" visible="true" version="2" changeset="67920747" timestamp="2019-03-08T12:31:39Z" user="franciscofrr8" uid="9510781" lat="-7.2152906" lon="-35.9180696"/>
 <node id="4522281864" visible="true" version="1" changeset="43955608" timestamp="2016-11-25T23:39:46Z" user="UsuárioPar" uid="367813" lat="-7.2157049" lon="-35.9176145"/>
 <node id="4522281865" visible="true" version="1" changeset="43955608" timestamp="2016-11-25T23:39:46Z" user="UsuárioPar" uid="367813" lat="-7.2158539" lon="-35.9172819"/>
 <node id="4522281866" visible="true" version="2" changeset="67920747" timestamp="2019-03-08T12:31:39Z" user="franciscofrr8" uid="9510781" lat="-7.2153184" lon="-35.9154615"/>
 <node id="4522281867" visible="true" version="2" changeset="67920747" timestamp="2019-03-08T12:31:39Z" user="franciscofrr8" uid="9510781" lat="-7.2149027" lon="-35.9148509"/>
 <node id="4522281868" visible="true" version="2" changeset="67920747" timestamp="2019-03-08T12:31:39Z" user="franciscofrr8" uid="9510781" lat="-7.2155575" lon="-35.9161814"/>
 <node id="4522281869" visible="true" version="2" changeset="67920747" timestamp="2019-03-08T12:31:39Z" user="franciscofrr8" uid="9510781" lat="-7.2156099" lon="-35.9162901"/>
 <node id="4522281870" visible="true" version="1" changeset="43955608" timestamp="2016-11-25T23:39:46Z" user="UsuárioPar" uid="367813" lat="-7.2157980" lon="-35.9163270"/>
 <node id="4522281871" visible="true" version="1" changeset="43955608" timestamp="2016-11-25T23:39:46Z" user="UsuárioPar" uid="367813" lat="-7.2159204" lon="-35.9164075"/>
 <node id="4525193176" visible="true" version="1" changeset="43990340" timestamp="2016-11-27T19:20:06Z" user="UsuárioPar" uid="367813" lat="-7.2165808" lon="-35.9064390">
  <tag k="amenity" v="fuel"/>
  <tag k="source" v="Bing"/>
 </node>
 <node id="4567726953" visible="true" version="2" changeset="55523172" timestamp="2018-01-17T14:26:08Z" user="Matias_Daniel" uid="7142955" lat="-7.2156327" lon="-35.9129130"/>
 <node id="4567726954" visible="true" version="2" changeset="55523172" timestamp="2018-01-17T14:26:08Z" user="Matias_Daniel" uid="7142955" lat="-7.2152594" lon="-35.9122953"/>
 <node id="4567726955" visible="true" version="1" changeset="44605900" timestamp="2016-12-22T23:19:48Z" user="thayslan" uid="5008134" lat="-7.2147971" lon="-35.9114180"/>
 <node id="4567726956" visible="true" version="2" changeset="55523172" timestamp="2018-01-17T14:26:08Z" user="Matias_Daniel" uid="7142955" lat="-7.2142976" lon="-35.9105524"/>
 <node id="4567726957" visible="true" version="2" changeset="55523172" timestamp="2018-01-17T14:26:07Z" user="Matias_Daniel" uid="7142955" lat="-7.2137098" lon="-35.9100892"/>
 <node id="4567726958" visible="true" version="2" changeset="55523172" timestamp="2018-01-17T14:26:07Z" user="Matias_Daniel" uid="7142955" lat="-7.2133659" lon="-35.9099359"/>
 <node id="4567726959" visible="true" version="2" changeset="55523172" timestamp="2018-01-17T14:26:07Z" user="Matias_Daniel" uid="7142955" lat="-7.2128152" lon="-35.9098253"/>
 <node id="4567726960" visible="true" version="3" changeset="80567820" timestamp="2020-02-05T05:58:10Z" user="PlazaBaquedano" uid="9225258" lat="-7.2120564" lon="-35.9097791"/>
 <node id="4567726961" visible="true" version="3" changeset="80567820" timestamp="2020-02-05T05:58:10Z" user="PlazaBaquedano" uid="9225258" lat="-7.2108310" lon="-35.9099259"/>
 <node id="4567726962" visible="true" version="3" changeset="80567820" timestamp="2020-02-05T05:58:10Z" user="PlazaBaquedano" uid="9225258" lat="-7.2105296" lon="-35.9103101"/>
 <node id="4811800431" visible="true" version="2" changeset="80519833" timestamp="2020-02-04T08:30:22Z" user="PlazaBaquedano" uid="9225258" lat="-7.2109514" lon="-35.9093821"/>
 <node id="4811800437" visible="true" version="4" changeset="80668984" timestamp="2020-02-07T03:37:21Z" user="PlazaBaquedano" uid="9225258" lat="-7.2175639" lon="-35.9042242"/>
 <node id="4811800439" visible="true" version="4" changeset="170398331" timestamp="2025-08-13T16:22:30Z" user="Aralqum" uid="10935577" lat="-7.2167741" lon="-35.9062481"/>
 <node id="4811846287" visible="true" version="5" changeset="80619948" timestamp="2020-02-06T05:29:37Z" user="PlazaBaquedano" uid="9225258" lat="-7.2171164" lon="-35.9131273"/>
 <node id="4811846288" visible="true" version="3" changeset="70121587" timestamp="2019-05-10T19:07:27Z" user="Matias_Daniel" uid="7142955" lat="-7.2168778" lon="-35.9132948"/>
 <node id="4811846289" visible="true" version="3" changeset="70121587" timestamp="2019-05-10T19:07:27Z" user="Matias_Daniel" uid="7142955" lat="-7.2170624" lon="-35.9132084"/>
 <node id="4811846290" visible="true" version="3" changeset="70121587" timestamp="2019-05-10T19:07:27Z" user="Matias_Daniel" uid="7142955" lat="-7.2170849" lon="-35.9131435"/>
 <node id="4811846291" visible="true" version="3" changeset="70121587" timestamp="2019-05-10T19:07:27Z" user="Matias_Daniel" uid="7142955" lat="-7.2170987" lon="-35.9129956"/>
 <node id="4811846292" visible="true" version="3" changeset="70121587" timestamp="2019-05-10T19:07:27Z" user="Matias_Daniel" uid="7142955" lat="-7.2170460" lon="-35.9128527"/>
 <node id="4811846293" visible="true" version="3" changeset="70121587" timestamp="2019-05-10T19:07:27Z" user="Matias_Daniel" uid="7142955" lat="-7.2169635" lon="-35.9127596"/>
 <node id="4811846294" visible="true" version="3" changeset="70121587" timestamp="2019-05-10T19:07:27Z" user="Matias_Daniel" uid="7142955" lat="-7.2169173" lon="-35.9127563"/>
 <node id="4811846295" visible="true" version="3" changeset="70121587" timestamp="2019-05-10T19:07:27Z" user="Matias_Daniel" uid="7142955" lat="-7.2168118" lon="-35.9127962"/>
 <node id="4811846296" visible="true" version="3" changeset="70121587" timestamp="2019-05-10T19:07:27Z" user="Matias_Daniel" uid="7142955" lat="-7.2167590" lon="-35.9128793"/>
 <node id="4811846297" visible="true" version="3" changeset="70121587" timestamp="2019-05-10T19:07:27Z" user="Matias_Daniel" uid="7142955" lat="-7.2167327" lon="-35.9129989"/>
 <node id="4811846298" visible="true" version="3" changeset="70121587" timestamp="2019-05-10T19:07:27Z" user="Matias_Daniel" uid="7142955" lat="-7.2167162" lon="-35.9130754"/>
 <node id="4811846299" visible="true" version="3" changeset="70121587" timestamp="2019-05-10T19:07:27Z" user="Matias_Daniel" uid="7142955" lat="-7.2167158" lon="-35.9131696"/>
 <node id="4811846300" visible="true" version="3" changeset="70121587" timestamp="2019-05-10T19:07:27Z" user="Matias_Daniel" uid="7142955" lat="-7.2167639" lon="-35.9132529"/>
 <node id="4811846301" visible="true" version="3" changeset="70121587" timestamp="2019-05-10T19:07:27Z" user="Matias_Daniel" uid="7142955" lat="-7.2169833" lon="-35.9132815"/>
 <node id="4811898410" visible="true" version="4" changeset="174657222" timestamp="2025-11-14T16:54:05Z" user="AnnaCatarina" uid="560578" lat="-7.2212945" lon="-35.9132284">
  <tag k="railway" v="level_crossing"/>
 </node>
 <node id="4908304707" visible="true" version="3" changeset="111957347" timestamp="2021-10-01T10:42:38Z" user="andrewamaro" uid="9089009" lat="-7.2124174" lon="-35.9153671"/>
 <node id="5083293560" visible="true" version="7" changeset="70121587" timestamp="2019-05-10T19:07:26Z" user="Matias_Daniel" uid="7142955" lat="-7.2131519" lon="-35.9086443">
  <tag k="entrance" v="yes"/>
 </node>
 <node id="5083293561" visible="true" version="7" changeset="81288646" timestamp="2020-02-20T19:36:27Z" user="overture" uid="8701980" lat="-7.2131460" lon="-35.9083980"/>
 <node id="5083293562" visible="true" version="8" changeset="81288646" timestamp="2020-02-20T19:36:27Z" user="overture" uid="8701980" lat="-7.2132693" lon="-35.9083949"/>
 <node id="5083293563" visible="true" version="8" changeset="81288646" timestamp="2020-02-20T19:36:27Z" user="overture" uid="8701980" lat="-7.2132764" lon="-35.9086924"/>
 <node id="5083293564" visible="true" version="8" changeset="81288646" timestamp="2020-02-20T19:36:27Z" user="overture" uid="8701980" lat="-7.2131531" lon="-35.9086955"/>
 <node id="5083342825" visible="true" version="2" changeset="87001003" timestamp="2020-06-22T22:37:41Z" user="Pedro Serey" uid="11372350" lat="-7.2133559" lon="-35.9086989"/>
 <node id="5083342826" visible="true" version="2" changeset="87001003" timestamp="2020-06-22T22:37:41Z" user="Pedro Serey" uid="11372350" lat="-7.2134823" lon="-35.9086993"/>
 <node id="5083342827" visible="true" version="2" changeset="87001003" timestamp="2020-06-22T22:37:41Z" user="Pedro Serey" uid="11372350" lat="-7.2134788" lon="-35.9083442"/>
 <node id="5083342828" visible="true" version="2" changeset="87001003" timestamp="2020-06-22T22:37:41Z" user="Pedro Serey" uid="11372350" lat="-7.2133524" lon="-35.9083458"/>
 <node id="5083503717" visible="true" version="2" changeset="87001003" timestamp="2020-06-22T22:37:41Z" user="Pedro Serey" uid="11372350" lat="-7.2141051" lon="-35.9073580"/>
 <node id="5083503720" visible="true" version="1" changeset="51777918" timestamp="2017-09-06T11:14:41Z" user="DEbi_CAS" uid="6608697" lat="-7.2139150" lon="-35.9076074"/>
 <node id="5083505321" visible="true" version="2" changeset="87001003" timestamp="2020-06-22T22:37:41Z" user="Pedro Serey" uid="11372350" lat="-7.2139610" lon="-35.9073428"/>
 <node id="5083505322" visible="true" version="2" changeset="87001003" timestamp="2020-06-22T22:37:41Z" user="Pedro Serey" uid="11372350" lat="-7.2140702" lon="-35.9073383"/>
 <node id="5083505323" visible="true" version="2" changeset="87001003" timestamp="2020-06-22T22:37:41Z" user="Pedro Serey" uid="11372350" lat="-7.2140042" lon="-35.9073013"/>
 <node id="5083505324" visible="true" version="2" changeset="87001003" timestamp="2020-06-22T22:37:41Z" user="Pedro Serey" uid="11372350" lat="-7.2139987" lon="-35.9072460"/>
 <node id="5083505325" visible="true" version="2" changeset="87001003" timestamp="2020-06-22T22:37:41Z" user="Pedro Serey" uid="11372350" lat="-7.2139416" lon="-35.9072469"/>
 <node id="5083505326" visible="true" version="2" changeset="87001003" timestamp="2020-06-22T22:37:41Z" user="Pedro Serey" uid="11372350" lat="-7.2139378" lon="-35.9070208"/>
 <node id="5083505327" visible="true" version="2" changeset="87001003" timestamp="2020-06-22T22:37:41Z" user="Pedro Serey" uid="11372350" lat="-7.2140557" lon="-35.9070188"/>
 <node id="5083505328" visible="true" version="2" changeset="87001003" timestamp="2020-06-22T22:37:41Z" user="Pedro Serey" uid="11372350" lat="-7.2140595" lon="-35.9072431"/>
 <node id="5083510426" visible="true" version="2" changeset="87001003" timestamp="2020-06-22T22:37:41Z" user="Pedro Serey" uid="11372350" lat="-7.2136159" lon="-35.9072732"/>
 <node id="5083510427" visible="true" version="2" changeset="87001003" timestamp="2020-06-22T22:37:41Z" user="Pedro Serey" uid="11372350" lat="-7.2136817" lon="-35.9072729"/>
 <node id="5083510428" visible="true" version="2" changeset="87001003" timestamp="2020-06-22T22:37:41Z" user="Pedro Serey" uid="11372350" lat="-7.2136821" lon="-35.9073783"/>
 <node id="5083510429" visible="true" version="2" changeset="87001003" timestamp="2020-06-22T22:37:41Z" user="Pedro Serey" uid="11372350" lat="-7.2136625" lon="-35.9073784"/>
 <node id="5083510430" visible="true" version="2" changeset="87001003" timestamp="2020-06-22T22:37:41Z" user="Pedro Serey" uid="11372350" lat="-7.2136634" lon="-35.9076056"/>
 <node id="5083510431" visible="true" version="2" changeset="87001003" timestamp="2020-06-22T22:37:41Z" user="Pedro Serey" uid="11372350" lat="-7.2137983" lon="-35.9076050"/>
 <node id="5083510432" visible="true" version="2" changeset="87001003" timestamp="2020-06-22T22:37:41Z" user="Pedro Serey" uid="11372350" lat="-7.2137971" lon="-35.9073185"/>
 <node id="5083510433" visible="true" version="2" changeset="87001003" timestamp="2020-06-22T22:37:41Z" user="Pedro Serey" uid="11372350" lat="-7.2137488" lon="-35.9073187"/>
 <node id="5083510434" visible="true" version="2" changeset="87001003" timestamp="2020-06-22T22:37:41Z" user="Pedro Serey" uid="11372350" lat="-7.2137486" lon="-35.9072673"/>
 <node id="5083510435" visible="true" version="2" changeset="87001003" timestamp="2020-06-22T22:37:41Z" user="Pedro Serey" uid="11372350" lat="-7.2137476" lon="-35.9070414"/>
 <node id="5083510436" visible="true" version="2" changeset="87001003" timestamp="2020-06-22T22:37:41Z" user="Pedro Serey" uid="11372350" lat="-7.2136149" lon="-35.9070420"/>
 <node id="5083517739" visible="true" version="3" changeset="87001003" timestamp="2020-06-22T22:37:41Z" user="Pedro Serey" uid="11372350" lat="-7.2133088" lon="-35.9072651"/>
 <node id="5083517740" visible="true" version="3" changeset="87001003" timestamp="2020-06-22T22:37:41Z" user="Pedro Serey" uid="11372350" lat="-7.2133625" lon="-35.9072639"/>
 <node id="5083517741" visible="true" version="2" changeset="87001003" timestamp="2020-06-22T22:37:41Z" user="Pedro Serey" uid="11372350" lat="-7.2133637" lon="-35.9073590"/>
 <node id="5083517742" visible="true" version="2" changeset="87001003" timestamp="2020-06-22T22:37:41Z" user="Pedro Serey" uid="11372350" lat="-7.2133476" lon="-35.9073592"/>
 <node id="5083517743" visible="true" version="2" changeset="87001003" timestamp="2020-06-22T22:37:41Z" user="Pedro Serey" uid="11372350" lat="-7.2133506" lon="-35.9076012"/>
 <node id="5083517744" visible="true" version="2" changeset="87001003" timestamp="2020-06-22T22:37:41Z" user="Pedro Serey" uid="11372350" lat="-7.2134783" lon="-35.9075996"/>
 <node id="5083517745" visible="true" version="2" changeset="87001003" timestamp="2020-06-22T22:37:41Z" user="Pedro Serey" uid="11372350" lat="-7.2134754" lon="-35.9073618"/>
 <node id="5083517746" visible="true" version="2" changeset="87001003" timestamp="2020-06-22T22:37:41Z" user="Pedro Serey" uid="11372350" lat="-7.2134925" lon="-35.9073616"/>
 <node id="5083517747" visible="true" version="2" changeset="87001003" timestamp="2020-06-22T22:37:41Z" user="Pedro Serey" uid="11372350" lat="-7.2134918" lon="-35.9073098"/>
 <node id="5083517748" visible="true" version="2" changeset="87001003" timestamp="2020-06-22T22:37:41Z" user="Pedro Serey" uid="11372350" lat="-7.2134403" lon="-35.9073104"/>
 <node id="5083517749" visible="true" version="4" changeset="89569671" timestamp="2020-08-18T10:52:33Z" user="DnieperBasin" uid="10652829" lat="-7.2134359" lon="-35.9072620"/>
 <node id="5083517750" visible="true" version="3" changeset="87001003" timestamp="2020-06-22T22:37:41Z" user="Pedro Serey" uid="11372350" lat="-7.2134377" lon="-35.9070417"/>
 <node id="5083517751" visible="true" version="3" changeset="87001003" timestamp="2020-06-22T22:37:41Z" user="Pedro Serey" uid="11372350" lat="-7.2133038" lon="-35.9070447"/>
 <node id="5083543837" visible="true" version="2" changeset="87001003" timestamp="2020-06-22T22:37:41Z" user="Pedro Serey" uid="11372350" lat="-7.2133629" lon="-35.9072927"/>
 <node id="5083560637" visible="true" version="3" changeset="87001003" timestamp="2020-06-22T22:37:41Z" user="Pedro Serey" uid="11372350" lat="-7.2120542" lon="-35.9090843"/>
 <node id="5083560640" visible="true" version="5" changeset="87001003" timestamp="2020-06-22T22:37:41Z" user="Pedro Serey" uid="11372350" lat="-7.2127313" lon="-35.9087712"/>
 <node id="5083560641" visible="true" version="2" changeset="87001003" timestamp="2020-06-22T22:37:41Z" user="Pedro Serey" uid="11372350" lat="-7.2127632" lon="-35.9092603"/>
 <node id="5083560642" visible="true" version="2" changeset="87001003" timestamp="2020-06-22T22:37:41Z" user="Pedro Serey" uid="11372350" lat="-7.2124210" lon="-35.9092753"/>
 <node id="5083560643" visible="true" version="3" changeset="89569671" timestamp="2020-08-18T10:52:33Z" user="DnieperBasin" uid="10652829" lat="-7.2123761" lon="-35.9092142"/>
 <node id="5083560644" visible="true" version="2" changeset="87001003" timestamp="2020-06-22T22:37:41Z" user="Pedro Serey" uid="11372350" lat="-7.2121811" lon="-35.9092106"/>
 <node id="5083581148" visible="true" version="2" changeset="88723969" timestamp="2020-07-30T09:41:33Z" user="DnieperBasin" uid="10652829" lat="-7.2136789" lon="-35.9057745"/>
 <node id="5083581149" visible="true" version="2" changeset="88723969" timestamp="2020-07-30T09:41:33Z" user="DnieperBasin" uid="10652829" lat="-7.2140541" lon="-35.9057772"/>
 <node id="5083589725" visible="true" version="2" changeset="51929447" timestamp="2017-09-11T07:11:46Z" user="DEbi_CAS" uid="6608697" lat="-7.2136984" lon="-35.9068898"/>
 <node id="5083589726" visible="true" version="3" changeset="88726216" timestamp="2020-07-30T10:20:10Z" user="DnieperBasin" uid="10652829" lat="-7.2141473" lon="-35.9068823"/>
 <node id="5083589727" visible="true" version="3" changeset="88726216" timestamp="2020-07-30T10:20:10Z" user="DnieperBasin" uid="10652829" lat="-7.2141473" lon="-35.9059113"/>
 <node id="5083589728" visible="true" version="2" changeset="51929447" timestamp="2017-09-11T07:11:46Z" user="DEbi_CAS" uid="6608697" lat="-7.2136871" lon="-35.9059141"/>
 <node id="5088489327" visible="true" version="4" changeset="87001003" timestamp="2020-06-22T22:37:41Z" user="Pedro Serey" uid="11372350" lat="-7.2142079" lon="-35.9079785"/>
 <node id="5088489328" visible="true" version="4" changeset="87001003" timestamp="2020-06-22T22:37:41Z" user="Pedro Serey" uid="11372350" lat="-7.2142077" lon="-35.9079307"/>
 <node id="5088489329" visible="true" version="4" changeset="87001003" timestamp="2020-06-22T22:37:41Z" user="Pedro Serey" uid="11372350" lat="-7.2141301" lon="-35.9079311"/>
 <node id="5088489330" visible="true" version="4" changeset="87001003" timestamp="2020-06-22T22:37:41Z" user="Pedro Serey" uid="11372350" lat="-7.2141304" lon="-35.9079754"/>
 <node id="5088489331" visible="true" version="4" changeset="87001003" timestamp="2020-06-22T22:37:41Z" user="Pedro Serey" uid="11372350" lat="-7.2141139" lon="-35.9079755"/>
 <node id="5088489332" visible="true" version="4" changeset="87001003" timestamp="2020-06-22T22:37:41Z" user="Pedro Serey" uid="11372350" lat="-7.2141142" lon="-35.9080487"/>
 <node id="5088489333" visible="true" version="4" changeset="87001003" timestamp="2020-06-22T22:37:41Z" user="Pedro Serey" uid="11372350" lat="-7.2141383" lon="-35.9080486"/>
 <node id="5088489334" visible="true" version="4" changeset="87001003" timestamp="2020-06-22T22:37:41Z" user="Pedro Serey" uid="11372350" lat="-7.2141388" lon="-35.9081527"/>
 <node id="5088489335" visible="true" version="4" changeset="87001003" timestamp="2020-06-22T22:37:41Z" user="Pedro Serey" uid="11372350" lat="-7.2141196" lon="-35.9081528"/>
 <node id="5088489336" visible="true" version="4" changeset="87001003" timestamp="2020-06-22T22:37:41Z" user="Pedro Serey" uid="11372350" lat="-7.2141198" lon="-35.9082120"/>
 <node id="5088489337" visible="true" version="4" changeset="87001003" timestamp="2020-06-22T22:37:41Z" user="Pedro Serey" uid="11372350" lat="-7.2141455" lon="-35.9082118"/>
 <node id="5088489338" visible="true" version="4" changeset="87001003" timestamp="2020-06-22T22:37:41Z" user="Pedro Serey" uid="11372350" lat="-7.2141457" lon="-35.9082599"/>
 <node id="5088489339" visible="true" version="4" changeset="87001003" timestamp="2020-06-22T22:37:41Z" user="Pedro Serey" uid="11372350" lat="-7.2142279" lon="-35.9082596"/>
 <node id="5088489340" visible="true" version="4" changeset="87001003" timestamp="2020-06-22T22:37:41Z" user="Pedro Serey" uid="11372350" lat="-7.2142281" lon="-35.9083077"/>
 <node id="5088489341" visible="true" version="3" changeset="87001003" timestamp="2020-06-22T22:37:41Z" user="Pedro Serey" uid="11372350" lat="-7.2142049" lon="-35.9083078"/>
 <node id="5088489342" visible="true" version="3" changeset="87001003" timestamp="2020-06-22T22:37:41Z" user="Pedro Serey" uid="11372350" lat="-7.2141926" lon="-35.9083220"/>
 <node id="5088489343" visible="true" version="3" changeset="87001003" timestamp="2020-06-22T22:37:41Z" user="Pedro Serey" uid="11372350" lat="-7.2141909" lon="-35.9083344"/>
 <node id="5088489344" visible="true" version="3" changeset="87001003" timestamp="2020-06-22T22:37:41Z" user="Pedro Serey" uid="11372350" lat="-7.2141926" lon="-35.9083477"/>
 <node id="5088489345" visible="true" version="3" changeset="87001003" timestamp="2020-06-22T22:37:41Z" user="Pedro Serey" uid="11372350" lat="-7.2142005" lon="-35.9083592"/>
 <node id="5088489346" visible="true" version="3" changeset="87001003" timestamp="2020-06-22T22:37:41Z" user="Pedro Serey" uid="11372350" lat="-7.2142119" lon="-35.9083645"/>
 <node id="5088489347" visible="true" version="4" changeset="87001003" timestamp="2020-06-22T22:37:41Z" user="Pedro Serey" uid="11372350" lat="-7.2142245" lon="-35.9083643"/>
 <node id="5088489348" visible="true" version="4" changeset="87001003" timestamp="2020-06-22T22:37:41Z" user="Pedro Serey" uid="11372350" lat="-7.2142249" lon="-35.9083925"/>
 <node id="5088489349" visible="true" version="4" changeset="87001003" timestamp="2020-06-22T22:37:41Z" user="Pedro Serey" uid="11372350" lat="-7.2142152" lon="-35.9083927"/>
 <node id="5088489350" visible="true" version="4" changeset="87001003" timestamp="2020-06-22T22:37:41Z" user="Pedro Serey" uid="11372350" lat="-7.2142159" lon="-35.9084417"/>
 <node id="5088489351" visible="true" version="4" changeset="87001003" timestamp="2020-06-22T22:37:41Z" user="Pedro Serey" uid="11372350" lat="-7.2143118" lon="-35.9084404"/>
 <node id="5088489352" visible="true" version="4" changeset="87001003" timestamp="2020-06-22T22:37:41Z" user="Pedro Serey" uid="11372350" lat="-7.2143111" lon="-35.9083898"/>
 <node id="5088489353" visible="true" version="4" changeset="87001003" timestamp="2020-06-22T22:37:41Z" user="Pedro Serey" uid="11372350" lat="-7.2143336" lon="-35.9083895"/>
 <node id="5088489354" visible="true" version="4" changeset="87001003" timestamp="2020-06-22T22:37:41Z" user="Pedro Serey" uid="11372350" lat="-7.2143332" lon="-35.9083558"/>
 <node id="5088489355" visible="true" version="4" changeset="87001003" timestamp="2020-06-22T22:37:41Z" user="Pedro Serey" uid="11372350" lat="-7.2143426" lon="-35.9083557"/>
 <node id="5088489356" visible="true" version="4" changeset="87001003" timestamp="2020-06-22T22:37:41Z" user="Pedro Serey" uid="11372350" lat="-7.2143412" lon="-35.9082276"/>
 <node id="5088489357" visible="true" version="4" changeset="87001003" timestamp="2020-06-22T22:37:41Z" user="Pedro Serey" uid="11372350" lat="-7.2143506" lon="-35.9082275"/>
 <node id="5088489358" visible="true" version="4" changeset="87001003" timestamp="2020-06-22T22:37:41Z" user="Pedro Serey" uid="11372350" lat="-7.2143498" lon="-35.9081502"/>
 <node id="5088489359" visible="true" version="4" changeset="87001003" timestamp="2020-06-22T22:37:41Z" user="Pedro Serey" uid="11372350" lat="-7.2143375" lon="-35.9081503"/>
 <node id="5088489360" visible="true" version="4" changeset="87001003" timestamp="2020-06-22T22:37:41Z" user="Pedro Serey" uid="11372350" lat="-7.2143367" lon="-35.9080542"/>
 <node id="5088489361" visible="true" version="4" changeset="87001003" timestamp="2020-06-22T22:37:41Z" user="Pedro Serey" uid="11372350" lat="-7.2143489" lon="-35.9080541"/>
 <node id="5088489362" visible="true" version="4" changeset="87001003" timestamp="2020-06-22T22:37:41Z" user="Pedro Serey" uid="11372350" lat="-7.2143484" lon="-35.9079890"/>
 <node id="5088489363" visible="true" version="4" changeset="87001003" timestamp="2020-06-22T22:37:41Z" user="Pedro Serey" uid="11372350" lat="-7.2143185" lon="-35.9079892"/>
 <node id="5088489364" visible="true" version="4" changeset="87001003" timestamp="2020-06-22T22:37:41Z" user="Pedro Serey" uid="11372350" lat="-7.2143181" lon="-35.9079336"/>
 <node id="5088489365" visible="true" version="4" changeset="87001003" timestamp="2020-06-22T22:37:41Z" user="Pedro Serey" uid="11372350" lat="-7.2142531" lon="-35.9079340"/>
 <node id="5088489366" visible="true" version="4" changeset="87001003" timestamp="2020-06-22T22:37:41Z" user="Pedro Serey" uid="11372350" lat="-7.2142534" lon="-35.9079782"/>
 <node id="5088501323" visible="true" version="2" changeset="87001003" timestamp="2020-06-22T22:37:41Z" user="Pedro Serey" uid="11372350" lat="-7.2138014" lon="-35.9078915"/>
 <node id="5088501324" visible="true" version="2" changeset="87001003" timestamp="2020-06-22T22:37:41Z" user="Pedro Serey" uid="11372350" lat="-7.2137992" lon="-35.9077031"/>
 <node id="5088501325" visible="true" version="2" changeset="87001003" timestamp="2020-06-22T22:37:41Z" user="Pedro Serey" uid="11372350" lat="-7.2139206" lon="-35.9077017"/>
 <node id="5088501326" visible="true" version="2" changeset="87001003" timestamp="2020-06-22T22:37:41Z" user="Pedro Serey" uid="11372350" lat="-7.2139228" lon="-35.9078900"/>
 <node id="5088519820" visible="true" version="2" changeset="87001003" timestamp="2020-06-22T22:37:41Z" user="Pedro Serey" uid="11372350" lat="-7.2137890" lon="-35.9079871"/>
 <node id="5088520021" visible="true" version="2" changeset="87001003" timestamp="2020-06-22T22:37:41Z" user="Pedro Serey" uid="11372350" lat="-7.2139117" lon="-35.9079863"/>
 <node id="5088520022" visible="true" version="2" changeset="87001003" timestamp="2020-06-22T22:37:41Z" user="Pedro Serey" uid="11372350" lat="-7.2139150" lon="-35.9084827"/>
 <node id="5088520023" visible="true" version="2" changeset="87001003" timestamp="2020-06-22T22:37:41Z" user="Pedro Serey" uid="11372350" lat="-7.2137944" lon="-35.9084836"/>
 <node id="5088520024" visible="true" version="2" changeset="87001003" timestamp="2020-06-22T22:37:41Z" user="Pedro Serey" uid="11372350" lat="-7.2137930" lon="-35.9082783"/>
 <node id="5088520025" visible="true" version="2" changeset="87001003" timestamp="2020-06-22T22:37:41Z" user="Pedro Serey" uid="11372350" lat="-7.2137364" lon="-35.9082787"/>
 <node id="5088520026" visible="true" version="2" changeset="87001003" timestamp="2020-06-22T22:37:41Z" user="Pedro Serey" uid="11372350" lat="-7.2137360" lon="-35.9082246"/>
 <node id="5088520027" visible="true" version="2" changeset="87001003" timestamp="2020-06-22T22:37:41Z" user="Pedro Serey" uid="11372350" lat="-7.2137780" lon="-35.9082243"/>
 <node id="5088520028" visible="true" version="2" changeset="87001003" timestamp="2020-06-22T22:37:41Z" user="Pedro Serey" uid="11372350" lat="-7.2137776" lon="-35.9081733"/>
 <node id="5088520029" visible="true" version="2" changeset="87001003" timestamp="2020-06-22T22:37:41Z" user="Pedro Serey" uid="11372350" lat="-7.2138158" lon="-35.9081730"/>
 <node id="5088520030" visible="true" version="2" changeset="87001003" timestamp="2020-06-22T22:37:41Z" user="Pedro Serey" uid="11372350" lat="-7.2138151" lon="-35.9080732"/>
 <node id="5088520031" visible="true" version="2" changeset="87001003" timestamp="2020-06-22T22:37:41Z" user="Pedro Serey" uid="11372350" lat="-7.2137895" lon="-35.9080734"/>
 <node id="5088533846" visible="true" version="2" changeset="87001003" timestamp="2020-06-22T22:37:41Z" user="Pedro Serey" uid="11372350" lat="-7.2142195" lon="-35.9087235"/>
 <node id="5088533847" visible="true" version="2" changeset="87001003" timestamp="2020-06-22T22:37:41Z" user="Pedro Serey" uid="11372350" lat="-7.2143590" lon="-35.9087233"/>
 <node id="5088533848" visible="true" version="2" changeset="87001003" timestamp="2020-06-22T22:37:41Z" user="Pedro Serey" uid="11372350" lat="-7.2143596" lon="-35.9092355"/>
 <node id="5088533849" visible="true" version="2" changeset="87001003" timestamp="2020-06-22T22:37:41Z" user="Pedro Serey" uid="11372350" lat="-7.2142203" lon="-35.9092357"/>
 <node id="5088533850" visible="true" version="2" changeset="87001003" timestamp="2020-06-22T22:37:41Z" user="Pedro Serey" uid="11372350" lat="-7.2142202" lon="-35.9091341"/>
 <node id="5088533851" visible="true" version="2" changeset="87001003" timestamp="2020-06-22T22:37:41Z" user="Pedro Serey" uid="11372350" lat="-7.2142677" lon="-35.9091340"/>
 <node id="5088533852" visible="true" version="2" changeset="87001003" timestamp="2020-06-22T22:37:41Z" user="Pedro Serey" uid="11372350" lat="-7.2142675" lon="-35.9090290"/>
 <node id="5088533853" visible="true" version="2" changeset="87001003" timestamp="2020-06-22T22:37:41Z" user="Pedro Serey" uid="11372350" lat="-7.2142075" lon="-35.9090291"/>
 <node id="5088533854" visible="true" version="2" changeset="87001003" timestamp="2020-06-22T22:37:41Z" user="Pedro Serey" uid="11372350" lat="-7.2142074" lon="-35.9089717"/>
 <node id="5088533855" visible="true" version="2" changeset="87001003" timestamp="2020-06-22T22:37:41Z" user="Pedro Serey" uid="11372350" lat="-7.2142189" lon="-35.9089717"/>
 <node id="5088533856" visible="true" version="2" changeset="87001003" timestamp="2020-06-22T22:37:41Z" user="Pedro Serey" uid="11372350" lat="-7.2142188" lon="-35.9089255"/>
 <node id="5088533857" visible="true" version="2" changeset="87001003" timestamp="2020-06-22T22:37:41Z" user="Pedro Serey" uid="11372350" lat="-7.2142674" lon="-35.9089254"/>
 <node id="5088533858" visible="true" version="2" changeset="87001003" timestamp="2020-06-22T22:37:41Z" user="Pedro Serey" uid="11372350" lat="-7.2142673" lon="-35.9088168"/>
 <node id="5088533859" visible="true" version="2" changeset="87001003" timestamp="2020-06-22T22:37:41Z" user="Pedro Serey" uid="11372350" lat="-7.2142196" lon="-35.9088168"/>
 <node id="5088546189" visible="true" version="3" changeset="87001003" timestamp="2020-06-22T22:37:41Z" user="Pedro Serey" uid="11372350" lat="-7.2141377" lon="-35.9092493"/>
 <node id="5088546190" visible="true" version="3" changeset="87001003" timestamp="2020-06-22T22:37:41Z" user="Pedro Serey" uid="11372350" lat="-7.2140622" lon="-35.9092494"/>
 <node id="5088546191" visible="true" version="3" changeset="87001003" timestamp="2020-06-22T22:37:41Z" user="Pedro Serey" uid="11372350" lat="-7.2140623" lon="-35.9093916"/>
 <node id="5088546192" visible="true" version="3" changeset="87001003" timestamp="2020-06-22T22:37:41Z" user="Pedro Serey" uid="11372350" lat="-7.2140302" lon="-35.9093916"/>
 <node id="5088546193" visible="true" version="3" changeset="87001003" timestamp="2020-06-22T22:37:41Z" user="Pedro Serey" uid="11372350" lat="-7.2140303" lon="-35.9095066"/>
 <node id="5088546194" visible="true" version="3" changeset="87001003" timestamp="2020-06-22T22:37:41Z" user="Pedro Serey" uid="11372350" lat="-7.2141380" lon="-35.9095065"/>
 <node id="5088550926" visible="true" version="3" changeset="87001003" timestamp="2020-06-22T22:37:41Z" user="Pedro Serey" uid="11372350" lat="-7.2138424" lon="-35.9094229"/>
 <node id="5088550927" visible="true" version="3" changeset="87001003" timestamp="2020-06-22T22:37:41Z" user="Pedro Serey" uid="11372350" lat="-7.2139326" lon="-35.9094215"/>
 <node id="5088550928" visible="true" version="3" changeset="87001003" timestamp="2020-06-22T22:37:41Z" user="Pedro Serey" uid="11372350" lat="-7.2139211" lon="-35.9087270"/>
 <node id="5088550929" visible="true" version="3" changeset="87001003" timestamp="2020-06-22T22:37:41Z" user="Pedro Serey" uid="11372350" lat="-7.2137527" lon="-35.9087301"/>
 <node id="5088550930" visible="true" version="3" changeset="87001003" timestamp="2020-06-22T22:37:41Z" user="Pedro Serey" uid="11372350" lat="-7.2137549" lon="-35.9088472"/>
 <node id="5088550931" visible="true" version="3" changeset="87001003" timestamp="2020-06-22T22:37:41Z" user="Pedro Serey" uid="11372350" lat="-7.2138155" lon="-35.9088461"/>
 <node id="5088550932" visible="true" version="3" changeset="87001003" timestamp="2020-06-22T22:37:41Z" user="Pedro Serey" uid="11372350" lat="-7.2138171" lon="-35.9089365"/>
 <node id="5088550933" visible="true" version="3" changeset="87001003" timestamp="2020-06-22T22:37:41Z" user="Pedro Serey" uid="11372350" lat="-7.2137467" lon="-35.9089378"/>
 <node id="5088550934" visible="true" version="3" changeset="87001003" timestamp="2020-06-22T22:37:41Z" user="Pedro Serey" uid="11372350" lat="-7.2137488" lon="-35.9090556"/>
 <node id="5088550935" visible="true" version="3" changeset="87001003" timestamp="2020-06-22T22:37:41Z" user="Pedro Serey" uid="11372350" lat="-7.2137758" lon="-35.9090551"/>
 <node id="5088550936" visible="true" version="3" changeset="87001003" timestamp="2020-06-22T22:37:41Z" user="Pedro Serey" uid="11372350" lat="-7.2137774" lon="-35.9091454"/>
 <node id="5088550937" visible="true" version="3" changeset="87001003" timestamp="2020-06-22T22:37:41Z" user="Pedro Serey" uid="11372350" lat="-7.2137908" lon="-35.9091452"/>
 <node id="5088550938" visible="true" version="3" changeset="87001003" timestamp="2020-06-22T22:37:41Z" user="Pedro Serey" uid="11372350" lat="-7.2137945" lon="-35.9093756"/>
 <node id="5088550939" visible="true" version="3" changeset="87001003" timestamp="2020-06-22T22:37:41Z" user="Pedro Serey" uid="11372350" lat="-7.2138416" lon="-35.9093748"/>
 <node id="5088559199" visible="true" version="1" changeset="51843154" timestamp="2017-09-08T12:19:30Z" user="DEbi_CAS" uid="6608697" lat="-7.2125481" lon="-35.9086963"/>
 <node id="5088559200" visible="true" version="1" changeset="51843154" timestamp="2017-09-08T12:19:30Z" user="DEbi_CAS" uid="6608697" lat="-7.2125393" lon="-35.9080833"/>
 <node id="5088559201" visible="true" version="1" changeset="51843154" timestamp="2017-09-08T12:19:30Z" user="DEbi_CAS" uid="6608697" lat="-7.2126670" lon="-35.9080815"/>
 <node id="5088559202" visible="true" version="1" changeset="51843154" timestamp="2017-09-08T12:19:30Z" user="DEbi_CAS" uid="6608697" lat="-7.2126757" lon="-35.9086944"/>
 <node id="5088562224" visible="true" version="2" changeset="51843197" timestamp="2017-09-08T12:20:46Z" user="DEbi_CAS" uid="6608697" lat="-7.2122995" lon="-35.9087090"/>
 <node id="5088562225" visible="true" version="2" changeset="51843197" timestamp="2017-09-08T12:20:47Z" user="DEbi_CAS" uid="6608697" lat="-7.2124304" lon="-35.9087067"/>
 <node id="5088562226" visible="true" version="2" changeset="51843197" timestamp="2017-09-08T12:20:47Z" user="DEbi_CAS" uid="6608697" lat="-7.2124247" lon="-35.9083767"/>
 <node id="5088562227" visible="true" version="2" changeset="51843197" timestamp="2017-09-08T12:20:47Z" user="DEbi_CAS" uid="6608697" lat="-7.2122938" lon="-35.9083790"/>
 <node id="5088566925" visible="true" version="1" changeset="51843240" timestamp="2017-09-08T12:21:53Z" user="DEbi_CAS" uid="6608697" lat="-7.2125655" lon="-35.9080082"/>
 <node id="5088566926" visible="true" version="1" changeset="51843240" timestamp="2017-09-08T12:21:53Z" user="DEbi_CAS" uid="6608697" lat="-7.2125642" lon="-35.9078360"/>
 <node id="5088566927" visible="true" version="1" changeset="51843240" timestamp="2017-09-08T12:21:53Z" user="DEbi_CAS" uid="6608697" lat="-7.2126990" lon="-35.9078350"/>
 <node id="5088566928" visible="true" version="1" changeset="51843240" timestamp="2017-09-08T12:21:53Z" user="DEbi_CAS" uid="6608697" lat="-7.2127003" lon="-35.9080072"/>
 <node id="5088570201" visible="true" version="1" changeset="51843308" timestamp="2017-09-08T12:23:29Z" user="DEbi_CAS" uid="6608697" lat="-7.2123056" lon="-35.9083098"/>
 <node id="5088570202" visible="true" version="1" changeset="51843308" timestamp="2017-09-08T12:23:29Z" user="DEbi_CAS" uid="6608697" lat="-7.2124311" lon="-35.9083050"/>
 <node id="5088570203" visible="true" version="1" changeset="51843308" timestamp="2017-09-08T12:23:29Z" user="DEbi_CAS" uid="6608697" lat="-7.2124184" lon="-35.9079700"/>
 <node id="5088570204" visible="true" version="1" changeset="51843308" timestamp="2017-09-08T12:23:29Z" user="DEbi_CAS" uid="6608697" lat="-7.2122930" lon="-35.9079748"/>
 <node id="5088576171" visible="true" version="1" changeset="51843448" timestamp="2017-09-08T12:27:21Z" user="DEbi_CAS" uid="6608697" lat="-7.2124078" lon="-35.9076256"/>
 <node id="5088576172" visible="true" version="1" changeset="51843448" timestamp="2017-09-08T12:27:21Z" user="DEbi_CAS" uid="6608697" lat="-7.2125319" lon="-35.9076253"/>
 <node id="5088576173" visible="true" version="1" changeset="51843448" timestamp="2017-09-08T12:27:21Z" user="DEbi_CAS" uid="6608697" lat="-7.2125313" lon="-35.9073595"/>
 <node id="5088576174" visible="true" version="1" changeset="51843448" timestamp="2017-09-08T12:27:21Z" user="DEbi_CAS" uid="6608697" lat="-7.2124871" lon="-35.9073596"/>
 <node id="5088576175" visible="true" version="2" changeset="67474697" timestamp="2019-02-22T17:47:51Z" user="JSilvaBR" uid="9454292" lat="-7.2124849" lon="-35.9073091"/>
 <node id="5088576176" visible="true" version="2" changeset="67474697" timestamp="2019-02-22T17:47:51Z" user="JSilvaBR" uid="9454292" lat="-7.2124390" lon="-35.9073103"/>
 <node id="5088576180" visible="true" version="2" changeset="67474697" timestamp="2019-02-22T17:47:51Z" user="JSilvaBR" uid="9454292" lat="-7.2124081" lon="-35.9073094"/>
 <node id="5088581304" visible="true" version="3" changeset="67474697" timestamp="2019-02-22T17:47:51Z" user="JSilvaBR" uid="9454292" lat="-7.2126971" lon="-35.9072863"/>
 <node id="5088581310" visible="true" version="3" changeset="67474697" timestamp="2019-02-22T17:47:51Z" user="JSilvaBR" uid="9454292" lat="-7.2126975" lon="-35.9073562"/>
 <node id="5088581311" visible="true" version="3" changeset="67474697" timestamp="2019-02-22T17:47:51Z" user="JSilvaBR" uid="9454292" lat="-7.2128159" lon="-35.9073273"/>
 <node id="5088581312" visible="true" version="2" changeset="51843561" timestamp="2017-09-08T12:30:47Z" user="DEbi_CAS" uid="6608697" lat="-7.2127891" lon="-35.9073248"/>
 <node id="5088581313" visible="true" version="2" changeset="51843561" timestamp="2017-09-08T12:30:47Z" user="DEbi_CAS" uid="6608697" lat="-7.2127857" lon="-35.9070620"/>
 <node id="5088581314" visible="true" version="2" changeset="51843561" timestamp="2017-09-08T12:30:47Z" user="DEbi_CAS" uid="6608697" lat="-7.2126628" lon="-35.9070636"/>
 <node id="5088581315" visible="true" version="2" changeset="51843561" timestamp="2017-09-08T12:30:47Z" user="DEbi_CAS" uid="6608697" lat="-7.2126658" lon="-35.9072888"/>
 <node id="5088587288" visible="true" version="2" changeset="70121587" timestamp="2019-05-10T19:07:26Z" user="Matias_Daniel" uid="7142955" lat="-7.2120126" lon="-35.9075995"/>
 <node id="5088587289" visible="true" version="2" changeset="70121587" timestamp="2019-05-10T19:07:26Z" user="Matias_Daniel" uid="7142955" lat="-7.2120071" lon="-35.9073769"/>
 <node id="5088587290" visible="true" version="2" changeset="70121587" timestamp="2019-05-10T19:07:26Z" user="Matias_Daniel" uid="7142955" lat="-7.2120154" lon="-35.9073767"/>
 <node id="5088587291" visible="true" version="2" changeset="70121587" timestamp="2019-05-10T19:07:26Z" user="Matias_Daniel" uid="7142955" lat="-7.2120141" lon="-35.9073270"/>
 <node id="5088587292" visible="true" version="2" changeset="70121587" timestamp="2019-05-10T19:07:26Z" user="Matias_Daniel" uid="7142955" lat="-7.2118797" lon="-35.9073303"/>
 <node id="5088587293" visible="true" version="2" changeset="70121587" timestamp="2019-05-10T19:07:26Z" user="Matias_Daniel" uid="7142955" lat="-7.2118808" lon="-35.9073738"/>
 <node id="5088587294" visible="true" version="2" changeset="70121587" timestamp="2019-05-10T19:07:26Z" user="Matias_Daniel" uid="7142955" lat="-7.2118695" lon="-35.9073741"/>
 <node id="5088587295" visible="true" version="2" changeset="70121587" timestamp="2019-05-10T19:07:26Z" user="Matias_Daniel" uid="7142955" lat="-7.2118751" lon="-35.9076029"/>
 <node id="5088590550" visible="true" version="1" changeset="51843641" timestamp="2017-09-08T12:33:02Z" user="DEbi_CAS" uid="6608697" lat="-7.2123240" lon="-35.9076143"/>
 <node id="5088590551" visible="true" version="1" changeset="51843641" timestamp="2017-09-08T12:33:02Z" user="DEbi_CAS" uid="6608697" lat="-7.2123191" lon="-35.9073885"/>
 <node id="5088590552" visible="true" version="1" changeset="51843641" timestamp="2017-09-08T12:33:02Z" user="DEbi_CAS" uid="6608697" lat="-7.2122580" lon="-35.9073898"/>
 <node id="5088590553" visible="true" version="1" changeset="51843641" timestamp="2017-09-08T12:33:02Z" user="DEbi_CAS" uid="6608697" lat="-7.2122560" lon="-35.9072984"/>
 <node id="5088590554" visible="true" version="1" changeset="51843641" timestamp="2017-09-08T12:33:02Z" user="DEbi_CAS" uid="6608697" lat="-7.2122636" lon="-35.9072982"/>
 <node id="5088590555" visible="true" version="1" changeset="51843641" timestamp="2017-09-08T12:33:02Z" user="DEbi_CAS" uid="6608697" lat="-7.2122586" lon="-35.9070708"/>
 <node id="5088590556" visible="true" version="1" changeset="51843641" timestamp="2017-09-08T12:33:02Z" user="DEbi_CAS" uid="6608697" lat="-7.2121248" lon="-35.9070738"/>
 <node id="5088590557" visible="true" version="1" changeset="51843641" timestamp="2017-09-08T12:33:02Z" user="DEbi_CAS" uid="6608697" lat="-7.2121298" lon="-35.9073037"/>
 <node id="5088590558" visible="true" version="1" changeset="51843641" timestamp="2017-09-08T12:33:02Z" user="DEbi_CAS" uid="6608697" lat="-7.2121867" lon="-35.9073024"/>
 <node id="5088590559" visible="true" version="1" changeset="51843641" timestamp="2017-09-08T12:33:02Z" user="DEbi_CAS" uid="6608697" lat="-7.2121936" lon="-35.9076172"/>
 <node id="5088610755" visible="true" version="1" changeset="51843846" timestamp="2017-09-08T12:39:02Z" user="DEbi_CAS" uid="6608697" lat="-7.2129404" lon="-35.9079343"/>
 <node id="5088610756" visible="true" version="1" changeset="51843846" timestamp="2017-09-08T12:39:02Z" user="DEbi_CAS" uid="6608697" lat="-7.2128005" lon="-35.9079366"/>
 <node id="5088610757" visible="true" version="1" changeset="51843846" timestamp="2017-09-08T12:39:02Z" user="DEbi_CAS" uid="6608697" lat="-7.2128128" lon="-35.9086999"/>
 <node id="5088610758" visible="true" version="1" changeset="51843846" timestamp="2017-09-08T12:39:02Z" user="DEbi_CAS" uid="6608697" lat="-7.2129527" lon="-35.9086976"/>
 <node id="5088616408" visible="true" version="1" changeset="51843915" timestamp="2017-09-08T12:40:45Z" user="DEbi_CAS" uid="6608697" lat="-7.2128414" lon="-35.9079126"/>
 <node id="5088616409" visible="true" version="1" changeset="51843915" timestamp="2017-09-08T12:40:45Z" user="DEbi_CAS" uid="6608697" lat="-7.2128411" lon="-35.9078560"/>
 <node id="5088616410" visible="true" version="1" changeset="51843915" timestamp="2017-09-08T12:40:45Z" user="DEbi_CAS" uid="6608697" lat="-7.2128271" lon="-35.9078560"/>
 <node id="5088616411" visible="true" version="1" changeset="51843915" timestamp="2017-09-08T12:40:45Z" user="DEbi_CAS" uid="6608697" lat="-7.2128270" lon="-35.9078151"/>
 <node id="5088616412" visible="true" version="1" changeset="51843915" timestamp="2017-09-08T12:40:45Z" user="DEbi_CAS" uid="6608697" lat="-7.2128436" lon="-35.9078150"/>
 <node id="5088616413" visible="true" version="1" changeset="51843915" timestamp="2017-09-08T12:40:45Z" user="DEbi_CAS" uid="6608697" lat="-7.2128435" lon="-35.9077867"/>
 <node id="5088616414" visible="true" version="1" changeset="51843915" timestamp="2017-09-08T12:40:45Z" user="DEbi_CAS" uid="6608697" lat="-7.2129218" lon="-35.9077863"/>
 <node id="5088616415" visible="true" version="1" changeset="51843915" timestamp="2017-09-08T12:40:45Z" user="DEbi_CAS" uid="6608697" lat="-7.2129224" lon="-35.9079122"/>
 <node id="5088624387" visible="true" version="2" changeset="51847831" timestamp="2017-09-08T14:33:42Z" user="DEbi_CAS" uid="6608697" lat="-7.2123141" lon="-35.9078553"/>
 <node id="5088624388" visible="true" version="2" changeset="51847831" timestamp="2017-09-08T14:33:42Z" user="DEbi_CAS" uid="6608697" lat="-7.2123113" lon="-35.9077000"/>
 <node id="5088624389" visible="true" version="2" changeset="51847831" timestamp="2017-09-08T14:33:42Z" user="DEbi_CAS" uid="6608697" lat="-7.2124449" lon="-35.9076974"/>
 <node id="5088624390" visible="true" version="2" changeset="51847831" timestamp="2017-09-08T14:33:42Z" user="DEbi_CAS" uid="6608697" lat="-7.2124478" lon="-35.9078527"/>
 <node id="5088633008" visible="true" version="1" changeset="51844447" timestamp="2017-09-08T12:54:33Z" user="DEbi_CAS" uid="6608697" lat="-7.2119202" lon="-35.9080608"/>
 <node id="5088633009" visible="true" version="1" changeset="51844447" timestamp="2017-09-08T12:54:33Z" user="DEbi_CAS" uid="6608697" lat="-7.2119213" lon="-35.9081873"/>
 <node id="5088633010" visible="true" version="1" changeset="51844447" timestamp="2017-09-08T12:54:33Z" user="DEbi_CAS" uid="6608697" lat="-7.2119076" lon="-35.9081872"/>
 <node id="5088633011" visible="true" version="1" changeset="51844447" timestamp="2017-09-08T12:54:33Z" user="DEbi_CAS" uid="6608697" lat="-7.2118868" lon="-35.9084551"/>
 <node id="5088633012" visible="true" version="1" changeset="51844447" timestamp="2017-09-08T12:54:33Z" user="DEbi_CAS" uid="6608697" lat="-7.2118708" lon="-35.9084549"/>
 <node id="5088633013" visible="true" version="1" changeset="51844447" timestamp="2017-09-08T12:54:33Z" user="DEbi_CAS" uid="6608697" lat="-7.2118705" lon="-35.9084829"/>
 <node id="5088633014" visible="true" version="1" changeset="51844447" timestamp="2017-09-08T12:54:33Z" user="DEbi_CAS" uid="6608697" lat="-7.2117405" lon="-35.9084816"/>
 <node id="5088633015" visible="true" version="1" changeset="51844447" timestamp="2017-09-08T12:54:33Z" user="DEbi_CAS" uid="6608697" lat="-7.2117417" lon="-35.9083641"/>
 <node id="5088633016" visible="true" version="1" changeset="51844447" timestamp="2017-09-08T12:54:33Z" user="DEbi_CAS" uid="6608697" lat="-7.2117661" lon="-35.9083644"/>
 <node id="5088633017" visible="true" version="1" changeset="51844447" timestamp="2017-09-08T12:54:33Z" user="DEbi_CAS" uid="6608697" lat="-7.2117691" lon="-35.9080596"/>
 <node id="5088641627" visible="true" version="1" changeset="51844171" timestamp="2017-09-08T12:47:09Z" user="DEbi_CAS" uid="6608697" lat="-7.2120642" lon="-35.9080478"/>
 <node id="5088641628" visible="true" version="1" changeset="51844171" timestamp="2017-09-08T12:47:09Z" user="DEbi_CAS" uid="6608697" lat="-7.2121554" lon="-35.9080468"/>
 <node id="5088641629" visible="true" version="1" changeset="51844171" timestamp="2017-09-08T12:47:09Z" user="DEbi_CAS" uid="6608697" lat="-7.2121550" lon="-35.9080093"/>
 <node id="5088641630" visible="true" version="1" changeset="51844171" timestamp="2017-09-08T12:47:09Z" user="DEbi_CAS" uid="6608697" lat="-7.2121726" lon="-35.9080091"/>
 <node id="5088641631" visible="true" version="1" changeset="51844171" timestamp="2017-09-08T12:47:09Z" user="DEbi_CAS" uid="6608697" lat="-7.2121723" lon="-35.9079821"/>
 <node id="5088641632" visible="true" version="1" changeset="51844171" timestamp="2017-09-08T12:47:09Z" user="DEbi_CAS" uid="6608697" lat="-7.2121819" lon="-35.9079820"/>
 <node id="5088641633" visible="true" version="1" changeset="51844171" timestamp="2017-09-08T12:47:09Z" user="DEbi_CAS" uid="6608697" lat="-7.2121809" lon="-35.9078730"/>
 <node id="5088641634" visible="true" version="1" changeset="51844171" timestamp="2017-09-08T12:47:09Z" user="DEbi_CAS" uid="6608697" lat="-7.2121616" lon="-35.9078732"/>
 <node id="5088641635" visible="true" version="1" changeset="51844171" timestamp="2017-09-08T12:47:09Z" user="DEbi_CAS" uid="6608697" lat="-7.2121609" lon="-35.9078047"/>
 <node id="5088641636" visible="true" version="1" changeset="51844171" timestamp="2017-09-08T12:47:10Z" user="DEbi_CAS" uid="6608697" lat="-7.2120513" lon="-35.9078058"/>
 <node id="5088641637" visible="true" version="1" changeset="51844171" timestamp="2017-09-08T12:47:10Z" user="DEbi_CAS" uid="6608697" lat="-7.2120521" lon="-35.9078836"/>
 <node id="5088641638" visible="true" version="1" changeset="51844171" timestamp="2017-09-08T12:47:10Z" user="DEbi_CAS" uid="6608697" lat="-7.2120430" lon="-35.9078837"/>
 <node id="5088641639" visible="true" version="1" changeset="51844171" timestamp="2017-09-08T12:47:10Z" user="DEbi_CAS" uid="6608697" lat="-7.2120438" lon="-35.9079678"/>
 <node id="5088641640" visible="true" version="1" changeset="51844171" timestamp="2017-09-08T12:47:10Z" user="DEbi_CAS" uid="6608697" lat="-7.2120634" lon="-35.9079676"/>
 <node id="5088655247" visible="true" version="2" changeset="87001003" timestamp="2020-06-22T22:37:41Z" user="Pedro Serey" uid="11372350" lat="-7.2120299" lon="-35.9085508"/>
 <node id="5088655248" visible="true" version="2" changeset="87001003" timestamp="2020-06-22T22:37:41Z" user="Pedro Serey" uid="11372350" lat="-7.2118932" lon="-35.9085535"/>
 <node id="5088655249" visible="true" version="2" changeset="87001003" timestamp="2020-06-22T22:37:41Z" user="Pedro Serey" uid="11372350" lat="-7.2118961" lon="-35.9087018"/>
 <node id="5088655250" visible="true" version="2" changeset="87001003" timestamp="2020-06-22T22:37:41Z" user="Pedro Serey" uid="11372350" lat="-7.2120342" lon="-35.9086990"/>
 <node id="5088655251" visible="true" version="2" changeset="87001003" timestamp="2020-06-22T22:37:41Z" user="Pedro Serey" uid="11372350" lat="-7.2120332" lon="-35.9086473"/>
 <node id="5088655252" visible="true" version="2" changeset="87001003" timestamp="2020-06-22T22:37:41Z" user="Pedro Serey" uid="11372350" lat="-7.2120680" lon="-35.9086466"/>
 <node id="5088655253" visible="true" version="2" changeset="87001003" timestamp="2020-06-22T22:37:41Z" user="Pedro Serey" uid="11372350" lat="-7.2120691" lon="-35.9086991"/>
 <node id="5088655254" visible="true" version="2" changeset="87001003" timestamp="2020-06-22T22:37:41Z" user="Pedro Serey" uid="11372350" lat="-7.2122012" lon="-35.9086965"/>
 <node id="5088655255" visible="true" version="2" changeset="87001003" timestamp="2020-06-22T22:37:41Z" user="Pedro Serey" uid="11372350" lat="-7.2121919" lon="-35.9082228"/>
 <node id="5088655256" visible="true" version="2" changeset="87001003" timestamp="2020-06-22T22:37:41Z" user="Pedro Serey" uid="11372350" lat="-7.2120625" lon="-35.9082253"/>
 <node id="5088655257" visible="true" version="2" changeset="87001003" timestamp="2020-06-22T22:37:41Z" user="Pedro Serey" uid="11372350" lat="-7.2120704" lon="-35.9086262"/>
 <node id="5088655258" visible="true" version="2" changeset="87001003" timestamp="2020-06-22T22:37:41Z" user="Pedro Serey" uid="11372350" lat="-7.2120314" lon="-35.9086270"/>
 <node id="5088666871" visible="true" version="3" changeset="87001003" timestamp="2020-06-22T22:37:41Z" user="Pedro Serey" uid="11372350" lat="-7.2136164" lon="-35.9068622"/>
 <node id="5088666872" visible="true" version="3" changeset="87001003" timestamp="2020-06-22T22:37:41Z" user="Pedro Serey" uid="11372350" lat="-7.2136178" lon="-35.9063121"/>
 <node id="5088666873" visible="true" version="3" changeset="87001003" timestamp="2020-06-22T22:37:41Z" user="Pedro Serey" uid="11372350" lat="-7.2134791" lon="-35.9063117"/>
 <node id="5088666874" visible="true" version="3" changeset="87001003" timestamp="2020-06-22T22:37:41Z" user="Pedro Serey" uid="11372350" lat="-7.2134778" lon="-35.9068619"/>
 <node id="5088669248" visible="true" version="2" changeset="87001003" timestamp="2020-06-22T22:37:41Z" user="Pedro Serey" uid="11372350" lat="-7.2136026" lon="-35.9062815"/>
 <node id="5088669249" visible="true" version="2" changeset="87001003" timestamp="2020-06-22T22:37:41Z" user="Pedro Serey" uid="11372350" lat="-7.2134785" lon="-35.9062808"/>
 <node id="5088669250" visible="true" version="2" changeset="87001003" timestamp="2020-06-22T22:37:41Z" user="Pedro Serey" uid="11372350" lat="-7.2134786" lon="-35.9062676"/>
 <node id="5088669251" visible="true" version="2" changeset="87001003" timestamp="2020-06-22T22:37:41Z" user="Pedro Serey" uid="11372350" lat="-7.2134275" lon="-35.9062673"/>
 <node id="5088669252" visible="true" version="2" changeset="87001003" timestamp="2020-06-22T22:37:41Z" user="Pedro Serey" uid="11372350" lat="-7.2134278" lon="-35.9061979"/>
 <node id="5088669253" visible="true" version="2" changeset="87001003" timestamp="2020-06-22T22:37:41Z" user="Pedro Serey" uid="11372350" lat="-7.2134775" lon="-35.9061982"/>
 <node id="5088669254" visible="true" version="2" changeset="87001003" timestamp="2020-06-22T22:37:41Z" user="Pedro Serey" uid="11372350" lat="-7.2134786" lon="-35.9059808"/>
 <node id="5088669255" visible="true" version="2" changeset="87001003" timestamp="2020-06-22T22:37:41Z" user="Pedro Serey" uid="11372350" lat="-7.2136041" lon="-35.9059814"/>
 <node id="5088678600" visible="true" version="2" changeset="87001003" timestamp="2020-06-22T22:37:41Z" user="Pedro Serey" uid="11372350" lat="-7.2132384" lon="-35.9068665"/>
 <node id="5088678601" visible="true" version="2" changeset="87001003" timestamp="2020-06-22T22:37:41Z" user="Pedro Serey" uid="11372350" lat="-7.2132222" lon="-35.9063245"/>
 <node id="5088678602" visible="true" version="2" changeset="87001003" timestamp="2020-06-22T22:37:41Z" user="Pedro Serey" uid="11372350" lat="-7.2133486" lon="-35.9063206"/>
 <node id="5088678603" visible="true" version="2" changeset="87001003" timestamp="2020-06-22T22:37:41Z" user="Pedro Serey" uid="11372350" lat="-7.2133648" lon="-35.9068626"/>
 <node id="5088680777" visible="true" version="2" changeset="87001003" timestamp="2020-06-22T22:37:41Z" user="Pedro Serey" uid="11372350" lat="-7.2129637" lon="-35.9063655"/>
 <node id="5088680778" visible="true" version="2" changeset="87001003" timestamp="2020-06-22T22:37:41Z" user="Pedro Serey" uid="11372350" lat="-7.2129656" lon="-35.9068647"/>
 <node id="5088680779" visible="true" version="2" changeset="87001003" timestamp="2020-06-22T22:37:41Z" user="Pedro Serey" uid="11372350" lat="-7.2130763" lon="-35.9068643"/>
 <node id="5088680780" visible="true" version="2" changeset="87001003" timestamp="2020-06-22T22:37:41Z" user="Pedro Serey" uid="11372350" lat="-7.2130760" lon="-35.9067867"/>
 <node id="5088680781" visible="true" version="2" changeset="87001003" timestamp="2020-06-22T22:37:41Z" user="Pedro Serey" uid="11372350" lat="-7.2131092" lon="-35.9067866"/>
 <node id="5088680782" visible="true" version="2" changeset="87001003" timestamp="2020-06-22T22:37:41Z" user="Pedro Serey" uid="11372350" lat="-7.2131075" lon="-35.9063649"/>
 <node id="5088706879" visible="true" version="1" changeset="51845184" timestamp="2017-09-08T13:16:45Z" user="DEbi_CAS" uid="6608697" lat="-7.2127222" lon="-35.9063760"/>
 <node id="5088706880" visible="true" version="2" changeset="51845207" timestamp="2017-09-08T13:17:41Z" user="DEbi_CAS" uid="6608697" lat="-7.2127217" lon="-35.9061822"/>
 <node id="5088706881" visible="true" version="2" changeset="51845207" timestamp="2017-09-08T13:17:41Z" user="DEbi_CAS" uid="6608697" lat="-7.2128400" lon="-35.9061785"/>
 <node id="5088706882" visible="true" version="1" changeset="51845184" timestamp="2017-09-08T13:16:45Z" user="DEbi_CAS" uid="6608697" lat="-7.2128450" lon="-35.9063718"/>
 <node id="5088708074" visible="true" version="1" changeset="51845159" timestamp="2017-09-08T13:16:00Z" user="DEbi_CAS" uid="6608697" lat="-7.2126756" lon="-35.9068833"/>
 <node id="5088708075" visible="true" version="1" changeset="51845159" timestamp="2017-09-08T13:16:01Z" user="DEbi_CAS" uid="6608697" lat="-7.2126653" lon="-35.9064029"/>
 <node id="5088708076" visible="true" version="1" changeset="51845159" timestamp="2017-09-08T13:16:01Z" user="DEbi_CAS" uid="6608697" lat="-7.2128329" lon="-35.9063992"/>
 <node id="5088708077" visible="true" version="1" changeset="51845159" timestamp="2017-09-08T13:16:01Z" user="DEbi_CAS" uid="6608697" lat="-7.2128433" lon="-35.9068796"/>
 <node id="5088710082" visible="true" version="1" changeset="51845207" timestamp="2017-09-08T13:17:41Z" user="DEbi_CAS" uid="6608697" lat="-7.2127161" lon="-35.9059975"/>
 <node id="5088710083" visible="true" version="1" changeset="51845207" timestamp="2017-09-08T13:17:41Z" user="DEbi_CAS" uid="6608697" lat="-7.2128344" lon="-35.9059939"/>
 <node id="5088712189" visible="true" version="5" changeset="87001003" timestamp="2020-06-22T22:37:41Z" user="Pedro Serey" uid="11372350" lat="-7.2125607" lon="-35.9060588"/>
 <node id="5088712190" visible="true" version="5" changeset="87001003" timestamp="2020-06-22T22:37:41Z" user="Pedro Serey" uid="11372350" lat="-7.2125653" lon="-35.9061252"/>
 <node id="5088712191" visible="true" version="5" changeset="87001003" timestamp="2020-06-22T22:37:41Z" user="Pedro Serey" uid="11372350" lat="-7.2125685" lon="-35.9061516"/>
 <node id="5088712192" visible="true" version="5" changeset="87001003" timestamp="2020-06-22T22:37:41Z" user="Pedro Serey" uid="11372350" lat="-7.2125735" lon="-35.9063479"/>
 <node id="5088712193" visible="true" version="5" changeset="87001003" timestamp="2020-06-22T22:37:41Z" user="Pedro Serey" uid="11372350" lat="-7.2125621" lon="-35.9063577"/>
 <node id="5088712194" visible="true" version="5" changeset="87001003" timestamp="2020-06-22T22:37:41Z" user="Pedro Serey" uid="11372350" lat="-7.2125720" lon="-35.9065536"/>
 <node id="5088712195" visible="true" version="5" changeset="87001003" timestamp="2020-06-22T22:37:41Z" user="Pedro Serey" uid="11372350" lat="-7.2125541" lon="-35.9065543"/>
 <node id="5088712196" visible="true" version="5" changeset="87001003" timestamp="2020-06-22T22:37:41Z" user="Pedro Serey" uid="11372350" lat="-7.2125653" lon="-35.9068816"/>
 <node id="5088712197" visible="true" version="5" changeset="87001003" timestamp="2020-06-22T22:37:41Z" user="Pedro Serey" uid="11372350" lat="-7.2124394" lon="-35.9068859"/>
 <node id="5088712198" visible="true" version="5" changeset="87001003" timestamp="2020-06-22T22:37:41Z" user="Pedro Serey" uid="11372350" lat="-7.2124280" lon="-35.9065541"/>
 <node id="5088712199" visible="true" version="5" changeset="87001003" timestamp="2020-06-22T22:37:41Z" user="Pedro Serey" uid="11372350" lat="-7.2124461" lon="-35.9065535"/>
 <node id="5088712200" visible="true" version="5" changeset="87001003" timestamp="2020-06-22T22:37:41Z" user="Pedro Serey" uid="11372350" lat="-7.2124399" lon="-35.9063757"/>
 <node id="5088712201" visible="true" version="5" changeset="87001003" timestamp="2020-06-22T22:37:41Z" user="Pedro Serey" uid="11372350" lat="-7.2124340" lon="-35.9063615"/>
 <node id="5088712202" visible="true" version="5" changeset="87001003" timestamp="2020-06-22T22:37:41Z" user="Pedro Serey" uid="11372350" lat="-7.2124306" lon="-35.9061426"/>
 <node id="5088712203" visible="true" version="5" changeset="87001003" timestamp="2020-06-22T22:37:41Z" user="Pedro Serey" uid="11372350" lat="-7.2124321" lon="-35.9061254"/>
 <node id="5088712204" visible="true" version="5" changeset="87001003" timestamp="2020-06-22T22:37:41Z" user="Pedro Serey" uid="11372350" lat="-7.2124657" lon="-35.9060595"/>
 <node id="5088717467" visible="true" version="3" changeset="87001003" timestamp="2020-06-22T22:37:41Z" user="Pedro Serey" uid="11372350" lat="-7.2121486" lon="-35.9064063"/>
 <node id="5088717468" visible="true" version="2" changeset="87001003" timestamp="2020-06-22T22:37:41Z" user="Pedro Serey" uid="11372350" lat="-7.2122895" lon="-35.9064018"/>
 <node id="5088717469" visible="true" version="2" changeset="87001003" timestamp="2020-06-22T22:37:41Z" user="Pedro Serey" uid="11372350" lat="-7.2122699" lon="-35.9060556"/>
 <node id="5088717470" visible="true" version="2" changeset="87001003" timestamp="2020-06-22T22:37:41Z" user="Pedro Serey" uid="11372350" lat="-7.2121392" lon="-35.9060603"/>
 <node id="5088719011" visible="true" version="2" changeset="87001003" timestamp="2020-06-22T22:37:41Z" user="Pedro Serey" uid="11372350" lat="-7.2121329" lon="-35.9068793"/>
 <node id="5088719012" visible="true" version="2" changeset="87001003" timestamp="2020-06-22T22:37:41Z" user="Pedro Serey" uid="11372350" lat="-7.2121215" lon="-35.9064075"/>
 <node id="5088719013" visible="true" version="2" changeset="87001003" timestamp="2020-06-22T22:37:41Z" user="Pedro Serey" uid="11372350" lat="-7.2122642" lon="-35.9064040"/>
 <node id="5088719014" visible="true" version="2" changeset="87001003" timestamp="2020-06-22T22:37:41Z" user="Pedro Serey" uid="11372350" lat="-7.2122757" lon="-35.9068758"/>
 <node id="5088729853" visible="true" version="3" changeset="87001003" timestamp="2020-06-22T22:37:41Z" user="Pedro Serey" uid="11372350" lat="-7.2119709" lon="-35.9062663"/>
 <node id="5088729854" visible="true" version="3" changeset="87001003" timestamp="2020-06-22T22:37:41Z" user="Pedro Serey" uid="11372350" lat="-7.2118282" lon="-35.9062675"/>
 <node id="5088729855" visible="true" version="3" changeset="87001003" timestamp="2020-06-22T22:37:41Z" user="Pedro Serey" uid="11372350" lat="-7.2118332" lon="-35.9068702"/>
 <node id="5088729856" visible="true" version="3" changeset="87001003" timestamp="2020-06-22T22:37:41Z" user="Pedro Serey" uid="11372350" lat="-7.2119565" lon="-35.9068691"/>
 <node id="5088729859" visible="true" version="3" changeset="87001003" timestamp="2020-06-22T22:37:41Z" user="Pedro Serey" uid="11372350" lat="-7.2119529" lon="-35.9064373"/>
 <node id="5088729860" visible="true" version="3" changeset="87001003" timestamp="2020-06-22T22:37:41Z" user="Pedro Serey" uid="11372350" lat="-7.2119723" lon="-35.9064372"/>
 <node id="5088736929" visible="true" version="2" changeset="87001003" timestamp="2020-06-22T22:37:41Z" user="Pedro Serey" uid="11372350" lat="-7.2116377" lon="-35.9070307"/>
 <node id="5088736930" visible="true" version="2" changeset="87001003" timestamp="2020-06-22T22:37:41Z" user="Pedro Serey" uid="11372350" lat="-7.2114817" lon="-35.9070264"/>
 <node id="5088736931" visible="true" version="2" changeset="87001003" timestamp="2020-06-22T22:37:41Z" user="Pedro Serey" uid="11372350" lat="-7.2114730" lon="-35.9073474"/>
 <node id="5088736932" visible="true" version="2" changeset="87001003" timestamp="2020-06-22T22:37:41Z" user="Pedro Serey" uid="11372350" lat="-7.2116290" lon="-35.9073517"/>
 <node id="5088738198" visible="true" version="1" changeset="51845692" timestamp="2017-09-08T13:33:15Z" user="DEbi_CAS" uid="6608697" lat="-7.2114455" lon="-35.9068626"/>
 <node id="5088738199" visible="true" version="1" changeset="51845692" timestamp="2017-09-08T13:33:15Z" user="DEbi_CAS" uid="6608697" lat="-7.2114446" lon="-35.9066355"/>
 <node id="5088738200" visible="true" version="1" changeset="51845692" timestamp="2017-09-08T13:33:15Z" user="DEbi_CAS" uid="6608697" lat="-7.2115747" lon="-35.9066349"/>
 <node id="5088738201" visible="true" version="1" changeset="51845692" timestamp="2017-09-08T13:33:15Z" user="DEbi_CAS" uid="6608697" lat="-7.2115756" lon="-35.9068620"/>
 <node id="5088755730" visible="true" version="2" changeset="87001003" timestamp="2020-06-22T22:37:41Z" user="Pedro Serey" uid="11372350" lat="-7.2134186" lon="-35.9092954"/>
 <node id="5088755731" visible="true" version="2" changeset="87001003" timestamp="2020-06-22T22:37:41Z" user="Pedro Serey" uid="11372350" lat="-7.2130398" lon="-35.9092077"/>
 <node id="5088755732" visible="true" version="3" changeset="87001003" timestamp="2020-06-22T22:37:41Z" user="Pedro Serey" uid="11372350" lat="-7.2130915" lon="-35.9089737"/>
 <node id="5088755733" visible="true" version="2" changeset="87001003" timestamp="2020-06-22T22:37:41Z" user="Pedro Serey" uid="11372350" lat="-7.2134722" lon="-35.9090602"/>
 <node id="5088756463" visible="true" version="2" changeset="87001003" timestamp="2020-06-22T22:37:41Z" user="Pedro Serey" uid="11372350" lat="-7.2128721" lon="-35.9089214"/>
 <node id="5088756464" visible="true" version="2" changeset="87001003" timestamp="2020-06-22T22:37:41Z" user="Pedro Serey" uid="11372350" lat="-7.2128068" lon="-35.9091993"/>
 <node id="5088756465" visible="true" version="2" changeset="87001003" timestamp="2020-06-22T22:37:41Z" user="Pedro Serey" uid="11372350" lat="-7.2129174" lon="-35.9092256"/>
 <node id="5088756466" visible="true" version="2" changeset="87001003" timestamp="2020-06-22T22:37:41Z" user="Pedro Serey" uid="11372350" lat="-7.2129684" lon="-35.9090086"/>
 <node id="5088756467" visible="true" version="2" changeset="87001003" timestamp="2020-06-22T22:37:41Z" user="Pedro Serey" uid="11372350" lat="-7.2130772" lon="-35.9090346"/>
 <node id="5088762995" visible="true" version="3" changeset="155156666" timestamp="2024-08-12T16:01:46Z" user="Karoline Souto" uid="21842478" lat="-7.2142496" lon="-35.9059505"/>
 <node id="5088762996" visible="true" version="3" changeset="155156666" timestamp="2024-08-12T16:01:46Z" user="Karoline Souto" uid="21842478" lat="-7.2142564" lon="-35.9063369"/>
 <node id="5088762997" visible="true" version="3" changeset="155156666" timestamp="2024-08-12T16:01:46Z" user="Karoline Souto" uid="21842478" lat="-7.2144625" lon="-35.9063332"/>
 <node id="5088763002" visible="true" version="3" changeset="155156666" timestamp="2024-08-12T16:01:46Z" user="Karoline Souto" uid="21842478" lat="-7.2144557" lon="-35.9059468"/>
 <node id="5088763007" visible="true" version="1" changeset="51846110" timestamp="2017-09-08T13:47:37Z" user="DEbi_CAS" uid="6608697" lat="-7.2142149" lon="-35.9059492"/>
 <node id="5088763008" visible="true" version="1" changeset="51846110" timestamp="2017-09-08T13:47:37Z" user="DEbi_CAS" uid="6608697" lat="-7.2142487" lon="-35.9059493"/>
 <node id="5088763009" visible="true" version="1" changeset="51846110" timestamp="2017-09-08T13:47:37Z" user="DEbi_CAS" uid="6608697" lat="-7.2142487" lon="-35.9059135"/>
 <node id="5088763010" visible="true" version="1" changeset="51846110" timestamp="2017-09-08T13:47:37Z" user="DEbi_CAS" uid="6608697" lat="-7.2142770" lon="-35.9059135"/>
 <node id="5088763011" visible="true" version="1" changeset="51846110" timestamp="2017-09-08T13:47:37Z" user="DEbi_CAS" uid="6608697" lat="-7.2142771" lon="-35.9058726"/>
 <node id="5088763012" visible="true" version="1" changeset="51846110" timestamp="2017-09-08T13:47:37Z" user="DEbi_CAS" uid="6608697" lat="-7.2142150" lon="-35.9058726"/>
 <node id="5088772680" visible="true" version="2" changeset="87001003" timestamp="2020-06-22T22:37:41Z" user="Pedro Serey" uid="11372350" lat="-7.2142648" lon="-35.9068503"/>
 <node id="5088772681" visible="true" version="2" changeset="87001003" timestamp="2020-06-22T22:37:41Z" user="Pedro Serey" uid="11372350" lat="-7.2142610" lon="-35.9066933"/>
 <node id="5088772682" visible="true" version="2" changeset="87001003" timestamp="2020-06-22T22:37:41Z" user="Pedro Serey" uid="11372350" lat="-7.2142937" lon="-35.9066925"/>
 <node id="5088772683" visible="true" version="2" changeset="87001003" timestamp="2020-06-22T22:37:41Z" user="Pedro Serey" uid="11372350" lat="-7.2142926" lon="-35.9066465"/>
 <node id="5088772684" visible="true" version="2" changeset="87001003" timestamp="2020-06-22T22:37:41Z" user="Pedro Serey" uid="11372350" lat="-7.2142711" lon="-35.9066471"/>
 <node id="5088772685" visible="true" version="2" changeset="87001003" timestamp="2020-06-22T22:37:41Z" user="Pedro Serey" uid="11372350" lat="-7.2142669" lon="-35.9064747"/>
 <node id="5088772686" visible="true" version="2" changeset="87001003" timestamp="2020-06-22T22:37:41Z" user="Pedro Serey" uid="11372350" lat="-7.2143469" lon="-35.9064727"/>
 <node id="5088772687" visible="true" version="2" changeset="87001003" timestamp="2020-06-22T22:37:41Z" user="Pedro Serey" uid="11372350" lat="-7.2143474" lon="-35.9064928"/>
 <node id="5088772688" visible="true" version="2" changeset="87001003" timestamp="2020-06-22T22:37:41Z" user="Pedro Serey" uid="11372350" lat="-7.2144068" lon="-35.9064914"/>
 <node id="5088772689" visible="true" version="2" changeset="87001003" timestamp="2020-06-22T22:37:41Z" user="Pedro Serey" uid="11372350" lat="-7.2144071" lon="-35.9065047"/>
 <node id="5088772690" visible="true" version="2" changeset="87001003" timestamp="2020-06-22T22:37:41Z" user="Pedro Serey" uid="11372350" lat="-7.2144884" lon="-35.9065026"/>
 <node id="5088772691" visible="true" version="2" changeset="87001003" timestamp="2020-06-22T22:37:41Z" user="Pedro Serey" uid="11372350" lat="-7.2144969" lon="-35.9068498"/>
 <node id="5088772692" visible="true" version="2" changeset="87001003" timestamp="2020-06-22T22:37:41Z" user="Pedro Serey" uid="11372350" lat="-7.2144209" lon="-35.9068517"/>
 <node id="5088772693" visible="true" version="2" changeset="87001003" timestamp="2020-06-22T22:37:41Z" user="Pedro Serey" uid="11372350" lat="-7.2144195" lon="-35.9067915"/>
 <node id="5088772694" visible="true" version="2" changeset="87001003" timestamp="2020-06-22T22:37:41Z" user="Pedro Serey" uid="11372350" lat="-7.2143666" lon="-35.9067928"/>
 <node id="5088772695" visible="true" version="2" changeset="87001003" timestamp="2020-06-22T22:37:41Z" user="Pedro Serey" uid="11372350" lat="-7.2143680" lon="-35.9068478"/>
 <node id="5088774353" visible="true" version="2" changeset="87001003" timestamp="2020-06-22T22:37:41Z" user="Pedro Serey" uid="11372350" lat="-7.2145774" lon="-35.9066170"/>
 <node id="5088774354" visible="true" version="2" changeset="87001003" timestamp="2020-06-22T22:37:41Z" user="Pedro Serey" uid="11372350" lat="-7.2145769" lon="-35.9067050"/>
 <node id="5088774355" visible="true" version="2" changeset="87001003" timestamp="2020-06-22T22:37:41Z" user="Pedro Serey" uid="11372350" lat="-7.2147612" lon="-35.9067060"/>
 <node id="5088774356" visible="true" version="2" changeset="87001003" timestamp="2020-06-22T22:37:41Z" user="Pedro Serey" uid="11372350" lat="-7.2147616" lon="-35.9066180"/>
 <node id="5088774400" visible="true" version="2" changeset="87001003" timestamp="2020-06-22T22:37:41Z" user="Pedro Serey" uid="11372350" lat="-7.2147586" lon="-35.9067418"/>
 <node id="5088774401" visible="true" version="2" changeset="87001003" timestamp="2020-06-22T22:37:41Z" user="Pedro Serey" uid="11372350" lat="-7.2145790" lon="-35.9067420"/>
 <node id="5088774402" visible="true" version="2" changeset="87001003" timestamp="2020-06-22T22:37:41Z" user="Pedro Serey" uid="11372350" lat="-7.2145791" lon="-35.9068345"/>
 <node id="5088774403" visible="true" version="2" changeset="87001003" timestamp="2020-06-22T22:37:41Z" user="Pedro Serey" uid="11372350" lat="-7.2147587" lon="-35.9068343"/>
 <node id="5088779663" visible="true" version="1" changeset="51846363" timestamp="2017-09-08T13:56:13Z" user="DEbi_CAS" uid="6608697" lat="-7.2144482" lon="-35.9074295"/>
 <node id="5088779664" visible="true" version="1" changeset="51846363" timestamp="2017-09-08T13:56:13Z" user="DEbi_CAS" uid="6608697" lat="-7.2144477" lon="-35.9072471"/>
 <node id="5088779665" visible="true" version="1" changeset="51846363" timestamp="2017-09-08T13:56:13Z" user="DEbi_CAS" uid="6608697" lat="-7.2145610" lon="-35.9072468"/>
 <node id="5088779666" visible="true" version="1" changeset="51846363" timestamp="2017-09-08T13:56:13Z" user="DEbi_CAS" uid="6608697" lat="-7.2145615" lon="-35.9074292"/>
 <node id="5088784765" visible="true" version="1" changeset="51846416" timestamp="2017-09-08T13:57:45Z" user="DEbi_CAS" uid="6608697" lat="-7.2142446" lon="-35.9075202"/>
 <node id="5088784766" visible="true" version="1" changeset="51846416" timestamp="2017-09-08T13:57:45Z" user="DEbi_CAS" uid="6608697" lat="-7.2142377" lon="-35.9072375"/>
 <node id="5088784767" visible="true" version="1" changeset="51846416" timestamp="2017-09-08T13:57:45Z" user="DEbi_CAS" uid="6608697" lat="-7.2142778" lon="-35.9072365"/>
 <node id="5088784768" visible="true" version="1" changeset="51846416" timestamp="2017-09-08T13:57:45Z" user="DEbi_CAS" uid="6608697" lat="-7.2142771" lon="-35.9072059"/>
 <node id="5088784769" visible="true" version="1" changeset="51846416" timestamp="2017-09-08T13:57:45Z" user="DEbi_CAS" uid="6608697" lat="-7.2142343" lon="-35.9072070"/>
 <node id="5088784770" visible="true" version="1" changeset="51846416" timestamp="2017-09-08T13:57:45Z" user="DEbi_CAS" uid="6608697" lat="-7.2142300" lon="-35.9070270"/>
 <node id="5088784771" visible="true" version="1" changeset="51846416" timestamp="2017-09-08T13:57:45Z" user="DEbi_CAS" uid="6608697" lat="-7.2143334" lon="-35.9070244"/>
 <node id="5088784772" visible="true" version="1" changeset="51846416" timestamp="2017-09-08T13:57:45Z" user="DEbi_CAS" uid="6608697" lat="-7.2143454" lon="-35.9075177"/>
 <node id="5088797482" visible="true" version="3" changeset="139498388" timestamp="2023-08-05T23:16:46Z" user="AjBelnuovo" uid="1799626" lat="-7.2160395" lon="-35.9082804"/>
 <node id="5088797483" visible="true" version="3" changeset="139498388" timestamp="2023-08-05T23:16:46Z" user="AjBelnuovo" uid="1799626" lat="-7.2160432" lon="-35.9081173"/>
 <node id="5088797484" visible="true" version="4" changeset="139498388" timestamp="2023-08-05T23:16:46Z" user="AjBelnuovo" uid="1799626" lat="-7.2163076" lon="-35.9080939"/>
 <node id="5088797487" visible="true" version="3" changeset="139498388" timestamp="2023-08-05T23:16:46Z" user="AjBelnuovo" uid="1799626" lat="-7.2163030" lon="-35.9083126"/>
 <node id="5088800400" visible="true" version="2" changeset="56020696" timestamp="2018-02-03T04:15:45Z" user="Matias_Daniel" uid="7142955" lat="-7.2151508" lon="-35.9085753"/>
 <node id="5088800401" visible="true" version="2" changeset="56020696" timestamp="2018-02-03T04:15:45Z" user="Matias_Daniel" uid="7142955" lat="-7.2151395" lon="-35.9081876"/>
 <node id="5088800402" visible="true" version="2" changeset="56020696" timestamp="2018-02-03T04:15:45Z" user="Matias_Daniel" uid="7142955" lat="-7.2152484" lon="-35.9081843"/>
 <node id="5088800403" visible="true" version="2" changeset="56020696" timestamp="2018-02-03T04:15:45Z" user="Matias_Daniel" uid="7142955" lat="-7.2152512" lon="-35.9082830"/>
 <node id="5088800404" visible="true" version="2" changeset="56020696" timestamp="2018-02-03T04:15:45Z" user="Matias_Daniel" uid="7142955" lat="-7.2152288" lon="-35.9082837"/>
 <node id="5088800405" visible="true" version="2" changeset="56020696" timestamp="2018-02-03T04:15:45Z" user="Matias_Daniel" uid="7142955" lat="-7.2152295" lon="-35.9083070"/>
 <node id="5088800406" visible="true" version="2" changeset="56020696" timestamp="2018-02-03T04:15:45Z" user="Matias_Daniel" uid="7142955" lat="-7.2152569" lon="-35.9083062"/>
 <node id="5088800407" visible="true" version="2" changeset="56020696" timestamp="2018-02-03T04:15:45Z" user="Matias_Daniel" uid="7142955" lat="-7.2152629" lon="-35.9085164"/>
 <node id="5088800408" visible="true" version="2" changeset="56020696" timestamp="2018-02-03T04:15:45Z" user="Matias_Daniel" uid="7142955" lat="-7.2152506" lon="-35.9085168"/>
 <node id="5088800409" visible="true" version="2" changeset="56020696" timestamp="2018-02-03T04:15:45Z" user="Matias_Daniel" uid="7142955" lat="-7.2152343" lon="-35.9085226"/>
 <node id="5088800410" visible="true" version="2" changeset="56020696" timestamp="2018-02-03T04:15:45Z" user="Matias_Daniel" uid="7142955" lat="-7.2152239" lon="-35.9085366"/>
 <node id="5088800411" visible="true" version="2" changeset="56020696" timestamp="2018-02-03T04:15:45Z" user="Matias_Daniel" uid="7142955" lat="-7.2152181" lon="-35.9085565"/>
 <node id="5088800412" visible="true" version="2" changeset="56020696" timestamp="2018-02-03T04:15:45Z" user="Matias_Daniel" uid="7142955" lat="-7.2152186" lon="-35.9085733"/>
 <node id="5088830756" visible="true" version="2" changeset="56020696" timestamp="2018-02-03T04:15:45Z" user="Matias_Daniel" uid="7142955" lat="-7.2153764" lon="-35.9086369"/>
 <node id="5088830757" visible="true" version="2" changeset="56020696" timestamp="2018-02-03T04:15:45Z" user="Matias_Daniel" uid="7142955" lat="-7.2153661" lon="-35.9083669"/>
 <node id="5088830758" visible="true" version="2" changeset="56020696" timestamp="2018-02-03T04:15:45Z" user="Matias_Daniel" uid="7142955" lat="-7.2154550" lon="-35.9083635"/>
 <node id="5088830759" visible="true" version="2" changeset="56020696" timestamp="2018-02-03T04:15:45Z" user="Matias_Daniel" uid="7142955" lat="-7.2154654" lon="-35.9086334"/>
 <node id="5088831850" visible="true" version="2" changeset="87001003" timestamp="2020-06-22T22:37:41Z" user="Pedro Serey" uid="11372350" lat="-7.2157277" lon="-35.9081661"/>
 <node id="5088831851" visible="true" version="2" changeset="87001003" timestamp="2020-06-22T22:37:41Z" user="Pedro Serey" uid="11372350" lat="-7.2157274" lon="-35.9080867"/>
 <node id="5088831852" visible="true" version="2" changeset="87001003" timestamp="2020-06-22T22:37:41Z" user="Pedro Serey" uid="11372350" lat="-7.2158519" lon="-35.9080862"/>
 <node id="5088831853" visible="true" version="2" changeset="87001003" timestamp="2020-06-22T22:37:41Z" user="Pedro Serey" uid="11372350" lat="-7.2158522" lon="-35.9081655"/>
 <node id="5088836070" visible="true" version="2" changeset="87001003" timestamp="2020-06-22T22:37:41Z" user="Pedro Serey" uid="11372350" lat="-7.2158707" lon="-35.9082892"/>
 <node id="5088836071" visible="true" version="2" changeset="87001003" timestamp="2020-06-22T22:37:41Z" user="Pedro Serey" uid="11372350" lat="-7.2158732" lon="-35.9083613"/>
 <node id="5088836072" visible="true" version="2" changeset="87001003" timestamp="2020-06-22T22:37:41Z" user="Pedro Serey" uid="11372350" lat="-7.2159886" lon="-35.9083573"/>
 <node id="5088836073" visible="true" version="2" changeset="87001003" timestamp="2020-06-22T22:37:41Z" user="Pedro Serey" uid="11372350" lat="-7.2159861" lon="-35.9082852"/>
 <node id="5088845385" visible="true" version="2" changeset="70121587" timestamp="2019-05-10T19:07:24Z" user="Matias_Daniel" uid="7142955" lat="-7.2162735" lon="-35.9084714"/>
 <node id="5088845386" visible="true" version="2" changeset="70121587" timestamp="2019-05-10T19:07:24Z" user="Matias_Daniel" uid="7142955" lat="-7.2162721" lon="-35.9086335"/>
 <node id="5097091464" visible="true" version="5" changeset="89569671" timestamp="2020-08-18T10:52:33Z" user="DnieperBasin" uid="10652829" lat="-7.2170736" lon="-35.9097281"/>
 <node id="5097091465" visible="true" version="4" changeset="89569671" timestamp="2020-08-18T10:52:33Z" user="DnieperBasin" uid="10652829" lat="-7.2170850" lon="-35.9091474"/>
 <node id="5097091466" visible="true" version="4" changeset="89569671" timestamp="2020-08-18T10:52:33Z" user="DnieperBasin" uid="10652829" lat="-7.2170490" lon="-35.9088792"/>
 <node id="5097091467" visible="true" version="3" changeset="170398331" timestamp="2025-08-13T16:22:30Z" user="Aralqum" uid="10935577" lat="-7.2169645" lon="-35.9087508"/>
 <node id="5097091468" visible="true" version="3" changeset="88726216" timestamp="2020-07-30T10:20:10Z" user="DnieperBasin" uid="10652829" lat="-7.2170065" lon="-35.9087920"/>
 <node id="5097091469" visible="true" version="5" changeset="87001003" timestamp="2020-06-22T22:37:41Z" user="Pedro Serey" uid="11372350" lat="-7.2155919" lon="-35.9097064"/>
 <node id="5097098294" visible="true" version="3" changeset="70121587" timestamp="2019-05-10T19:07:26Z" user="Matias_Daniel" uid="7142955" lat="-7.2116618" lon="-35.9069172"/>
 <node id="5097140853" visible="true" version="2" changeset="80665677" timestamp="2020-02-07T01:35:58Z" user="PlazaBaquedano" uid="9225258" lat="-7.2140943" lon="-35.9069267"/>
 <node id="5097140854" visible="true" version="2" changeset="80665677" timestamp="2020-02-07T01:35:58Z" user="PlazaBaquedano" uid="9225258" lat="-7.2140295" lon="-35.9058543"/>
 <node id="5097140855" visible="true" version="2" changeset="80665677" timestamp="2020-02-07T01:35:58Z" user="PlazaBaquedano" uid="9225258" lat="-7.2137616" lon="-35.9069447"/>
 <node id="5097140856" visible="true" version="2" changeset="80665677" timestamp="2020-02-07T01:35:58Z" user="PlazaBaquedano" uid="9225258" lat="-7.2137536" lon="-35.9058535"/>
 <node id="5097140857" visible="true" version="2" changeset="80574648" timestamp="2020-02-05T08:10:29Z" user="PlazaBaquedano" uid="9225258" lat="-7.2119839" lon="-35.9058986"/>
 <node id="5097140858" visible="true" version="2" changeset="80574648" timestamp="2020-02-05T08:10:29Z" user="PlazaBaquedano" uid="9225258" lat="-7.2118954" lon="-35.9059200"/>
 <node id="5097140859" visible="true" version="2" changeset="80574648" timestamp="2020-02-05T08:10:29Z" user="PlazaBaquedano" uid="9225258" lat="-7.2118349" lon="-35.9059462"/>
 <node id="5097140860" visible="true" version="2" changeset="80574648" timestamp="2020-02-05T08:10:29Z" user="PlazaBaquedano" uid="9225258" lat="-7.2117863" lon="-35.9059717"/>
 <node id="5097140861" visible="true" version="3" changeset="80574648" timestamp="2020-02-05T08:10:29Z" user="PlazaBaquedano" uid="9225258" lat="-7.2117324" lon="-35.9060052"/>
 <node id="5097140862" visible="true" version="3" changeset="80574648" timestamp="2020-02-05T08:10:29Z" user="PlazaBaquedano" uid="9225258" lat="-7.2117244" lon="-35.9061366"/>
 <node id="5097140863" visible="true" version="3" changeset="80574648" timestamp="2020-02-05T08:10:29Z" user="PlazaBaquedano" uid="9225258" lat="-7.2117228" lon="-35.9062278"/>
 <node id="5097140864" visible="true" version="3" changeset="80574648" timestamp="2020-02-05T08:10:29Z" user="PlazaBaquedano" uid="9225258" lat="-7.2117085" lon="-35.9063780"/>
 <node id="5097140866" visible="true" version="2" changeset="80574648" timestamp="2020-02-05T08:10:29Z" user="PlazaBaquedano" uid="9225258" lat="-7.2117291" lon="-35.9059690"/>
 <node id="5097140867" visible="true" version="2" changeset="80574648" timestamp="2020-02-05T08:10:29Z" user="PlazaBaquedano" uid="9225258" lat="-7.2117158" lon="-35.9059241"/>
 <node id="5097140868" visible="true" version="3" changeset="116182091" timestamp="2022-01-15T13:22:16Z" user="andrewamaro" uid="9089009" lat="-7.2116679" lon="-35.9058494"/>
 <node id="5097140869" visible="true" version="3" changeset="80574648" timestamp="2020-02-05T08:10:29Z" user="PlazaBaquedano" uid="9225258" lat="-7.2116845" lon="-35.9064176"/>
 <node id="5097140870" visible="true" version="3" changeset="80574648" timestamp="2020-02-05T08:10:29Z" user="PlazaBaquedano" uid="9225258" lat="-7.2116619" lon="-35.9065028"/>
 <node id="5097140871" visible="true" version="3" changeset="80574648" timestamp="2020-02-05T08:10:29Z" user="PlazaBaquedano" uid="9225258" lat="-7.2116519" lon="-35.9065611"/>
 <node id="5097140873" visible="true" version="3" changeset="80574648" timestamp="2020-02-05T08:10:29Z" user="PlazaBaquedano" uid="9225258" lat="-7.2117224" lon="-35.9064665"/>
 <node id="5097140874" visible="true" version="3" changeset="80574648" timestamp="2020-02-05T08:10:29Z" user="PlazaBaquedano" uid="9225258" lat="-7.2116932" lon="-35.9068072"/>
 <node id="5097140875" visible="true" version="4" changeset="80574648" timestamp="2020-02-05T08:10:29Z" user="PlazaBaquedano" uid="9225258" lat="-7.2116725" lon="-35.9068957"/>
 <node id="5097140876" visible="true" version="1" changeset="51929447" timestamp="2017-09-11T07:11:45Z" user="DEbi_CAS" uid="6608697" lat="-7.2133673" lon="-35.9058605"/>
 <node id="5097140877" visible="true" version="1" changeset="51929447" timestamp="2017-09-11T07:11:45Z" user="DEbi_CAS" uid="6608697" lat="-7.2133674" lon="-35.9060491"/>
 <node id="5097140878" visible="true" version="1" changeset="51929447" timestamp="2017-09-11T07:11:45Z" user="DEbi_CAS" uid="6608697" lat="-7.2133392" lon="-35.9061386"/>
 <node id="5097140879" visible="true" version="1" changeset="51929447" timestamp="2017-09-11T07:11:45Z" user="DEbi_CAS" uid="6608697" lat="-7.2132605" lon="-35.9062057"/>
 <node id="5097140880" visible="true" version="1" changeset="51929447" timestamp="2017-09-11T07:11:45Z" user="DEbi_CAS" uid="6608697" lat="-7.2132162" lon="-35.9062280"/>
 <node id="5097140881" visible="true" version="1" changeset="51929447" timestamp="2017-09-11T07:11:45Z" user="DEbi_CAS" uid="6608697" lat="-7.2133573" lon="-35.9061030"/>
 <node id="5097140882" visible="true" version="1" changeset="51929447" timestamp="2017-09-11T07:11:45Z" user="DEbi_CAS" uid="6608697" lat="-7.2134319" lon="-35.9058593"/>
 <node id="5097140883" visible="true" version="3" changeset="80665677" timestamp="2020-02-07T01:35:58Z" user="PlazaBaquedano" uid="9225258" lat="-7.2141339" lon="-35.9069379"/>
 <node id="5097140885" visible="true" version="3" changeset="67475137" timestamp="2019-02-22T18:02:45Z" user="JSilvaBR" uid="9454292" lat="-7.2135090" lon="-35.9076660"/>
 <node id="5097140886" visible="true" version="2" changeset="87001003" timestamp="2020-06-22T22:37:41Z" user="Pedro Serey" uid="11372350" lat="-7.2141164" lon="-35.9076348"/>
 <node id="5097140887" visible="true" version="3" changeset="87001003" timestamp="2020-06-22T22:37:41Z" user="Pedro Serey" uid="11372350" lat="-7.2140950" lon="-35.9076860"/>
 <node id="5097140888" visible="true" version="2" changeset="87001003" timestamp="2020-06-22T22:37:41Z" user="Pedro Serey" uid="11372350" lat="-7.2140884" lon="-35.9084893"/>
 <node id="5097140890" visible="true" version="2" changeset="55773353" timestamp="2018-01-26T14:17:53Z" user="Matias_Daniel" uid="7142955" lat="-7.2143339" lon="-35.9084876"/>
 <node id="5097140891" visible="true" version="3" changeset="87001003" timestamp="2020-06-22T22:37:41Z" user="Pedro Serey" uid="11372350" lat="-7.2143664" lon="-35.9087072"/>
 <node id="5097140893" visible="true" version="2" changeset="80665677" timestamp="2020-02-07T01:35:58Z" user="PlazaBaquedano" uid="9225258" lat="-7.2137895" lon="-35.9058542"/>
 <node id="5097140894" visible="true" version="3" changeset="80668626" timestamp="2020-02-07T03:27:21Z" user="PlazaBaquedano" uid="9225258" lat="-7.2137893" lon="-35.9057035"/>
 <node id="5097140895" visible="true" version="2" changeset="80665677" timestamp="2020-02-07T01:35:58Z" user="PlazaBaquedano" uid="9225258" lat="-7.2140010" lon="-35.9058550"/>
 <node id="5097140896" visible="true" version="2" changeset="80668626" timestamp="2020-02-07T03:27:21Z" user="PlazaBaquedano" uid="9225258" lat="-7.2140009" lon="-35.9056994"/>
 <node id="5097140897" visible="true" version="1" changeset="51929447" timestamp="2017-09-11T07:11:45Z" user="DEbi_CAS" uid="6608697" lat="-7.2138175" lon="-35.9058344"/>
 <node id="5097140898" visible="true" version="1" changeset="51929447" timestamp="2017-09-11T07:11:45Z" user="DEbi_CAS" uid="6608697" lat="-7.2138159" lon="-35.9057838"/>
 <node id="5097140899" visible="true" version="1" changeset="51929447" timestamp="2017-09-11T07:11:45Z" user="DEbi_CAS" uid="6608697" lat="-7.2138765" lon="-35.9057819"/>
 <node id="5097140900" visible="true" version="1" changeset="51929447" timestamp="2017-09-11T07:11:45Z" user="DEbi_CAS" uid="6608697" lat="-7.2138781" lon="-35.9058324"/>
 <node id="5097178771" visible="true" version="1" changeset="51929958" timestamp="2017-09-11T07:30:59Z" user="DEbi_CAS" uid="6608697" lat="-7.2135014" lon="-35.9084918"/>
 <node id="5097178772" visible="true" version="2" changeset="80665677" timestamp="2020-02-07T01:35:58Z" user="PlazaBaquedano" uid="9225258" lat="-7.2142078" lon="-35.9076226"/>
 <node id="5097178773" visible="true" version="2" changeset="54237137" timestamp="2017-12-01T14:12:19Z" user="Jefferson Neves" uid="5207316" lat="-7.2142839" lon="-35.9096063"/>
 <node id="5097178775" visible="true" version="1" changeset="51929958" timestamp="2017-09-11T07:30:59Z" user="DEbi_CAS" uid="6608697" lat="-7.2143849" lon="-35.9096703"/>
 <node id="5097178776" visible="true" version="2" changeset="54237137" timestamp="2017-12-01T14:12:19Z" user="Jefferson Neves" uid="5207316" lat="-7.2145164" lon="-35.9097066"/>
 <node id="5097178777" visible="true" version="1" changeset="51929958" timestamp="2017-09-11T07:30:59Z" user="DEbi_CAS" uid="6608697" lat="-7.2148956" lon="-35.9097129"/>
 <node id="5097178778" visible="true" version="4" changeset="170398331" timestamp="2025-08-13T16:22:30Z" user="Aralqum" uid="10935577" lat="-7.2169007" lon="-35.9087463"/>
 <node id="5097178779" visible="true" version="2" changeset="89569671" timestamp="2020-08-18T10:52:33Z" user="DnieperBasin" uid="10652829" lat="-7.2168774" lon="-35.9088068"/>
 <node id="5097178780" visible="true" version="4" changeset="89569671" timestamp="2020-08-18T10:52:33Z" user="DnieperBasin" uid="10652829" lat="-7.2168804" lon="-35.9097245"/>
 <node id="5097178781" visible="true" version="1" changeset="51929958" timestamp="2017-09-11T07:30:59Z" user="DEbi_CAS" uid="6608697" lat="-7.2160353" lon="-35.9095885"/>
 <node id="5097178782" visible="true" version="1" changeset="51929958" timestamp="2017-09-11T07:30:59Z" user="DEbi_CAS" uid="6608697" lat="-7.2160372" lon="-35.9087099"/>
 <node id="5097178783" visible="true" version="2" changeset="88726216" timestamp="2020-07-30T10:20:10Z" user="DnieperBasin" uid="10652829" lat="-7.2165106" lon="-35.9087073"/>
 <node id="5097178784" visible="true" version="2" changeset="88726216" timestamp="2020-07-30T10:20:10Z" user="DnieperBasin" uid="10652829" lat="-7.2164856" lon="-35.9095957"/>
 <node id="5097178785" visible="true" version="2" changeset="88726216" timestamp="2020-07-30T10:20:10Z" user="DnieperBasin" uid="10652829" lat="-7.2164643" lon="-35.9097187"/>
 <node id="5097178786" visible="true" version="1" changeset="51929958" timestamp="2017-09-11T07:30:59Z" user="DEbi_CAS" uid="6608697" lat="-7.2163601" lon="-35.9095892"/>
 <node id="5097178787" visible="true" version="1" changeset="51929958" timestamp="2017-09-11T07:30:59Z" user="DEbi_CAS" uid="6608697" lat="-7.2160853" lon="-35.9095886"/>
 <node id="5097178789" visible="true" version="4" changeset="87001003" timestamp="2020-06-22T22:37:41Z" user="Pedro Serey" uid="11372350" lat="-7.2155999" lon="-35.9087302"/>
 <node id="5097178790" visible="true" version="4" changeset="87001003" timestamp="2020-06-22T22:37:41Z" user="Pedro Serey" uid="11372350" lat="-7.2154421" lon="-35.9087289"/>
 <node id="5097178791" visible="true" version="6" changeset="88726216" timestamp="2020-07-30T10:20:10Z" user="DnieperBasin" uid="10652829" lat="-7.2162074" lon="-35.9116607"/>
 <node id="5097178792" visible="true" version="2" changeset="55873220" timestamp="2018-01-29T21:14:16Z" user="Matias_Daniel" uid="7142955" lat="-7.2146896" lon="-35.9086955"/>
 <node id="5097178793" visible="true" version="2" changeset="55773353" timestamp="2018-01-26T14:17:53Z" user="Matias_Daniel" uid="7142955" lat="-7.2135113" lon="-35.9087158"/>
 <node id="5097178794" visible="true" version="3" changeset="55773353" timestamp="2018-01-26T14:17:53Z" user="Matias_Daniel" uid="7142955" lat="-7.2143630" lon="-35.9087073"/>
 <node id="5097178795" visible="true" version="2" changeset="87001003" timestamp="2020-06-22T22:37:41Z" user="Pedro Serey" uid="11372350" lat="-7.2144147" lon="-35.9089465"/>
 <node id="5097178796" visible="true" version="1" changeset="51929958" timestamp="2017-09-11T07:30:59Z" user="DEbi_CAS" uid="6608697" lat="-7.2143662" lon="-35.9088816"/>
 <node id="5097178797" visible="true" version="1" changeset="51929958" timestamp="2017-09-11T07:30:59Z" user="DEbi_CAS" uid="6608697" lat="-7.2145813" lon="-35.9088415"/>
 <node id="5097178798" visible="true" version="1" changeset="51929958" timestamp="2017-09-11T07:30:59Z" user="DEbi_CAS" uid="6608697" lat="-7.2146917" lon="-35.9088013"/>
 <node id="5097178799" visible="true" version="1" changeset="51929958" timestamp="2017-09-11T07:30:59Z" user="DEbi_CAS" uid="6608697" lat="-7.2148236" lon="-35.9087518"/>
 <node id="5097178800" visible="true" version="1" changeset="51929958" timestamp="2017-09-11T07:30:59Z" user="DEbi_CAS" uid="6608697" lat="-7.2149094" lon="-35.9087116"/>
 <node id="5097178801" visible="true" version="2" changeset="55873220" timestamp="2018-01-29T21:14:16Z" user="Matias_Daniel" uid="7142955" lat="-7.2149473" lon="-35.9086824"/>
 <node id="5097178802" visible="true" version="2" changeset="55873220" timestamp="2018-01-29T21:14:16Z" user="Matias_Daniel" uid="7142955" lat="-7.2151273" lon="-35.9086802"/>
 <node id="5097178804" visible="true" version="2" changeset="80665677" timestamp="2020-02-07T01:35:58Z" user="PlazaBaquedano" uid="9225258" lat="-7.2127343" lon="-35.9088269"/>
 <node id="5097178805" visible="true" version="3" changeset="80665677" timestamp="2020-02-07T01:35:58Z" user="PlazaBaquedano" uid="9225258" lat="-7.2135060" lon="-35.9088175"/>
 <node id="5097194812" visible="true" version="2" changeset="89569671" timestamp="2020-08-18T10:52:33Z" user="DnieperBasin" uid="10652829" lat="-7.2169499" lon="-35.9090649"/>
 <node id="5097194813" visible="true" version="2" changeset="89569671" timestamp="2020-08-18T10:52:33Z" user="DnieperBasin" uid="10652829" lat="-7.2168827" lon="-35.9090495"/>
 <node id="5097194814" visible="true" version="2" changeset="89569671" timestamp="2020-08-18T10:52:33Z" user="DnieperBasin" uid="10652829" lat="-7.2169938" lon="-35.9090938"/>
 <node id="5097194815" visible="true" version="2" changeset="89569671" timestamp="2020-08-18T10:52:33Z" user="DnieperBasin" uid="10652829" lat="-7.2169140" lon="-35.9090532"/>
 <node id="5097194816" visible="true" version="2" changeset="87001003" timestamp="2020-06-22T22:37:41Z" user="Pedro Serey" uid="11372350" lat="-7.2156200" lon="-35.9086768"/>
 <node id="5097194817" visible="true" version="3" changeset="88726216" timestamp="2020-07-30T10:20:10Z" user="DnieperBasin" uid="10652829" lat="-7.2156156" lon="-35.9097118"/>
 <node id="5097194818" visible="true" version="3" changeset="87001003" timestamp="2020-06-22T22:37:41Z" user="Pedro Serey" uid="11372350" lat="-7.2162587" lon="-35.9123392"/>
 <node id="5097194819" visible="true" version="3" changeset="87001003" timestamp="2020-06-22T22:37:41Z" user="Pedro Serey" uid="11372350" lat="-7.2162754" lon="-35.9124619"/>
 <node id="5097194820" visible="true" version="3" changeset="87001003" timestamp="2020-06-22T22:37:41Z" user="Pedro Serey" uid="11372350" lat="-7.2162973" lon="-35.9125216"/>
 <node id="5097195121" visible="true" version="3" changeset="87001003" timestamp="2020-06-22T22:37:41Z" user="Pedro Serey" uid="11372350" lat="-7.2163612" lon="-35.9125860"/>
 <node id="5097195122" visible="true" version="3" changeset="87001003" timestamp="2020-06-22T22:37:41Z" user="Pedro Serey" uid="11372350" lat="-7.2164377" lon="-35.9126262"/>
 <node id="5097195123" visible="true" version="4" changeset="87001003" timestamp="2020-06-22T22:37:41Z" user="Pedro Serey" uid="11372350" lat="-7.2165288" lon="-35.9126497"/>
 <node id="5097257314" visible="true" version="6" changeset="87001003" timestamp="2020-06-22T22:37:41Z" user="Pedro Serey" uid="11372350" lat="-7.2164650" lon="-35.9112024"/>
 <node id="5097257316" visible="true" version="4" changeset="87001003" timestamp="2020-06-22T22:37:41Z" user="Pedro Serey" uid="11372350" lat="-7.2166805" lon="-35.9112370"/>
 <node id="5097257317" visible="true" version="4" changeset="87001003" timestamp="2020-06-22T22:37:41Z" user="Pedro Serey" uid="11372350" lat="-7.2166786" lon="-35.9112581"/>
 <node id="5097257318" visible="true" version="4" changeset="87001003" timestamp="2020-06-22T22:37:41Z" user="Pedro Serey" uid="11372350" lat="-7.2167579" lon="-35.9112655"/>
 <node id="5097257319" visible="true" version="4" changeset="87001003" timestamp="2020-06-22T22:37:41Z" user="Pedro Serey" uid="11372350" lat="-7.2167457" lon="-35.9113995"/>
 <node id="5097257320" visible="true" version="4" changeset="87001003" timestamp="2020-06-22T22:37:41Z" user="Pedro Serey" uid="11372350" lat="-7.2166475" lon="-35.9113904"/>
 <node id="5097260121" visible="true" version="4" changeset="87001003" timestamp="2020-06-22T22:37:41Z" user="Pedro Serey" uid="11372350" lat="-7.2166505" lon="-35.9113583"/>
 <node id="5097260122" visible="true" version="4" changeset="87001003" timestamp="2020-06-22T22:37:41Z" user="Pedro Serey" uid="11372350" lat="-7.2166009" lon="-35.9113498"/>
 <node id="5097260123" visible="true" version="4" changeset="87001003" timestamp="2020-06-22T22:37:41Z" user="Pedro Serey" uid="11372350" lat="-7.2165968" lon="-35.9113428"/>
 <node id="5097260124" visible="true" version="4" changeset="87001003" timestamp="2020-06-22T22:37:41Z" user="Pedro Serey" uid="11372350" lat="-7.2165946" lon="-35.9113334"/>
 <node id="5097260125" visible="true" version="4" changeset="87001003" timestamp="2020-06-22T22:37:41Z" user="Pedro Serey" uid="11372350" lat="-7.2165970" lon="-35.9113071"/>
 <node id="5097260126" visible="true" version="6" changeset="87001003" timestamp="2020-06-22T22:37:41Z" user="Pedro Serey" uid="11372350" lat="-7.2165496" lon="-35.9113089"/>
 <node id="5097260127" visible="true" version="4" changeset="87001003" timestamp="2020-06-22T22:37:41Z" user="Pedro Serey" uid="11372350" lat="-7.2166086" lon="-35.9113544"/>
 <node id="5097260128" visible="true" version="3" changeset="87001003" timestamp="2020-06-22T22:37:41Z" user="Pedro Serey" uid="11372350" lat="-7.2157681" lon="-35.9115989"/>
 <node id="5097260129" visible="true" version="3" changeset="87001003" timestamp="2020-06-22T22:37:41Z" user="Pedro Serey" uid="11372350" lat="-7.2159692" lon="-35.9107108"/>
 <node id="5097260130" visible="true" version="4" changeset="88726579" timestamp="2020-07-30T10:25:56Z" user="DnieperBasin" uid="10652829" lat="-7.2160505" lon="-35.9107247"/>
 <node id="5097260131" visible="true" version="3" changeset="87001003" timestamp="2020-06-22T22:37:41Z" user="Pedro Serey" uid="11372350" lat="-7.2158521" lon="-35.9116182"/>
 <node id="5097260132" visible="true" version="2" changeset="87001003" timestamp="2020-06-22T22:37:41Z" user="Pedro Serey" uid="11372350" lat="-7.2161686" lon="-35.9111683"/>
 <node id="5097260133" visible="true" version="2" changeset="87001003" timestamp="2020-06-22T22:37:41Z" user="Pedro Serey" uid="11372350" lat="-7.2162197" lon="-35.9107745"/>
 <node id="5097260134" visible="true" version="2" changeset="87001003" timestamp="2020-06-22T22:37:41Z" user="Pedro Serey" uid="11372350" lat="-7.2163128" lon="-35.9107868"/>
 <node id="5097260135" visible="true" version="2" changeset="87001003" timestamp="2020-06-22T22:37:41Z" user="Pedro Serey" uid="11372350" lat="-7.2162617" lon="-35.9111806"/>
 <node id="5097260136" visible="true" version="5" changeset="87001003" timestamp="2020-06-22T22:37:41Z" user="Pedro Serey" uid="11372350" lat="-7.2161042" lon="-35.9115663"/>
 <node id="5097260137" visible="true" version="5" changeset="87001003" timestamp="2020-06-22T22:37:41Z" user="Pedro Serey" uid="11372350" lat="-7.2161321" lon="-35.9112991"/>
 <node id="5097260138" visible="true" version="5" changeset="87001003" timestamp="2020-06-22T22:37:41Z" user="Pedro Serey" uid="11372350" lat="-7.2162534" lon="-35.9113120"/>
 <node id="5097260139" visible="true" version="5" changeset="87001003" timestamp="2020-06-22T22:37:41Z" user="Pedro Serey" uid="11372350" lat="-7.2162313" lon="-35.9115798"/>
 <node id="5097260140" visible="true" version="3" changeset="70121587" timestamp="2019-05-10T19:07:25Z" user="Matias_Daniel" uid="7142955" lat="-7.2166265" lon="-35.9105764"/>
 <node id="5097260141" visible="true" version="3" changeset="70121587" timestamp="2019-05-10T19:07:25Z" user="Matias_Daniel" uid="7142955" lat="-7.2166795" lon="-35.9102220"/>
 <node id="5097260143" visible="true" version="3" changeset="70121587" timestamp="2019-05-10T19:07:25Z" user="Matias_Daniel" uid="7142955" lat="-7.2167571" lon="-35.9105919"/>
 <node id="5097260145" visible="true" version="4" changeset="87001003" timestamp="2020-06-22T22:37:41Z" user="Pedro Serey" uid="11372350" lat="-7.2167221" lon="-35.9106569"/>
 <node id="5097260146" visible="true" version="4" changeset="87001003" timestamp="2020-06-22T22:37:41Z" user="Pedro Serey" uid="11372350" lat="-7.2168368" lon="-35.9106735"/>
 <node id="5097260147" visible="true" version="4" changeset="87001003" timestamp="2020-06-22T22:37:41Z" user="Pedro Serey" uid="11372350" lat="-7.2168757" lon="-35.9104013"/>
 <node id="5097260148" visible="true" version="3" changeset="70121587" timestamp="2019-05-10T19:07:25Z" user="Matias_Daniel" uid="7142955" lat="-7.2168048" lon="-35.9102388"/>
 <node id="5097260150" visible="true" version="3" changeset="70121587" timestamp="2019-05-10T19:07:25Z" user="Matias_Daniel" uid="7142955" lat="-7.2165974" lon="-35.9106335"/>
 <node id="5097260151" visible="true" version="3" changeset="70121587" timestamp="2019-05-10T19:07:25Z" user="Matias_Daniel" uid="7142955" lat="-7.2165272" lon="-35.9106233"/>
 <node id="5097260152" visible="true" version="3" changeset="70121587" timestamp="2019-05-10T19:07:25Z" user="Matias_Daniel" uid="7142955" lat="-7.2166362" lon="-35.9098601"/>
 <node id="5097260153" visible="true" version="3" changeset="70121587" timestamp="2019-05-10T19:07:25Z" user="Matias_Daniel" uid="7142955" lat="-7.2167064" lon="-35.9098703"/>
 <node id="5097260155" visible="true" version="3" changeset="70121587" timestamp="2019-05-10T19:07:25Z" user="Matias_Daniel" uid="7142955" lat="-7.2166972" lon="-35.9101375"/>
 <node id="5097260156" visible="true" version="3" changeset="70121587" timestamp="2019-05-10T19:07:25Z" user="Matias_Daniel" uid="7142955" lat="-7.2167212" lon="-35.9099931"/>
 <node id="5097260157" visible="true" version="3" changeset="70121587" timestamp="2019-05-10T19:07:25Z" user="Matias_Daniel" uid="7142955" lat="-7.2168027" lon="-35.9100069"/>
 <node id="5097260158" visible="true" version="3" changeset="70121587" timestamp="2019-05-10T19:07:25Z" user="Matias_Daniel" uid="7142955" lat="-7.2167787" lon="-35.9101513"/>
 <node id="5097331123" visible="true" version="2" changeset="87001003" timestamp="2020-06-22T22:37:41Z" user="Pedro Serey" uid="11372350" lat="-7.2149481" lon="-35.9101945"/>
 <node id="5097331124" visible="true" version="2" changeset="87001003" timestamp="2020-06-22T22:37:41Z" user="Pedro Serey" uid="11372350" lat="-7.2149469" lon="-35.9100932"/>
 <node id="5097331125" visible="true" version="2" changeset="87001003" timestamp="2020-06-22T22:37:41Z" user="Pedro Serey" uid="11372350" lat="-7.2149159" lon="-35.9100935"/>
 <node id="5097331126" visible="true" version="2" changeset="87001003" timestamp="2020-06-22T22:37:41Z" user="Pedro Serey" uid="11372350" lat="-7.2149153" lon="-35.9100360"/>
 <node id="5097331127" visible="true" version="2" changeset="87001003" timestamp="2020-06-22T22:37:41Z" user="Pedro Serey" uid="11372350" lat="-7.2149419" lon="-35.9100357"/>
 <node id="5097331128" visible="true" version="2" changeset="87001003" timestamp="2020-06-22T22:37:41Z" user="Pedro Serey" uid="11372350" lat="-7.2149398" lon="-35.9098506"/>
 <node id="5097331129" visible="true" version="2" changeset="87001003" timestamp="2020-06-22T22:37:41Z" user="Pedro Serey" uid="11372350" lat="-7.2150489" lon="-35.9098494"/>
 <node id="5097331130" visible="true" version="2" changeset="87001003" timestamp="2020-06-22T22:37:41Z" user="Pedro Serey" uid="11372350" lat="-7.2150527" lon="-35.9101934"/>
 <node id="5097331131" visible="true" version="2" changeset="87001003" timestamp="2020-06-22T22:37:41Z" user="Pedro Serey" uid="11372350" lat="-7.2150819" lon="-35.9102100"/>
 <node id="5097331132" visible="true" version="2" changeset="87001003" timestamp="2020-06-22T22:37:41Z" user="Pedro Serey" uid="11372350" lat="-7.2150799" lon="-35.9098401"/>
 <node id="5097331133" visible="true" version="2" changeset="87001003" timestamp="2020-06-22T22:37:41Z" user="Pedro Serey" uid="11372350" lat="-7.2152001" lon="-35.9098395"/>
 <node id="5097331134" visible="true" version="2" changeset="87001003" timestamp="2020-06-22T22:37:41Z" user="Pedro Serey" uid="11372350" lat="-7.2152021" lon="-35.9102093"/>
 <node id="5097331135" visible="true" version="2" changeset="87001003" timestamp="2020-06-22T22:37:41Z" user="Pedro Serey" uid="11372350" lat="-7.2152290" lon="-35.9102044"/>
 <node id="5097331136" visible="true" version="2" changeset="87001003" timestamp="2020-06-22T22:37:41Z" user="Pedro Serey" uid="11372350" lat="-7.2152285" lon="-35.9098365"/>
 <node id="5097331137" visible="true" version="2" changeset="87001003" timestamp="2020-06-22T22:37:41Z" user="Pedro Serey" uid="11372350" lat="-7.2153420" lon="-35.9098364"/>
 <node id="5097331138" visible="true" version="2" changeset="87001003" timestamp="2020-06-22T22:37:41Z" user="Pedro Serey" uid="11372350" lat="-7.2153425" lon="-35.9102043"/>
 <node id="5097331139" visible="true" version="2" changeset="87001003" timestamp="2020-06-22T22:37:41Z" user="Pedro Serey" uid="11372350" lat="-7.2154010" lon="-35.9101965"/>
 <node id="5097331140" visible="true" version="2" changeset="87001003" timestamp="2020-06-22T22:37:41Z" user="Pedro Serey" uid="11372350" lat="-7.2155771" lon="-35.9101972"/>
 <node id="5097331141" visible="true" version="2" changeset="87001003" timestamp="2020-06-22T22:37:41Z" user="Pedro Serey" uid="11372350" lat="-7.2155785" lon="-35.9098347"/>
 <node id="5097331142" visible="true" version="2" changeset="87001003" timestamp="2020-06-22T22:37:41Z" user="Pedro Serey" uid="11372350" lat="-7.2154023" lon="-35.9098340"/>
 <node id="5097331143" visible="true" version="2" changeset="87001003" timestamp="2020-06-22T22:37:41Z" user="Pedro Serey" uid="11372350" lat="-7.2156670" lon="-35.9102028"/>
 <node id="5097331144" visible="true" version="2" changeset="87001003" timestamp="2020-06-22T22:37:41Z" user="Pedro Serey" uid="11372350" lat="-7.2157804" lon="-35.9102016"/>
 <node id="5097331145" visible="true" version="2" changeset="87001003" timestamp="2020-06-22T22:37:41Z" user="Pedro Serey" uid="11372350" lat="-7.2157763" lon="-35.9098318"/>
 <node id="5097331146" visible="true" version="2" changeset="87001003" timestamp="2020-06-22T22:37:41Z" user="Pedro Serey" uid="11372350" lat="-7.2156629" lon="-35.9098330"/>
 <node id="5097331147" visible="true" version="2" changeset="87001003" timestamp="2020-06-22T22:37:41Z" user="Pedro Serey" uid="11372350" lat="-7.2158335" lon="-35.9102030"/>
 <node id="5097331148" visible="true" version="2" changeset="87001003" timestamp="2020-06-22T22:37:41Z" user="Pedro Serey" uid="11372350" lat="-7.2158354" lon="-35.9098325"/>
 <node id="5097331149" visible="true" version="2" changeset="87001003" timestamp="2020-06-22T22:37:41Z" user="Pedro Serey" uid="11372350" lat="-7.2159534" lon="-35.9098331"/>
 <node id="5097331150" visible="true" version="2" changeset="87001003" timestamp="2020-06-22T22:37:41Z" user="Pedro Serey" uid="11372350" lat="-7.2159516" lon="-35.9102036"/>
 <node id="5097331151" visible="true" version="3" changeset="87001003" timestamp="2020-06-22T22:37:41Z" user="Pedro Serey" uid="11372350" lat="-7.2157964" lon="-35.9103976"/>
 <node id="5097331152" visible="true" version="3" changeset="87001003" timestamp="2020-06-22T22:37:41Z" user="Pedro Serey" uid="11372350" lat="-7.2157992" lon="-35.9103002"/>
 <node id="5097331153" visible="true" version="3" changeset="87001003" timestamp="2020-06-22T22:37:41Z" user="Pedro Serey" uid="11372350" lat="-7.2158939" lon="-35.9103029"/>
 <node id="5097331154" visible="true" version="3" changeset="87001003" timestamp="2020-06-22T22:37:41Z" user="Pedro Serey" uid="11372350" lat="-7.2158912" lon="-35.9104003"/>
 <node id="5097331155" visible="true" version="4" changeset="87001003" timestamp="2020-06-22T22:37:41Z" user="Pedro Serey" uid="11372350" lat="-7.2156578" lon="-35.9103324"/>
 <node id="5097331156" visible="true" version="4" changeset="87001003" timestamp="2020-06-22T22:37:41Z" user="Pedro Serey" uid="11372350" lat="-7.2157700" lon="-35.9103303"/>
 <node id="5097331157" visible="true" version="4" changeset="87001003" timestamp="2020-06-22T22:37:41Z" user="Pedro Serey" uid="11372350" lat="-7.2157766" lon="-35.9107008"/>
 <node id="5097331158" visible="true" version="4" changeset="87001003" timestamp="2020-06-22T22:37:41Z" user="Pedro Serey" uid="11372350" lat="-7.2156644" lon="-35.9107028"/>
 <node id="5097331159" visible="true" version="4" changeset="87001003" timestamp="2020-06-22T22:37:41Z" user="Pedro Serey" uid="11372350" lat="-7.2155199" lon="-35.9107093"/>
 <node id="5097331160" visible="true" version="4" changeset="87001003" timestamp="2020-06-22T22:37:41Z" user="Pedro Serey" uid="11372350" lat="-7.2155169" lon="-35.9103428"/>
 <node id="5097331161" visible="true" version="4" changeset="87001003" timestamp="2020-06-22T22:37:41Z" user="Pedro Serey" uid="11372350" lat="-7.2156311" lon="-35.9103418"/>
 <node id="5097331162" visible="true" version="4" changeset="87001003" timestamp="2020-06-22T22:37:41Z" user="Pedro Serey" uid="11372350" lat="-7.2156340" lon="-35.9107084"/>
 <node id="5097331163" visible="true" version="2" changeset="87001003" timestamp="2020-06-22T22:37:41Z" user="Pedro Serey" uid="11372350" lat="-7.2153739" lon="-35.9106559"/>
 <node id="5097331164" visible="true" version="2" changeset="87001003" timestamp="2020-06-22T22:37:41Z" user="Pedro Serey" uid="11372350" lat="-7.2153749" lon="-35.9103038"/>
 <node id="5097331165" visible="true" version="2" changeset="87001003" timestamp="2020-06-22T22:37:41Z" user="Pedro Serey" uid="11372350" lat="-7.2154945" lon="-35.9103041"/>
 <node id="5097331166" visible="true" version="2" changeset="87001003" timestamp="2020-06-22T22:37:41Z" user="Pedro Serey" uid="11372350" lat="-7.2154936" lon="-35.9106563"/>
 <node id="5097331167" visible="true" version="2" changeset="87001003" timestamp="2020-06-22T22:37:41Z" user="Pedro Serey" uid="11372350" lat="-7.2152312" lon="-35.9106736"/>
 <node id="5097331168" visible="true" version="2" changeset="87001003" timestamp="2020-06-22T22:37:41Z" user="Pedro Serey" uid="11372350" lat="-7.2152349" lon="-35.9102983"/>
 <node id="5097331169" visible="true" version="2" changeset="87001003" timestamp="2020-06-22T22:37:41Z" user="Pedro Serey" uid="11372350" lat="-7.2153492" lon="-35.9102995"/>
 <node id="5097331170" visible="true" version="2" changeset="87001003" timestamp="2020-06-22T22:37:41Z" user="Pedro Serey" uid="11372350" lat="-7.2153454" lon="-35.9106747"/>
 <node id="5097331171" visible="true" version="2" changeset="87001003" timestamp="2020-06-22T22:37:41Z" user="Pedro Serey" uid="11372350" lat="-7.2150835" lon="-35.9106699"/>
 <node id="5097331172" visible="true" version="2" changeset="87001003" timestamp="2020-06-22T22:37:41Z" user="Pedro Serey" uid="11372350" lat="-7.2150806" lon="-35.9103036"/>
 <node id="5097331173" visible="true" version="2" changeset="87001003" timestamp="2020-06-22T22:37:41Z" user="Pedro Serey" uid="11372350" lat="-7.2152001" lon="-35.9103036"/>
 <node id="5097331174" visible="true" version="2" changeset="87001003" timestamp="2020-06-22T22:37:41Z" user="Pedro Serey" uid="11372350" lat="-7.2152000" lon="-35.9106699"/>
 <node id="5097331175" visible="true" version="2" changeset="87001003" timestamp="2020-06-22T22:37:41Z" user="Pedro Serey" uid="11372350" lat="-7.2150805" lon="-35.9104572"/>
 <node id="5097331176" visible="true" version="2" changeset="87001003" timestamp="2020-06-22T22:37:41Z" user="Pedro Serey" uid="11372350" lat="-7.2150661" lon="-35.9104748"/>
 <node id="5097331177" visible="true" version="2" changeset="87001003" timestamp="2020-06-22T22:37:41Z" user="Pedro Serey" uid="11372350" lat="-7.2150665" lon="-35.9105142"/>
 <node id="5097331178" visible="true" version="2" changeset="87001003" timestamp="2020-06-22T22:37:41Z" user="Pedro Serey" uid="11372350" lat="-7.2150836" lon="-35.9105290"/>
 <node id="5097331179" visible="true" version="2" changeset="87001003" timestamp="2020-06-22T22:37:41Z" user="Pedro Serey" uid="11372350" lat="-7.2150340" lon="-35.9105558"/>
 <node id="5097331180" visible="true" version="2" changeset="87001003" timestamp="2020-06-22T22:37:41Z" user="Pedro Serey" uid="11372350" lat="-7.2149396" lon="-35.9105558"/>
 <node id="5097331181" visible="true" version="2" changeset="87001003" timestamp="2020-06-22T22:37:41Z" user="Pedro Serey" uid="11372350" lat="-7.2149395" lon="-35.9103130"/>
 <node id="5097331182" visible="true" version="2" changeset="87001003" timestamp="2020-06-22T22:37:41Z" user="Pedro Serey" uid="11372350" lat="-7.2150339" lon="-35.9103130"/>
 <node id="5097331183" visible="true" version="2" changeset="87001003" timestamp="2020-06-22T22:37:41Z" user="Pedro Serey" uid="11372350" lat="-7.2154203" lon="-35.9113088"/>
 <node id="5097331184" visible="true" version="2" changeset="87001003" timestamp="2020-06-22T22:37:41Z" user="Pedro Serey" uid="11372350" lat="-7.2154266" lon="-35.9112070"/>
 <node id="5097331185" visible="true" version="2" changeset="87001003" timestamp="2020-06-22T22:37:41Z" user="Pedro Serey" uid="11372350" lat="-7.2156795" lon="-35.9112230"/>
 <node id="5097331186" visible="true" version="2" changeset="87001003" timestamp="2020-06-22T22:37:41Z" user="Pedro Serey" uid="11372350" lat="-7.2156731" lon="-35.9113249"/>
 <node id="5097331187" visible="true" version="2" changeset="87001003" timestamp="2020-06-22T22:37:41Z" user="Pedro Serey" uid="11372350" lat="-7.2153688" lon="-35.9111579"/>
 <node id="5097331188" visible="true" version="2" changeset="87001003" timestamp="2020-06-22T22:37:41Z" user="Pedro Serey" uid="11372350" lat="-7.2152587" lon="-35.9111573"/>
 <node id="5097331189" visible="true" version="2" changeset="87001003" timestamp="2020-06-22T22:37:41Z" user="Pedro Serey" uid="11372350" lat="-7.2152604" lon="-35.9108458"/>
 <node id="5097331190" visible="true" version="2" changeset="87001003" timestamp="2020-06-22T22:37:41Z" user="Pedro Serey" uid="11372350" lat="-7.2153705" lon="-35.9108465"/>
 <node id="5097331191" visible="true" version="2" changeset="87001003" timestamp="2020-06-22T22:37:41Z" user="Pedro Serey" uid="11372350" lat="-7.2154260" lon="-35.9111603"/>
 <node id="5097331192" visible="true" version="2" changeset="87001003" timestamp="2020-06-22T22:37:41Z" user="Pedro Serey" uid="11372350" lat="-7.2155413" lon="-35.9111600"/>
 <node id="5097331193" visible="true" version="2" changeset="87001003" timestamp="2020-06-22T22:37:41Z" user="Pedro Serey" uid="11372350" lat="-7.2155406" lon="-35.9108327"/>
 <node id="5097331194" visible="true" version="2" changeset="87001003" timestamp="2020-06-22T22:37:41Z" user="Pedro Serey" uid="11372350" lat="-7.2154252" lon="-35.9108330"/>
 <node id="5097331195" visible="true" version="2" changeset="87001003" timestamp="2020-06-22T22:37:41Z" user="Pedro Serey" uid="11372350" lat="-7.2155772" lon="-35.9111602"/>
 <node id="5097331196" visible="true" version="2" changeset="87001003" timestamp="2020-06-22T22:37:41Z" user="Pedro Serey" uid="11372350" lat="-7.2155721" lon="-35.9108317"/>
 <node id="5097331197" visible="true" version="2" changeset="87001003" timestamp="2020-06-22T22:37:41Z" user="Pedro Serey" uid="11372350" lat="-7.2156876" lon="-35.9108299"/>
 <node id="5097331198" visible="true" version="2" changeset="87001003" timestamp="2020-06-22T22:37:41Z" user="Pedro Serey" uid="11372350" lat="-7.2156927" lon="-35.9111584"/>
 <node id="5097331199" visible="true" version="3" changeset="88726216" timestamp="2020-07-30T10:20:10Z" user="DnieperBasin" uid="10652829" lat="-7.2158942" lon="-35.9107688"/>
 <node id="5097331200" visible="true" version="2" changeset="54350407" timestamp="2017-12-05T01:26:56Z" user="Matias_Daniel" uid="7142955" lat="-7.2151534" lon="-35.9107555"/>
 <node id="5097331201" visible="true" version="5" changeset="88726216" timestamp="2020-07-30T10:20:10Z" user="DnieperBasin" uid="10652829" lat="-7.2159847" lon="-35.9102900"/>
 <node id="5097331202" visible="true" version="4" changeset="80673730" timestamp="2020-02-07T05:59:32Z" user="PlazaBaquedano" uid="9225258" lat="-7.2146741" lon="-35.9102491"/>
 <node id="5097331203" visible="true" version="3" changeset="87001003" timestamp="2020-06-22T22:37:41Z" user="Pedro Serey" uid="11372350" lat="-7.2159795" lon="-35.9117178"/>
 <node id="5097331204" visible="true" version="3" changeset="87001003" timestamp="2020-06-22T22:37:41Z" user="Pedro Serey" uid="11372350" lat="-7.2158127" lon="-35.9117444"/>
 <node id="5097331205" visible="true" version="3" changeset="87001003" timestamp="2020-06-22T22:37:41Z" user="Pedro Serey" uid="11372350" lat="-7.2158363" lon="-35.9118950"/>
 <node id="5097331206" visible="true" version="3" changeset="87001003" timestamp="2020-06-22T22:37:41Z" user="Pedro Serey" uid="11372350" lat="-7.2158722" lon="-35.9118893"/>
 <node id="5097331207" visible="true" version="3" changeset="87001003" timestamp="2020-06-22T22:37:41Z" user="Pedro Serey" uid="11372350" lat="-7.2158894" lon="-35.9119992"/>
 <node id="5097331208" visible="true" version="3" changeset="87001003" timestamp="2020-06-22T22:37:41Z" user="Pedro Serey" uid="11372350" lat="-7.2158533" lon="-35.9120049"/>
 <node id="5097331209" visible="true" version="3" changeset="87001003" timestamp="2020-06-22T22:37:41Z" user="Pedro Serey" uid="11372350" lat="-7.2158647" lon="-35.9120777"/>
 <node id="5097331210" visible="true" version="3" changeset="87001003" timestamp="2020-06-22T22:37:41Z" user="Pedro Serey" uid="11372350" lat="-7.2160318" lon="-35.9120511"/>
 <node id="5097331211" visible="true" version="2" changeset="87001003" timestamp="2020-06-22T22:37:41Z" user="Pedro Serey" uid="11372350" lat="-7.2160925" lon="-35.9119967"/>
 <node id="5097331212" visible="true" version="2" changeset="87001003" timestamp="2020-06-22T22:37:41Z" user="Pedro Serey" uid="11372350" lat="-7.2160644" lon="-35.9117787"/>
 <node id="5097331213" visible="true" version="2" changeset="87001003" timestamp="2020-06-22T22:37:41Z" user="Pedro Serey" uid="11372350" lat="-7.2161833" lon="-35.9117632"/>
 <node id="5097331214" visible="true" version="2" changeset="87001003" timestamp="2020-06-22T22:37:41Z" user="Pedro Serey" uid="11372350" lat="-7.2162114" lon="-35.9119812"/>
 <node id="5097331215" visible="true" version="2" changeset="87001003" timestamp="2020-06-22T22:37:41Z" user="Pedro Serey" uid="11372350" lat="-7.2158822" lon="-35.9121779"/>
 <node id="5097331216" visible="true" version="2" changeset="87001003" timestamp="2020-06-22T22:37:41Z" user="Pedro Serey" uid="11372350" lat="-7.2159327" lon="-35.9121697"/>
 <node id="5097331217" visible="true" version="2" changeset="87001003" timestamp="2020-06-22T22:37:41Z" user="Pedro Serey" uid="11372350" lat="-7.2159300" lon="-35.9121530"/>
 <node id="5097331218" visible="true" version="2" changeset="87001003" timestamp="2020-06-22T22:37:41Z" user="Pedro Serey" uid="11372350" lat="-7.2159617" lon="-35.9121479"/>
 <node id="5097331219" visible="true" version="2" changeset="87001003" timestamp="2020-06-22T22:37:41Z" user="Pedro Serey" uid="11372350" lat="-7.2159642" lon="-35.9121631"/>
 <node id="5097331220" visible="true" version="2" changeset="87001003" timestamp="2020-06-22T22:37:41Z" user="Pedro Serey" uid="11372350" lat="-7.2159958" lon="-35.9121580"/>
 <node id="5097331221" visible="true" version="2" changeset="87001003" timestamp="2020-06-22T22:37:41Z" user="Pedro Serey" uid="11372350" lat="-7.2160078" lon="-35.9122327"/>
 <node id="5097331222" visible="true" version="2" changeset="87001003" timestamp="2020-06-22T22:37:41Z" user="Pedro Serey" uid="11372350" lat="-7.2158939" lon="-35.9122512"/>
 <node id="5097331223" visible="true" version="2" changeset="87001003" timestamp="2020-06-22T22:37:41Z" user="Pedro Serey" uid="11372350" lat="-7.2160607" lon="-35.9121337"/>
 <node id="5097331224" visible="true" version="2" changeset="87001003" timestamp="2020-06-22T22:37:41Z" user="Pedro Serey" uid="11372350" lat="-7.2161898" lon="-35.9121120"/>
 <node id="5097331225" visible="true" version="2" changeset="87001003" timestamp="2020-06-22T22:37:41Z" user="Pedro Serey" uid="11372350" lat="-7.2162091" lon="-35.9122288"/>
 <node id="5097331226" visible="true" version="2" changeset="87001003" timestamp="2020-06-22T22:37:41Z" user="Pedro Serey" uid="11372350" lat="-7.2161521" lon="-35.9122384"/>
 <node id="5097331227" visible="true" version="2" changeset="87001003" timestamp="2020-06-22T22:37:41Z" user="Pedro Serey" uid="11372350" lat="-7.2161810" lon="-35.9124130"/>
 <node id="5097331228" visible="true" version="2" changeset="87001003" timestamp="2020-06-22T22:37:41Z" user="Pedro Serey" uid="11372350" lat="-7.2160637" lon="-35.9124327"/>
 <node id="5097331229" visible="true" version="2" changeset="87001003" timestamp="2020-06-22T22:37:41Z" user="Pedro Serey" uid="11372350" lat="-7.2160291" lon="-35.9122243"/>
 <node id="5097331230" visible="true" version="2" changeset="87001003" timestamp="2020-06-22T22:37:41Z" user="Pedro Serey" uid="11372350" lat="-7.2160745" lon="-35.9122166"/>
 <node id="5097331231" visible="true" version="2" changeset="87001003" timestamp="2020-06-22T22:37:41Z" user="Pedro Serey" uid="11372350" lat="-7.2164255" lon="-35.9124780"/>
 <node id="5097331232" visible="true" version="2" changeset="87001003" timestamp="2020-06-22T22:37:41Z" user="Pedro Serey" uid="11372350" lat="-7.2163768" lon="-35.9121688"/>
 <node id="5097331233" visible="true" version="2" changeset="87001003" timestamp="2020-06-22T22:37:41Z" user="Pedro Serey" uid="11372350" lat="-7.2165023" lon="-35.9121488"/>
 <node id="5097331234" visible="true" version="2" changeset="87001003" timestamp="2020-06-22T22:37:41Z" user="Pedro Serey" uid="11372350" lat="-7.2165509" lon="-35.9124580"/>
 <node id="5097331235" visible="true" version="3" changeset="87001003" timestamp="2020-06-22T22:37:41Z" user="Pedro Serey" uid="11372350" lat="-7.2165630" lon="-35.9123343"/>
 <node id="5097331236" visible="true" version="3" changeset="87001003" timestamp="2020-06-22T22:37:41Z" user="Pedro Serey" uid="11372350" lat="-7.2165546" lon="-35.9122632"/>
 <node id="5097331237" visible="true" version="3" changeset="87001003" timestamp="2020-06-22T22:37:41Z" user="Pedro Serey" uid="11372350" lat="-7.2167977" lon="-35.9122343"/>
 <node id="5097331238" visible="true" version="3" changeset="87001003" timestamp="2020-06-22T22:37:41Z" user="Pedro Serey" uid="11372350" lat="-7.2168061" lon="-35.9123053"/>
 <node id="5097331239" visible="true" version="3" changeset="87001003" timestamp="2020-06-22T22:37:41Z" user="Pedro Serey" uid="11372350" lat="-7.2163575" lon="-35.9121258"/>
 <node id="5097331240" visible="true" version="3" changeset="87001003" timestamp="2020-06-22T22:37:41Z" user="Pedro Serey" uid="11372350" lat="-7.2162875" lon="-35.9116854"/>
 <node id="5097331241" visible="true" version="3" changeset="87001003" timestamp="2020-06-22T22:37:41Z" user="Pedro Serey" uid="11372350" lat="-7.2165093" lon="-35.9116496"/>
 <node id="5097331242" visible="true" version="3" changeset="87001003" timestamp="2020-06-22T22:37:41Z" user="Pedro Serey" uid="11372350" lat="-7.2165368" lon="-35.9118228"/>
 <node id="5097331243" visible="true" version="3" changeset="87001003" timestamp="2020-06-22T22:37:41Z" user="Pedro Serey" uid="11372350" lat="-7.2164957" lon="-35.9118295"/>
 <node id="5097331244" visible="true" version="3" changeset="87001003" timestamp="2020-06-22T22:37:41Z" user="Pedro Serey" uid="11372350" lat="-7.2165141" lon="-35.9119453"/>
 <node id="5097331245" visible="true" version="3" changeset="87001003" timestamp="2020-06-22T22:37:41Z" user="Pedro Serey" uid="11372350" lat="-7.2164885" lon="-35.9119494"/>
 <node id="5097331246" visible="true" version="3" changeset="87001003" timestamp="2020-06-22T22:37:41Z" user="Pedro Serey" uid="11372350" lat="-7.2165126" lon="-35.9121008"/>
 <node id="5097331247" visible="true" version="3" changeset="87001003" timestamp="2020-06-22T22:37:41Z" user="Pedro Serey" uid="11372350" lat="-7.2166493" lon="-35.9121930"/>
 <node id="5097331248" visible="true" version="3" changeset="87001003" timestamp="2020-06-22T22:37:41Z" user="Pedro Serey" uid="11372350" lat="-7.2167854" lon="-35.9122039"/>
 <node id="5097331249" visible="true" version="3" changeset="87001003" timestamp="2020-06-22T22:37:41Z" user="Pedro Serey" uid="11372350" lat="-7.2167898" lon="-35.9121478"/>
 <node id="5097331250" visible="true" version="3" changeset="87001003" timestamp="2020-06-22T22:37:41Z" user="Pedro Serey" uid="11372350" lat="-7.2166547" lon="-35.9121363"/>
 <node id="5097331251" visible="true" version="3" changeset="87001003" timestamp="2020-06-22T22:37:41Z" user="Pedro Serey" uid="11372350" lat="-7.2165588" lon="-35.9121842"/>
 <node id="5097331252" visible="true" version="3" changeset="87001003" timestamp="2020-06-22T22:37:41Z" user="Pedro Serey" uid="11372350" lat="-7.2165642" lon="-35.9121275"/>
 <node id="5097331253" visible="true" version="3" changeset="87001003" timestamp="2020-06-22T22:37:41Z" user="Pedro Serey" uid="11372350" lat="-7.2165930" lon="-35.9118932"/>
 <node id="5097331254" visible="true" version="3" changeset="87001003" timestamp="2020-06-22T22:37:41Z" user="Pedro Serey" uid="11372350" lat="-7.2166625" lon="-35.9119012"/>
 <node id="5097331255" visible="true" version="3" changeset="87001003" timestamp="2020-06-22T22:37:41Z" user="Pedro Serey" uid="11372350" lat="-7.2166344" lon="-35.9121362"/>
 <node id="5097331256" visible="true" version="3" changeset="87001003" timestamp="2020-06-22T22:37:41Z" user="Pedro Serey" uid="11372350" lat="-7.2165821" lon="-35.9118897"/>
 <node id="5097331257" visible="true" version="4" changeset="88726216" timestamp="2020-07-30T10:20:10Z" user="DnieperBasin" uid="10652829" lat="-7.2165956" lon="-35.9117804"/>
 <node id="5097331258" visible="true" version="3" changeset="87001003" timestamp="2020-06-22T22:37:41Z" user="Pedro Serey" uid="11372350" lat="-7.2166395" lon="-35.9117849"/>
 <node id="5097331259" visible="true" version="3" changeset="87001003" timestamp="2020-06-22T22:37:41Z" user="Pedro Serey" uid="11372350" lat="-7.2166380" lon="-35.9117990"/>
 <node id="5097331260" visible="true" version="4" changeset="88726216" timestamp="2020-07-30T10:20:10Z" user="DnieperBasin" uid="10652829" lat="-7.2166750" lon="-35.9118028"/>
 <node id="5097331261" visible="true" version="3" changeset="87001003" timestamp="2020-06-22T22:37:41Z" user="Pedro Serey" uid="11372350" lat="-7.2165686" lon="-35.9117776"/>
 <node id="5097331262" visible="true" version="3" changeset="87001003" timestamp="2020-06-22T22:37:41Z" user="Pedro Serey" uid="11372350" lat="-7.2165817" lon="-35.9116486"/>
 <node id="5097331263" visible="true" version="3" changeset="87001003" timestamp="2020-06-22T22:37:41Z" user="Pedro Serey" uid="11372350" lat="-7.2167009" lon="-35.9116609"/>
 <node id="5097331264" visible="true" version="3" changeset="87001003" timestamp="2020-06-22T22:37:41Z" user="Pedro Serey" uid="11372350" lat="-7.2166864" lon="-35.9118040"/>
 <node id="5097331265" visible="true" version="2" changeset="87001003" timestamp="2020-06-22T22:37:41Z" user="Pedro Serey" uid="11372350" lat="-7.2167189" lon="-35.9117429"/>
 <node id="5097331266" visible="true" version="2" changeset="87001003" timestamp="2020-06-22T22:37:41Z" user="Pedro Serey" uid="11372350" lat="-7.2167338" lon="-35.9116001"/>
 <node id="5097331267" visible="true" version="2" changeset="87001003" timestamp="2020-06-22T22:37:41Z" user="Pedro Serey" uid="11372350" lat="-7.2168088" lon="-35.9116081"/>
 <node id="5097331268" visible="true" version="2" changeset="87001003" timestamp="2020-06-22T22:37:41Z" user="Pedro Serey" uid="11372350" lat="-7.2167940" lon="-35.9117508"/>
 <node id="5097331269" visible="true" version="2" changeset="87001003" timestamp="2020-06-22T22:37:41Z" user="Pedro Serey" uid="11372350" lat="-7.2166841" lon="-35.9119138"/>
 <node id="5097331270" visible="true" version="2" changeset="87001003" timestamp="2020-06-22T22:37:41Z" user="Pedro Serey" uid="11372350" lat="-7.2167366" lon="-35.9119206"/>
 <node id="5097331271" visible="true" version="2" changeset="87001003" timestamp="2020-06-22T22:37:41Z" user="Pedro Serey" uid="11372350" lat="-7.2167507" lon="-35.9118108"/>
 <node id="5097331272" visible="true" version="2" changeset="87001003" timestamp="2020-06-22T22:37:41Z" user="Pedro Serey" uid="11372350" lat="-7.2166982" lon="-35.9118039"/>
 <node id="5097331273" visible="true" version="3" changeset="87001003" timestamp="2020-06-22T22:37:41Z" user="Pedro Serey" uid="11372350" lat="-7.2166173" lon="-35.9125659"/>
 <node id="5097331274" visible="true" version="3" changeset="87001003" timestamp="2020-06-22T22:37:41Z" user="Pedro Serey" uid="11372350" lat="-7.2166681" lon="-35.9125593"/>
 <node id="5097331275" visible="true" version="3" changeset="87001003" timestamp="2020-06-22T22:37:41Z" user="Pedro Serey" uid="11372350" lat="-7.2166655" lon="-35.9125390"/>
 <node id="5097331276" visible="true" version="3" changeset="87001003" timestamp="2020-06-22T22:37:41Z" user="Pedro Serey" uid="11372350" lat="-7.2166871" lon="-35.9125362"/>
 <node id="5097331277" visible="true" version="3" changeset="87001003" timestamp="2020-06-22T22:37:41Z" user="Pedro Serey" uid="11372350" lat="-7.2166812" lon="-35.9124903"/>
 <node id="5097331278" visible="true" version="3" changeset="87001003" timestamp="2020-06-22T22:37:41Z" user="Pedro Serey" uid="11372350" lat="-7.2167793" lon="-35.9124759"/>
 <node id="5097331279" visible="true" version="3" changeset="87001003" timestamp="2020-06-22T22:37:41Z" user="Pedro Serey" uid="11372350" lat="-7.2167630" lon="-35.9123365"/>
 <node id="5097331280" visible="true" version="3" changeset="87001003" timestamp="2020-06-22T22:37:41Z" user="Pedro Serey" uid="11372350" lat="-7.2166664" lon="-35.9123227"/>
 <node id="5097331281" visible="true" version="3" changeset="87001003" timestamp="2020-06-22T22:37:41Z" user="Pedro Serey" uid="11372350" lat="-7.2166356" lon="-35.9123808"/>
 <node id="5097331282" visible="true" version="3" changeset="87001003" timestamp="2020-06-22T22:37:41Z" user="Pedro Serey" uid="11372350" lat="-7.2165943" lon="-35.9123862"/>
 <node id="5099982315" visible="true" version="1" changeset="51962292" timestamp="2017-09-12T06:58:55Z" user="DEbi_CAS" uid="6608697" lat="-7.2167586" lon="-35.9081519"/>
 <node id="5099982316" visible="true" version="1" changeset="51962292" timestamp="2017-09-12T06:58:55Z" user="DEbi_CAS" uid="6608697" lat="-7.2167595" lon="-35.9081052"/>
 <node id="5099982317" visible="true" version="1" changeset="51962292" timestamp="2017-09-12T06:58:55Z" user="DEbi_CAS" uid="6608697" lat="-7.2168336" lon="-35.9081066"/>
 <node id="5099982318" visible="true" version="1" changeset="51962292" timestamp="2017-09-12T06:58:55Z" user="DEbi_CAS" uid="6608697" lat="-7.2168328" lon="-35.9081533"/>
 <node id="5099982319" visible="true" version="2" changeset="87001003" timestamp="2020-06-22T22:37:41Z" user="Pedro Serey" uid="11372350" lat="-7.2167856" lon="-35.9083302"/>
 <node id="5099988321" visible="true" version="2" changeset="87001003" timestamp="2020-06-22T22:37:41Z" user="Pedro Serey" uid="11372350" lat="-7.2167790" lon="-35.9081915"/>
 <node id="5099988322" visible="true" version="2" changeset="87001003" timestamp="2020-06-22T22:37:41Z" user="Pedro Serey" uid="11372350" lat="-7.2168329" lon="-35.9081896"/>
 <node id="5099988323" visible="true" version="2" changeset="87001003" timestamp="2020-06-22T22:37:41Z" user="Pedro Serey" uid="11372350" lat="-7.2168377" lon="-35.9083289"/>
 <node id="5100005030" visible="true" version="2" changeset="87001003" timestamp="2020-06-22T22:37:41Z" user="Pedro Serey" uid="11372350" lat="-7.2160178" lon="-35.9105777"/>
 <node id="5100005031" visible="true" version="2" changeset="87001003" timestamp="2020-06-22T22:37:41Z" user="Pedro Serey" uid="11372350" lat="-7.2163490" lon="-35.9106273"/>
 <node id="5100005032" visible="true" version="2" changeset="87001003" timestamp="2020-06-22T22:37:41Z" user="Pedro Serey" uid="11372350" lat="-7.2163642" lon="-35.9105241"/>
 <node id="5100005033" visible="true" version="3" changeset="88726579" timestamp="2020-07-30T10:25:56Z" user="DnieperBasin" uid="10652829" lat="-7.2160343" lon="-35.9104752"/>
 <node id="5100015318" visible="true" version="4" changeset="87001003" timestamp="2020-06-22T22:37:41Z" user="Pedro Serey" uid="11372350" lat="-7.2162655" lon="-35.9115455"/>
 <node id="5100015319" visible="true" version="4" changeset="87001003" timestamp="2020-06-22T22:37:41Z" user="Pedro Serey" uid="11372350" lat="-7.2162807" lon="-35.9113999"/>
 <node id="5100015320" visible="true" version="4" changeset="87001003" timestamp="2020-06-22T22:37:41Z" user="Pedro Serey" uid="11372350" lat="-7.2162446" lon="-35.9113960"/>
 <node id="5100016521" visible="true" version="4" changeset="87001003" timestamp="2020-06-22T22:37:41Z" user="Pedro Serey" uid="11372350" lat="-7.2162352" lon="-35.9115423"/>
 <node id="5102598368" visible="true" version="3" changeset="87001003" timestamp="2020-06-22T22:37:41Z" user="Pedro Serey" uid="11372350" lat="-7.2160179" lon="-35.9113188"/>
 <node id="5102598369" visible="true" version="3" changeset="87001003" timestamp="2020-06-22T22:37:41Z" user="Pedro Serey" uid="11372350" lat="-7.2161181" lon="-35.9113294"/>
 <node id="5102598370" visible="true" version="3" changeset="87001003" timestamp="2020-06-22T22:37:41Z" user="Pedro Serey" uid="11372350" lat="-7.2160918" lon="-35.9115819"/>
 <node id="5102598371" visible="true" version="3" changeset="87001003" timestamp="2020-06-22T22:37:41Z" user="Pedro Serey" uid="11372350" lat="-7.2159916" lon="-35.9115713"/>
 <node id="5102726494" visible="true" version="2" changeset="87001003" timestamp="2020-06-22T22:37:41Z" user="Pedro Serey" uid="11372350" lat="-7.2137791" lon="-35.9086914"/>
 <node id="5102726495" visible="true" version="2" changeset="87001003" timestamp="2020-06-22T22:37:41Z" user="Pedro Serey" uid="11372350" lat="-7.2137765" lon="-35.9085277"/>
 <node id="5102726496" visible="true" version="2" changeset="87001003" timestamp="2020-06-22T22:37:41Z" user="Pedro Serey" uid="11372350" lat="-7.2139292" lon="-35.9085253"/>
 <node id="5102726497" visible="true" version="2" changeset="87001003" timestamp="2020-06-22T22:37:41Z" user="Pedro Serey" uid="11372350" lat="-7.2139318" lon="-35.9086889"/>
 <node id="5103479749" visible="true" version="2" changeset="87001003" timestamp="2020-06-22T22:37:41Z" user="Pedro Serey" uid="11372350" lat="-7.2160837" lon="-35.9073011"/>
 <node id="5103479750" visible="true" version="2" changeset="87001003" timestamp="2020-06-22T22:37:41Z" user="Pedro Serey" uid="11372350" lat="-7.2161047" lon="-35.9073658"/>
 <node id="5103479751" visible="true" version="2" changeset="87001003" timestamp="2020-06-22T22:37:41Z" user="Pedro Serey" uid="11372350" lat="-7.2163022" lon="-35.9073007"/>
 <node id="5103479752" visible="true" version="2" changeset="87001003" timestamp="2020-06-22T22:37:41Z" user="Pedro Serey" uid="11372350" lat="-7.2162811" lon="-35.9072359"/>
 <node id="5105322809" visible="true" version="2" changeset="87001003" timestamp="2020-06-22T22:37:41Z" user="Pedro Serey" uid="11372350" lat="-7.2157665" lon="-35.9086323"/>
 <node id="5105322810" visible="true" version="2" changeset="87001003" timestamp="2020-06-22T22:37:41Z" user="Pedro Serey" uid="11372350" lat="-7.2157635" lon="-35.9085085"/>
 <node id="5105322811" visible="true" version="2" changeset="87001003" timestamp="2020-06-22T22:37:41Z" user="Pedro Serey" uid="11372350" lat="-7.2158566" lon="-35.9085062"/>
 <node id="5105322812" visible="true" version="2" changeset="87001003" timestamp="2020-06-22T22:37:41Z" user="Pedro Serey" uid="11372350" lat="-7.2158596" lon="-35.9086300"/>
 <node id="5105322813" visible="true" version="3" changeset="87001003" timestamp="2020-06-22T22:37:41Z" user="Pedro Serey" uid="11372350" lat="-7.2142670" lon="-35.9095212"/>
 <node id="5105322814" visible="true" version="3" changeset="87001003" timestamp="2020-06-22T22:37:41Z" user="Pedro Serey" uid="11372350" lat="-7.2142647" lon="-35.9093011"/>
 <node id="5105322815" visible="true" version="3" changeset="87001003" timestamp="2020-06-22T22:37:41Z" user="Pedro Serey" uid="11372350" lat="-7.2143814" lon="-35.9092998"/>
 <node id="5105322816" visible="true" version="2" changeset="87001003" timestamp="2020-06-22T22:37:41Z" user="Pedro Serey" uid="11372350" lat="-7.2144430" lon="-35.9095590"/>
 <node id="5105322817" visible="true" version="2" changeset="87001003" timestamp="2020-06-22T22:37:41Z" user="Pedro Serey" uid="11372350" lat="-7.2145651" lon="-35.9065640"/>
 <node id="5105322818" visible="true" version="2" changeset="87001003" timestamp="2020-06-22T22:37:41Z" user="Pedro Serey" uid="11372350" lat="-7.2147513" lon="-35.9065635"/>
 <node id="5105322819" visible="true" version="2" changeset="87001003" timestamp="2020-06-22T22:37:41Z" user="Pedro Serey" uid="11372350" lat="-7.2147505" lon="-35.9062679"/>
 <node id="5105322820" visible="true" version="2" changeset="87001003" timestamp="2020-06-22T22:37:41Z" user="Pedro Serey" uid="11372350" lat="-7.2145643" lon="-35.9062684"/>
 <node id="5105409137" visible="true" version="2" changeset="88723969" timestamp="2020-07-30T09:41:33Z" user="DnieperBasin" uid="10652829" lat="-7.2143814" lon="-35.9057531"/>
 <node id="5257539164" visible="true" version="3" changeset="87001003" timestamp="2020-06-22T22:37:41Z" user="Pedro Serey" uid="11372350" lat="-7.2146247" lon="-35.9090453"/>
 <node id="5257539167" visible="true" version="4" changeset="87001003" timestamp="2020-06-22T22:37:41Z" user="Pedro Serey" uid="11372350" lat="-7.2144833" lon="-35.9090876"/>
 <node id="5257539168" visible="true" version="3" changeset="87001003" timestamp="2020-06-22T22:37:41Z" user="Pedro Serey" uid="11372350" lat="-7.2150159" lon="-35.9088119"/>
 <node id="5257539169" visible="true" version="3" changeset="87001003" timestamp="2020-06-22T22:37:41Z" user="Pedro Serey" uid="11372350" lat="-7.2145103" lon="-35.9090694"/>
 <node id="5257539170" visible="true" version="3" changeset="87001003" timestamp="2020-06-22T22:37:41Z" user="Pedro Serey" uid="11372350" lat="-7.2149893" lon="-35.9088468"/>
 <node id="5257539171" visible="true" version="4" changeset="87001003" timestamp="2020-06-22T22:37:41Z" user="Pedro Serey" uid="11372350" lat="-7.2145408" lon="-35.9093521"/>
 <node id="5257539172" visible="true" version="4" changeset="87001003" timestamp="2020-06-22T22:37:41Z" user="Pedro Serey" uid="11372350" lat="-7.2150382" lon="-35.9096040"/>
 <node id="5257539173" visible="true" version="3" changeset="87001003" timestamp="2020-06-22T22:37:41Z" user="Pedro Serey" uid="11372350" lat="-7.2149015" lon="-35.9089836"/>
 <node id="5257539176" visible="true" version="3" changeset="87001003" timestamp="2020-06-22T22:37:41Z" user="Pedro Serey" uid="11372350" lat="-7.2153033" lon="-35.9088414"/>
 <node id="5257539177" visible="true" version="3" changeset="87001003" timestamp="2020-06-22T22:37:41Z" user="Pedro Serey" uid="11372350" lat="-7.2145023" lon="-35.9093108"/>
 <node id="5257539178" visible="true" version="3" changeset="87001003" timestamp="2020-06-22T22:37:41Z" user="Pedro Serey" uid="11372350" lat="-7.2149334" lon="-35.9089836"/>
 <node id="5257539179" visible="true" version="3" changeset="87001003" timestamp="2020-06-22T22:37:41Z" user="Pedro Serey" uid="11372350" lat="-7.2151862" lon="-35.9087824"/>
 <node id="5257539180" visible="true" version="3" changeset="87001003" timestamp="2020-06-22T22:37:41Z" user="Pedro Serey" uid="11372350" lat="-7.2147711" lon="-35.9090238"/>
 <node id="5257539181" visible="true" version="3" changeset="87001003" timestamp="2020-06-22T22:37:41Z" user="Pedro Serey" uid="11372350" lat="-7.2152314" lon="-35.9088039"/>
 <node id="5257539184" visible="true" version="3" changeset="87001003" timestamp="2020-06-22T22:37:41Z" user="Pedro Serey" uid="11372350" lat="-7.2149733" lon="-35.9089648"/>
 <node id="5257539185" visible="true" version="3" changeset="87001003" timestamp="2020-06-22T22:37:41Z" user="Pedro Serey" uid="11372350" lat="-7.2150505" lon="-35.9088012"/>
 <node id="5257539190" visible="true" version="4" changeset="87001003" timestamp="2020-06-22T22:37:41Z" user="Pedro Serey" uid="11372350" lat="-7.2153158" lon="-35.9092362"/>
 <node id="5257539192" visible="true" version="4" changeset="87001003" timestamp="2020-06-22T22:37:41Z" user="Pedro Serey" uid="11372350" lat="-7.2151325" lon="-35.9096393"/>
 <node id="5257539194" visible="true" version="3" changeset="87001003" timestamp="2020-06-22T22:37:41Z" user="Pedro Serey" uid="11372350" lat="-7.2145609" lon="-35.9090479"/>
 <node id="5257539195" visible="true" version="3" changeset="87001003" timestamp="2020-06-22T22:37:41Z" user="Pedro Serey" uid="11372350" lat="-7.2146673" lon="-35.9090345"/>
 <node id="5257539197" visible="true" version="4" changeset="87001003" timestamp="2020-06-22T22:37:41Z" user="Pedro Serey" uid="11372350" lat="-7.2150158" lon="-35.9095815"/>
 <node id="5257539198" visible="true" version="3" changeset="87001003" timestamp="2020-06-22T22:37:41Z" user="Pedro Serey" uid="11372350" lat="-7.2147258" lon="-35.9090318"/>
 <node id="5257539202" visible="true" version="3" changeset="87001003" timestamp="2020-06-22T22:37:41Z" user="Pedro Serey" uid="11372350" lat="-7.2151915" lon="-35.9094529"/>
 <node id="5257539204" visible="true" version="3" changeset="87001003" timestamp="2020-06-22T22:37:41Z" user="Pedro Serey" uid="11372350" lat="-7.2150771" lon="-35.9087797"/>
 <node id="5257539205" visible="true" version="4" changeset="87001003" timestamp="2020-06-22T22:37:41Z" user="Pedro Serey" uid="11372350" lat="-7.2153472" lon="-35.9090720"/>
 <node id="5257539207" visible="true" version="4" changeset="87001003" timestamp="2020-06-22T22:37:41Z" user="Pedro Serey" uid="11372350" lat="-7.2153425" lon="-35.9091585"/>
 <node id="5257539208" visible="true" version="3" changeset="87001003" timestamp="2020-06-22T22:37:41Z" user="Pedro Serey" uid="11372350" lat="-7.2148083" lon="-35.9090050"/>
 <node id="5257539209" visible="true" version="3" changeset="87001003" timestamp="2020-06-22T22:37:41Z" user="Pedro Serey" uid="11372350" lat="-7.2153219" lon="-35.9088897"/>
 <node id="5257539211" visible="true" version="3" changeset="87001003" timestamp="2020-06-22T22:37:41Z" user="Pedro Serey" uid="11372350" lat="-7.2145183" lon="-35.9094556"/>
 <node id="5257539212" visible="true" version="3" changeset="87001003" timestamp="2020-06-22T22:37:41Z" user="Pedro Serey" uid="11372350" lat="-7.2148615" lon="-35.9090023"/>
 <node id="5257539215" visible="true" version="4" changeset="87001003" timestamp="2020-06-22T22:37:41Z" user="Pedro Serey" uid="11372350" lat="-7.2151773" lon="-35.9095510"/>
 <node id="5257539216" visible="true" version="4" changeset="87001003" timestamp="2020-06-22T22:37:41Z" user="Pedro Serey" uid="11372350" lat="-7.2145048" lon="-35.9094902"/>
 <node id="5257539217" visible="true" version="4" changeset="87001003" timestamp="2020-06-22T22:37:41Z" user="Pedro Serey" uid="11372350" lat="-7.2153485" lon="-35.9090117"/>
 <node id="5257539219" visible="true" version="3" changeset="87001003" timestamp="2020-06-22T22:37:41Z" user="Pedro Serey" uid="11372350" lat="-7.2145323" lon="-35.9094190"/>
 <node id="5257539220" visible="true" version="4" changeset="87001003" timestamp="2020-06-22T22:37:41Z" user="Pedro Serey" uid="11372350" lat="-7.2153352" lon="-35.9089273"/>
 <node id="5257539421" visible="true" version="4" changeset="87001003" timestamp="2020-06-22T22:37:41Z" user="Pedro Serey" uid="11372350" lat="-7.2153419" lon="-35.9089647"/>
 <node id="5257715660" visible="true" version="3" changeset="87001003" timestamp="2020-06-22T22:37:41Z" user="Pedro Serey" uid="11372350" lat="-7.2145038" lon="-35.9095279"/>
 <node id="5257715661" visible="true" version="3" changeset="87001003" timestamp="2020-06-22T22:37:41Z" user="Pedro Serey" uid="11372350" lat="-7.2145144" lon="-35.9095601"/>
 <node id="5257715662" visible="true" version="3" changeset="87001003" timestamp="2020-06-22T22:37:41Z" user="Pedro Serey" uid="11372350" lat="-7.2145357" lon="-35.9095995"/>
 <node id="5257715663" visible="true" version="3" changeset="87001003" timestamp="2020-06-22T22:37:41Z" user="Pedro Serey" uid="11372350" lat="-7.2146423" lon="-35.9096000"/>
 <node id="5257715664" visible="true" version="3" changeset="87001003" timestamp="2020-06-22T22:37:41Z" user="Pedro Serey" uid="11372350" lat="-7.2146214" lon="-35.9095996"/>
 <node id="5257715665" visible="true" version="3" changeset="87001003" timestamp="2020-06-22T22:37:41Z" user="Pedro Serey" uid="11372350" lat="-7.2147094" lon="-35.9096106"/>
 <node id="5257715666" visible="true" version="3" changeset="87001003" timestamp="2020-06-22T22:37:41Z" user="Pedro Serey" uid="11372350" lat="-7.2149815" lon="-35.9096023"/>
 <node id="5257715667" visible="true" version="3" changeset="87001003" timestamp="2020-06-22T22:37:41Z" user="Pedro Serey" uid="11372350" lat="-7.2151197" lon="-35.9096424"/>
 <node id="5257715668" visible="true" version="3" changeset="87001003" timestamp="2020-06-22T22:37:41Z" user="Pedro Serey" uid="11372350" lat="-7.2150956" lon="-35.9096400"/>
 <node id="5257715669" visible="true" version="3" changeset="87001003" timestamp="2020-06-22T22:37:41Z" user="Pedro Serey" uid="11372350" lat="-7.2150748" lon="-35.9096358"/>
 <node id="5257715670" visible="true" version="3" changeset="87001003" timestamp="2020-06-22T22:37:41Z" user="Pedro Serey" uid="11372350" lat="-7.2150584" lon="-35.9096239"/>
 <node id="5257715671" visible="true" version="3" changeset="87001003" timestamp="2020-06-22T22:37:41Z" user="Pedro Serey" uid="11372350" lat="-7.2151480" lon="-35.9096298"/>
 <node id="5257715672" visible="true" version="3" changeset="87001003" timestamp="2020-06-22T22:37:41Z" user="Pedro Serey" uid="11372350" lat="-7.2151558" lon="-35.9096191"/>
 <node id="5257715673" visible="true" version="3" changeset="87001003" timestamp="2020-06-22T22:37:41Z" user="Pedro Serey" uid="11372350" lat="-7.2151695" lon="-35.9095870"/>
 <node id="5257715674" visible="true" version="3" changeset="87001003" timestamp="2020-06-22T22:37:41Z" user="Pedro Serey" uid="11372350" lat="-7.2145456" lon="-35.9093788"/>
 <node id="5257715675" visible="true" version="3" changeset="87001003" timestamp="2020-06-22T22:37:41Z" user="Pedro Serey" uid="11372350" lat="-7.2145296" lon="-35.9093265"/>
 <node id="5257715676" visible="true" version="3" changeset="87001003" timestamp="2020-06-22T22:37:41Z" user="Pedro Serey" uid="11372350" lat="-7.2144904" lon="-35.9092942"/>
 <node id="5257715677" visible="true" version="3" changeset="87001003" timestamp="2020-06-22T22:37:41Z" user="Pedro Serey" uid="11372350" lat="-7.2144829" lon="-35.9092701"/>
 <node id="5257715678" visible="true" version="3" changeset="87001003" timestamp="2020-06-22T22:37:41Z" user="Pedro Serey" uid="11372350" lat="-7.2144752" lon="-35.9091075"/>
 <node id="5257730605" visible="true" version="2" changeset="80665677" timestamp="2020-02-07T01:35:58Z" user="PlazaBaquedano" uid="9225258" lat="-7.2135778" lon="-35.9089060"/>
 <node id="5257730606" visible="true" version="2" changeset="80665677" timestamp="2020-02-07T01:35:58Z" user="PlazaBaquedano" uid="9225258" lat="-7.2135831" lon="-35.9089932"/>
 <node id="5257730607" visible="true" version="2" changeset="80665677" timestamp="2020-02-07T01:35:58Z" user="PlazaBaquedano" uid="9225258" lat="-7.2135831" lon="-35.9091192"/>
 <node id="5257730608" visible="true" version="2" changeset="80665677" timestamp="2020-02-07T01:35:58Z" user="PlazaBaquedano" uid="9225258" lat="-7.2135964" lon="-35.9092909"/>
 <node id="5257730609" visible="true" version="2" changeset="80665677" timestamp="2020-02-07T01:35:58Z" user="PlazaBaquedano" uid="9225258" lat="-7.2136523" lon="-35.9093553"/>
 <node id="5257730610" visible="true" version="2" changeset="80665677" timestamp="2020-02-07T01:35:58Z" user="PlazaBaquedano" uid="9225258" lat="-7.2138745" lon="-35.9094827"/>
 <node id="5257730611" visible="true" version="2" changeset="80665677" timestamp="2020-02-07T01:35:58Z" user="PlazaBaquedano" uid="9225258" lat="-7.2140807" lon="-35.9095685"/>
 <node id="5257730612" visible="true" version="2" changeset="80665677" timestamp="2020-02-07T01:35:58Z" user="PlazaBaquedano" uid="9225258" lat="-7.2139876" lon="-35.9095323"/>
 <node id="5257730613" visible="true" version="2" changeset="80665677" timestamp="2020-02-07T01:35:58Z" user="PlazaBaquedano" uid="9225258" lat="-7.2136137" lon="-35.9093218"/>
 <node id="5257730614" visible="true" version="2" changeset="80665677" timestamp="2020-02-07T01:35:58Z" user="PlazaBaquedano" uid="9225258" lat="-7.2135831" lon="-35.9092359"/>
 <node id="5257730615" visible="true" version="2" changeset="80665677" timestamp="2020-02-07T01:35:58Z" user="PlazaBaquedano" uid="9225258" lat="-7.2135472" lon="-35.9088309"/>
 <node id="5257730616" visible="true" version="2" changeset="80665677" timestamp="2020-02-07T01:35:58Z" user="PlazaBaquedano" uid="9225258" lat="-7.2135658" lon="-35.9088537"/>
 <node id="5257730617" visible="true" version="3" changeset="80574648" timestamp="2020-02-05T08:10:29Z" user="PlazaBaquedano" uid="9225258" lat="-7.2119333" lon="-35.9088309"/>
 <node id="5257731421" visible="true" version="1" changeset="54237137" timestamp="2017-12-01T14:12:19Z" user="Jefferson Neves" uid="5207316" lat="-7.2144744" lon="-35.9097030"/>
 <node id="5257731422" visible="true" version="1" changeset="54237137" timestamp="2017-12-01T14:12:19Z" user="Jefferson Neves" uid="5207316" lat="-7.2144347" lon="-35.9096977"/>
 <node id="5257731423" visible="true" version="1" changeset="54237137" timestamp="2017-12-01T14:12:19Z" user="Jefferson Neves" uid="5207316" lat="-7.2144081" lon="-35.9096874"/>
 <node id="5257731424" visible="true" version="1" changeset="54237137" timestamp="2017-12-01T14:12:19Z" user="Jefferson Neves" uid="5207316" lat="-7.2143149" lon="-35.9096152"/>
 <node id="5257731425" visible="true" version="1" changeset="54237137" timestamp="2017-12-01T14:12:19Z" user="Jefferson Neves" uid="5207316" lat="-7.2143601" lon="-35.9096445"/>
 <node id="5257731426" visible="true" version="1" changeset="54237137" timestamp="2017-12-01T14:12:19Z" user="Jefferson Neves" uid="5207316" lat="-7.2143409" lon="-35.9096273"/>
 <node id="5264860027" visible="true" version="4" changeset="70121587" timestamp="2019-05-10T19:07:27Z" user="Matias_Daniel" uid="7142955" lat="-7.2174372" lon="-35.9093044"/>
 <node id="5264860033" visible="true" version="5" changeset="89569671" timestamp="2020-08-18T10:52:33Z" user="DnieperBasin" uid="10652829" lat="-7.2168462" lon="-35.9106820"/>
 <node id="5264860034" visible="true" version="6" changeset="88726216" timestamp="2020-07-30T10:20:10Z" user="DnieperBasin" uid="10652829" lat="-7.2163563" lon="-35.9106323"/>
 <node id="5264860035" visible="true" version="5" changeset="70121587" timestamp="2019-05-10T19:07:24Z" user="Matias_Daniel" uid="7142955" lat="-7.2163391" lon="-35.9107641"/>
 <node id="5264860036" visible="true" version="5" changeset="89569671" timestamp="2020-08-18T10:52:33Z" user="DnieperBasin" uid="10652829" lat="-7.2168241" lon="-35.9108479"/>
 <node id="5264860038" visible="true" version="4" changeset="70121587" timestamp="2019-05-10T19:07:24Z" user="Matias_Daniel" uid="7142955" lat="-7.2164226" lon="-35.9112174"/>
 <node id="5264860039" visible="true" version="4" changeset="70121587" timestamp="2019-05-10T19:07:24Z" user="Matias_Daniel" uid="7142955" lat="-7.2164803" lon="-35.9107949"/>
 <node id="5264860040" visible="true" version="1" changeset="54349332" timestamp="2017-12-05T00:29:25Z" user="Matias_Daniel" uid="7142955" lat="-7.2159525" lon="-35.9105741"/>
 <node id="5264860041" visible="true" version="1" changeset="54349332" timestamp="2017-12-05T00:29:25Z" user="Matias_Daniel" uid="7142955" lat="-7.2159325" lon="-35.9106894"/>
 <node id="5264860045" visible="true" version="4" changeset="70121587" timestamp="2019-05-10T19:07:24Z" user="Matias_Daniel" uid="7142955" lat="-7.2160208" lon="-35.9109059"/>
 <node id="5264860046" visible="true" version="2" changeset="88726216" timestamp="2020-07-30T10:20:10Z" user="DnieperBasin" uid="10652829" lat="-7.2160153" lon="-35.9109143"/>
 <node id="5264860047" visible="true" version="1" changeset="54349332" timestamp="2017-12-05T00:29:25Z" user="Matias_Daniel" uid="7142955" lat="-7.2161161" lon="-35.9109228"/>
 <node id="5264860048" visible="true" version="1" changeset="54349332" timestamp="2017-12-05T00:29:25Z" user="Matias_Daniel" uid="7142955" lat="-7.2161294" lon="-35.9108208"/>
 <node id="5264860049" visible="true" version="2" changeset="88726216" timestamp="2020-07-30T10:20:10Z" user="DnieperBasin" uid="10652829" lat="-7.2160399" lon="-35.9108078"/>
 <node id="5264860050" visible="true" version="1" changeset="54349332" timestamp="2017-12-05T00:29:25Z" user="Matias_Daniel" uid="7142955" lat="-7.2164714" lon="-35.9086784"/>
 <node id="5264860051" visible="true" version="2" changeset="55773353" timestamp="2018-01-26T14:17:51Z" user="Matias_Daniel" uid="7142955" lat="-7.2164744" lon="-35.9095294"/>
 <node id="5264860052" visible="true" version="4" changeset="88726216" timestamp="2020-07-30T10:20:10Z" user="DnieperBasin" uid="10652829" lat="-7.2164820" lon="-35.9096644"/>
 <node id="5264860053" visible="true" version="4" changeset="88726216" timestamp="2020-07-30T10:20:10Z" user="DnieperBasin" uid="10652829" lat="-7.2164868" lon="-35.9095719"/>
 <node id="5264860054" visible="true" version="3" changeset="70121587" timestamp="2019-05-10T19:07:25Z" user="Matias_Daniel" uid="7142955" lat="-7.2166506" lon="-35.9095775"/>
 <node id="5264860055" visible="true" version="2" changeset="70121587" timestamp="2019-05-10T19:07:25Z" user="Matias_Daniel" uid="7142955" lat="-7.2166522" lon="-35.9096764"/>
 <node id="5264860056" visible="true" version="2" changeset="89569671" timestamp="2020-08-18T10:52:33Z" user="DnieperBasin" uid="10652829" lat="-7.2168561" lon="-35.9096999"/>
 <node id="5264860057" visible="true" version="2" changeset="89569671" timestamp="2020-08-18T10:52:33Z" user="DnieperBasin" uid="10652829" lat="-7.2171129" lon="-35.9097040"/>
 <node id="5264860058" visible="true" version="2" changeset="89569671" timestamp="2020-08-18T10:52:33Z" user="DnieperBasin" uid="10652829" lat="-7.2171142" lon="-35.9090535"/>
 <node id="5264860059" visible="true" version="2" changeset="89569671" timestamp="2020-08-18T10:52:33Z" user="DnieperBasin" uid="10652829" lat="-7.2170637" lon="-35.9088537"/>
 <node id="5264860060" visible="true" version="2" changeset="89569671" timestamp="2020-08-18T10:52:33Z" user="DnieperBasin" uid="10652829" lat="-7.2169838" lon="-35.9087089"/>
 <node id="5264860061" visible="true" version="2" changeset="89569671" timestamp="2020-08-18T10:52:33Z" user="DnieperBasin" uid="10652829" lat="-7.2169306" lon="-35.9086807"/>
 <node id="5264860062" visible="true" version="2" changeset="89569671" timestamp="2020-08-18T10:52:33Z" user="DnieperBasin" uid="10652829" lat="-7.2168388" lon="-35.9086700"/>
 <node id="5264860063" visible="true" version="1" changeset="54349332" timestamp="2017-12-05T00:29:25Z" user="Matias_Daniel" uid="7142955" lat="-7.2159631" lon="-35.9102495"/>
 <node id="5264860064" visible="true" version="1" changeset="54349332" timestamp="2017-12-05T00:29:25Z" user="Matias_Daniel" uid="7142955" lat="-7.2163902" lon="-35.9103152"/>
 <node id="5264926664" visible="true" version="2" changeset="55760695" timestamp="2018-01-26T05:11:59Z" user="Matias_Daniel" uid="7142955" lat="-7.2164350" lon="-35.9106213"/>
 <node id="5264926665" visible="true" version="4" changeset="70121587" timestamp="2019-05-10T19:07:24Z" user="Matias_Daniel" uid="7142955" lat="-7.2163968" lon="-35.9103207"/>
 <node id="5264926666" visible="true" version="2" changeset="55773353" timestamp="2018-01-26T14:17:51Z" user="Matias_Daniel" uid="7142955" lat="-7.2164400" lon="-35.9099155"/>
 <node id="5264926667" visible="true" version="2" changeset="55773353" timestamp="2018-01-26T14:17:51Z" user="Matias_Daniel" uid="7142955" lat="-7.2164573" lon="-35.9097670"/>
 <node id="5264926668" visible="true" version="3" changeset="88726216" timestamp="2020-07-30T10:20:10Z" user="DnieperBasin" uid="10652829" lat="-7.2165704" lon="-35.9097196"/>
 <node id="5264926669" visible="true" version="2" changeset="55760695" timestamp="2018-01-26T05:12:00Z" user="Matias_Daniel" uid="7142955" lat="-7.2165255" lon="-35.9100144"/>
 <node id="5264926670" visible="true" version="2" changeset="87001003" timestamp="2020-06-22T22:37:41Z" user="Pedro Serey" uid="11372350" lat="-7.2166030" lon="-35.9077930"/>
 <node id="5264926671" visible="true" version="2" changeset="87001003" timestamp="2020-06-22T22:37:41Z" user="Pedro Serey" uid="11372350" lat="-7.2164899" lon="-35.9073652"/>
 <node id="5264926672" visible="true" version="2" changeset="87001003" timestamp="2020-06-22T22:37:41Z" user="Pedro Serey" uid="11372350" lat="-7.2160801" lon="-35.9074913"/>
 <node id="5264926673" visible="true" version="2" changeset="87001003" timestamp="2020-06-22T22:37:41Z" user="Pedro Serey" uid="11372350" lat="-7.2162038" lon="-35.9079231"/>
 <node id="5264926674" visible="true" version="4" changeset="88726216" timestamp="2020-07-30T10:20:10Z" user="DnieperBasin" uid="10652829" lat="-7.2163742" lon="-35.9116382"/>
 <node id="5264926675" visible="true" version="5" changeset="72904355" timestamp="2019-08-01T15:19:49Z" user="mr_et" uid="9565107" lat="-7.2164061" lon="-35.9112259"/>
 <node id="5264926677" visible="true" version="4" changeset="70121587" timestamp="2019-05-10T19:07:24Z" user="Matias_Daniel" uid="7142955" lat="-7.2162521" lon="-35.9112859"/>
 <node id="5264926678" visible="true" version="4" changeset="70121587" timestamp="2019-05-10T19:07:24Z" user="Matias_Daniel" uid="7142955" lat="-7.2162407" lon="-35.9113700"/>
 <node id="5264926680" visible="true" version="4" changeset="70121587" timestamp="2019-05-10T19:07:24Z" user="Matias_Daniel" uid="7142955" lat="-7.2161915" lon="-35.9109290"/>
 <node id="5264926681" visible="true" version="4" changeset="70121587" timestamp="2019-05-10T19:07:24Z" user="Matias_Daniel" uid="7142955" lat="-7.2161598" lon="-35.9111667"/>
 <node id="5264926682" visible="true" version="4" changeset="70121587" timestamp="2019-05-10T19:07:24Z" user="Matias_Daniel" uid="7142955" lat="-7.2162832" lon="-35.9111835"/>
 <node id="5264926683" visible="true" version="4" changeset="70121587" timestamp="2019-05-10T19:07:24Z" user="Matias_Daniel" uid="7142955" lat="-7.2167212" lon="-35.9108359"/>
 <node id="5264926684" visible="true" version="4" changeset="70121587" timestamp="2019-05-10T19:07:24Z" user="Matias_Daniel" uid="7142955" lat="-7.2166765" lon="-35.9111627"/>
 <node id="5264926685" visible="true" version="4" changeset="70121587" timestamp="2019-05-10T19:07:24Z" user="Matias_Daniel" uid="7142955" lat="-7.2165611" lon="-35.9111467"/>
 <node id="5264926686" visible="true" version="4" changeset="70121587" timestamp="2019-05-10T19:07:24Z" user="Matias_Daniel" uid="7142955" lat="-7.2166068" lon="-35.9108125"/>
 <node id="5264926687" visible="true" version="4" changeset="70121587" timestamp="2019-05-10T19:07:24Z" user="Matias_Daniel" uid="7142955" lat="-7.2160879" lon="-35.9112634"/>
 <node id="5264926688" visible="true" version="4" changeset="70121587" timestamp="2019-05-10T19:07:24Z" user="Matias_Daniel" uid="7142955" lat="-7.2160840" lon="-35.9112931"/>
 <node id="5264926689" visible="true" version="4" changeset="70121587" timestamp="2019-05-10T19:07:24Z" user="Matias_Daniel" uid="7142955" lat="-7.2159711" lon="-35.9112778"/>
 <node id="5264926690" visible="true" version="2" changeset="87001003" timestamp="2020-06-22T22:37:41Z" user="Pedro Serey" uid="11372350" lat="-7.2160638" lon="-35.9086716"/>
 <node id="5264926691" visible="true" version="3" changeset="89569671" timestamp="2020-08-18T10:52:33Z" user="DnieperBasin" uid="10652829" lat="-7.2160567" lon="-35.9095860"/>
 <node id="5264926692" visible="true" version="2" changeset="87001003" timestamp="2020-06-22T22:37:41Z" user="Pedro Serey" uid="11372350" lat="-7.2156155" lon="-35.9095973"/>
 <node id="5264926693" visible="true" version="2" changeset="87001003" timestamp="2020-06-22T22:37:41Z" user="Pedro Serey" uid="11372350" lat="-7.2160645" lon="-35.9091350"/>
 <node id="5264926694" visible="true" version="2" changeset="87001003" timestamp="2020-06-22T22:37:41Z" user="Pedro Serey" uid="11372350" lat="-7.2156248" lon="-35.9091408"/>
 <node id="5264926695" visible="true" version="2" changeset="55773353" timestamp="2018-01-26T14:17:52Z" user="Matias_Daniel" uid="7142955" lat="-7.2143842" lon="-35.9088637"/>
 <node id="5264926696" visible="true" version="2" changeset="55773353" timestamp="2018-01-26T14:17:52Z" user="Matias_Daniel" uid="7142955" lat="-7.2143824" lon="-35.9087224"/>
 <node id="5264926697" visible="true" version="2" changeset="55773353" timestamp="2018-01-26T14:17:52Z" user="Matias_Daniel" uid="7142955" lat="-7.2147010" lon="-35.9087083"/>
 <node id="5264926698" visible="true" version="1" changeset="54350407" timestamp="2017-12-05T01:26:53Z" user="Matias_Daniel" uid="7142955" lat="-7.2147666" lon="-35.9087392"/>
 <node id="5264926699" visible="true" version="1" changeset="54350407" timestamp="2017-12-05T01:26:53Z" user="Matias_Daniel" uid="7142955" lat="-7.2147634" lon="-35.9087600"/>
 <node id="5264926700" visible="true" version="4" changeset="55773353" timestamp="2018-01-26T14:17:52Z" user="Matias_Daniel" uid="7142955" lat="-7.2143462" lon="-35.9086914"/>
 <node id="5264926701" visible="true" version="4" changeset="55773353" timestamp="2018-01-26T14:17:52Z" user="Matias_Daniel" uid="7142955" lat="-7.2143460" lon="-35.9085235"/>
 <node id="5264926702" visible="true" version="3" changeset="55509710" timestamp="2018-01-17T02:21:45Z" user="rafaelbcg" uid="7157340" lat="-7.2139289" lon="-35.9085127"/>
 <node id="5264926703" visible="true" version="5" changeset="87001003" timestamp="2020-06-22T22:37:41Z" user="Pedro Serey" uid="11372350" lat="-7.2139429" lon="-35.9087449"/>
 <node id="5264926704" visible="true" version="1" changeset="54350407" timestamp="2017-12-05T01:26:53Z" user="Matias_Daniel" uid="7142955" lat="-7.2142872" lon="-35.9079259"/>
 <node id="5264926705" visible="true" version="1" changeset="54350407" timestamp="2017-12-05T01:26:53Z" user="Matias_Daniel" uid="7142955" lat="-7.2141669" lon="-35.9077153"/>
 <node id="5264926706" visible="true" version="1" changeset="54350407" timestamp="2017-12-05T01:26:53Z" user="Matias_Daniel" uid="7142955" lat="-7.2140878" lon="-35.9077153"/>
 <node id="5264926707" visible="true" version="1" changeset="54350407" timestamp="2017-12-05T01:26:53Z" user="Matias_Daniel" uid="7142955" lat="-7.2140878" lon="-35.9079307"/>
 <node id="5264926708" visible="true" version="2" changeset="87001003" timestamp="2020-06-22T22:37:41Z" user="Pedro Serey" uid="11372350" lat="-7.2140703" lon="-35.9077082"/>
 <node id="5264926709" visible="true" version="2" changeset="87001003" timestamp="2020-06-22T22:37:41Z" user="Pedro Serey" uid="11372350" lat="-7.2139534" lon="-35.9079200"/>
 <node id="5264926710" visible="true" version="2" changeset="87001003" timestamp="2020-06-22T22:37:41Z" user="Pedro Serey" uid="11372350" lat="-7.2140712" lon="-35.9079195"/>
 <node id="5264926711" visible="true" version="2" changeset="87001003" timestamp="2020-06-22T22:37:41Z" user="Pedro Serey" uid="11372350" lat="-7.2139524" lon="-35.9077087"/>
 <node id="5264926712" visible="true" version="2" changeset="87001003" timestamp="2020-06-22T22:37:41Z" user="Pedro Serey" uid="11372350" lat="-7.2140981" lon="-35.9070047"/>
 <node id="5264926713" visible="true" version="2" changeset="87001003" timestamp="2020-06-22T22:37:41Z" user="Pedro Serey" uid="11372350" lat="-7.2133045" lon="-35.9070183"/>
 <node id="5264926714" visible="true" version="2" changeset="87001003" timestamp="2020-06-22T22:37:41Z" user="Pedro Serey" uid="11372350" lat="-7.2139069" lon="-35.9070079"/>
 <node id="5264926716" visible="true" version="1" changeset="54350407" timestamp="2017-12-05T01:26:53Z" user="Matias_Daniel" uid="7142955" lat="-7.2140485" lon="-35.9076564"/>
 <node id="5264926717" visible="true" version="1" changeset="54350407" timestamp="2017-12-05T01:26:53Z" user="Matias_Daniel" uid="7142955" lat="-7.2139860" lon="-35.9076569"/>
 <node id="5264926718" visible="true" version="1" changeset="54350407" timestamp="2017-12-05T01:26:53Z" user="Matias_Daniel" uid="7142955" lat="-7.2139857" lon="-35.9076234"/>
 <node id="5264926719" visible="true" version="1" changeset="54350407" timestamp="2017-12-05T01:26:53Z" user="Matias_Daniel" uid="7142955" lat="-7.2140482" lon="-35.9076229"/>
 <node id="5264926720" visible="true" version="1" changeset="54350407" timestamp="2017-12-05T01:26:53Z" user="Matias_Daniel" uid="7142955" lat="-7.2139368" lon="-35.9076570"/>
 <node id="5264927421" visible="true" version="1" changeset="54350407" timestamp="2017-12-05T01:26:53Z" user="Matias_Daniel" uid="7142955" lat="-7.2139368" lon="-35.9076236"/>
 <node id="5264927423" visible="true" version="2" changeset="54418304" timestamp="2017-12-07T01:05:28Z" user="Matias_Daniel" uid="7142955" lat="-7.2128696" lon="-35.9060502"/>
 <node id="5264927424" visible="true" version="2" changeset="54418304" timestamp="2017-12-07T01:05:28Z" user="Matias_Daniel" uid="7142955" lat="-7.2128823" lon="-35.9069178"/>
 <node id="5264927425" visible="true" version="2" changeset="54418304" timestamp="2017-12-07T01:05:28Z" user="Matias_Daniel" uid="7142955" lat="-7.2133680" lon="-35.9069146"/>
 <node id="5264927426" visible="true" version="2" changeset="54418304" timestamp="2017-12-07T01:05:28Z" user="Matias_Daniel" uid="7142955" lat="-7.2128740" lon="-35.9063501"/>
 <node id="5264927427" visible="true" version="1" changeset="54350407" timestamp="2017-12-05T01:26:53Z" user="Matias_Daniel" uid="7142955" lat="-7.2131528" lon="-35.9063437"/>
 <node id="5264927428" visible="true" version="2" changeset="54418304" timestamp="2017-12-07T01:05:28Z" user="Matias_Daniel" uid="7142955" lat="-7.2131655" lon="-35.9069160"/>
 <node id="5264927429" visible="true" version="2" changeset="54418304" timestamp="2017-12-07T01:05:28Z" user="Matias_Daniel" uid="7142955" lat="-7.2128745" lon="-35.9063803"/>
 <node id="5264927430" visible="true" version="2" changeset="54418304" timestamp="2017-12-07T01:05:28Z" user="Matias_Daniel" uid="7142955" lat="-7.2126110" lon="-35.9063818"/>
 <node id="5264927431" visible="true" version="2" changeset="54418304" timestamp="2017-12-07T01:05:28Z" user="Matias_Daniel" uid="7142955" lat="-7.2126023" lon="-35.9060167"/>
 <node id="5264927439" visible="true" version="2" changeset="87001003" timestamp="2020-06-22T22:37:41Z" user="Pedro Serey" uid="11372350" lat="-7.2144960" lon="-35.9096482"/>
 <node id="5264927440" visible="true" version="2" changeset="87001003" timestamp="2020-06-22T22:37:41Z" user="Pedro Serey" uid="11372350" lat="-7.2146637" lon="-35.9096674"/>
 <node id="5264927441" visible="true" version="3" changeset="87001003" timestamp="2020-06-22T22:37:41Z" user="Pedro Serey" uid="11372350" lat="-7.2153768" lon="-35.9096769"/>
 <node id="5264927442" visible="true" version="2" changeset="55873220" timestamp="2018-01-29T21:14:16Z" user="Matias_Daniel" uid="7142955" lat="-7.2152164" lon="-35.9086802"/>
 <node id="5264927443" visible="true" version="3" changeset="87001003" timestamp="2020-06-22T22:37:41Z" user="Pedro Serey" uid="11372350" lat="-7.2153818" lon="-35.9088559"/>
 <node id="5264927444" visible="true" version="2" changeset="87001003" timestamp="2020-06-22T22:37:41Z" user="Pedro Serey" uid="11372350" lat="-7.2140907" lon="-35.9082149"/>
 <node id="5264927445" visible="true" version="1" changeset="54350407" timestamp="2017-12-05T01:26:53Z" user="Matias_Daniel" uid="7142955" lat="-7.2135021" lon="-35.9082215"/>
 <node id="5264927446" visible="true" version="1" changeset="54350407" timestamp="2017-12-05T01:26:53Z" user="Matias_Daniel" uid="7142955" lat="-7.2135107" lon="-35.9087471"/>
 <node id="5264927447" visible="true" version="2" changeset="87001003" timestamp="2020-06-22T22:37:41Z" user="Pedro Serey" uid="11372350" lat="-7.2119880" lon="-35.9087892"/>
 <node id="5264927448" visible="true" version="2" changeset="80575058" timestamp="2020-02-05T08:19:05Z" user="PlazaBaquedano" uid="9225258" lat="-7.2118497" lon="-35.9087390"/>
 <node id="5264927455" visible="true" version="2" changeset="87001003" timestamp="2020-06-22T22:37:41Z" user="Pedro Serey" uid="11372350" lat="-7.2130038" lon="-35.9083283"/>
 <node id="5264927456" visible="true" version="2" changeset="87001003" timestamp="2020-06-22T22:37:41Z" user="Pedro Serey" uid="11372350" lat="-7.2134715" lon="-35.9083170"/>
 <node id="5264927457" visible="true" version="2" changeset="87001003" timestamp="2020-06-22T22:37:41Z" user="Pedro Serey" uid="11372350" lat="-7.2134760" lon="-35.9076810"/>
 <node id="5264927458" visible="true" version="2" changeset="87001003" timestamp="2020-06-22T22:37:41Z" user="Pedro Serey" uid="11372350" lat="-7.2133216" lon="-35.9076810"/>
 <node id="5264927459" visible="true" version="2" changeset="87001003" timestamp="2020-06-22T22:37:41Z" user="Pedro Serey" uid="11372350" lat="-7.2133216" lon="-35.9073810"/>
 <node id="5264927460" visible="true" version="2" changeset="87001003" timestamp="2020-06-22T22:37:41Z" user="Pedro Serey" uid="11372350" lat="-7.2129389" lon="-35.9073787"/>
 <node id="5264927461" visible="true" version="2" changeset="87001003" timestamp="2020-06-22T22:37:41Z" user="Pedro Serey" uid="11372350" lat="-7.2129412" lon="-35.9074712"/>
 <node id="5264927462" visible="true" version="2" changeset="87001003" timestamp="2020-06-22T22:37:41Z" user="Pedro Serey" uid="11372350" lat="-7.2128673" lon="-35.9074734"/>
 <node id="5264927463" visible="true" version="2" changeset="87001003" timestamp="2020-06-22T22:37:41Z" user="Pedro Serey" uid="11372350" lat="-7.2128606" lon="-35.9076810"/>
 <node id="5264927464" visible="true" version="2" changeset="87001003" timestamp="2020-06-22T22:37:41Z" user="Pedro Serey" uid="11372350" lat="-7.2129926" lon="-35.9076810"/>
 <node id="5265006587" visible="true" version="1" changeset="54351519" timestamp="2017-12-05T02:43:09Z" user="Matias_Daniel" uid="7142955" lat="-7.2150572" lon="-35.9082571"/>
 <node id="5265006588" visible="true" version="1" changeset="54351519" timestamp="2017-12-05T02:43:09Z" user="Matias_Daniel" uid="7142955" lat="-7.2150575" lon="-35.9082282"/>
 <node id="5265006589" visible="true" version="1" changeset="54351519" timestamp="2017-12-05T02:43:09Z" user="Matias_Daniel" uid="7142955" lat="-7.2151015" lon="-35.9081582"/>
 <node id="5265006590" visible="true" version="1" changeset="54351519" timestamp="2017-12-05T02:43:09Z" user="Matias_Daniel" uid="7142955" lat="-7.2155255" lon="-35.9080785"/>
 <node id="5265006591" visible="true" version="1" changeset="54351519" timestamp="2017-12-05T02:43:09Z" user="Matias_Daniel" uid="7142955" lat="-7.2156806" lon="-35.9079892"/>
 <node id="5265006592" visible="true" version="2" changeset="189421606" timestamp="2026-09-22T21:44:18Z" user="Levisq" uid="24582906" lat="-7.2157604" lon="-35.9079346"/>
 <node id="5265006593" visible="true" version="1" changeset="54351519" timestamp="2017-12-05T02:43:09Z" user="Matias_Daniel" uid="7142955" lat="-7.2157407" lon="-35.9075809"/>
 <node id="5265006594" visible="true" version="1" changeset="54351519" timestamp="2017-12-05T02:43:09Z" user="Matias_Daniel" uid="7142955" lat="-7.2153736" lon="-35.9061136"/>
 <node id="5265006595" visible="true" version="1" changeset="54351519" timestamp="2017-12-05T02:43:09Z" user="Matias_Daniel" uid="7142955" lat="-7.2150586" lon="-35.9083244"/>
 <node id="5265006596" visible="true" version="1" changeset="54351519" timestamp="2017-12-05T02:43:09Z" user="Matias_Daniel" uid="7142955" lat="-7.2150776" lon="-35.9081843"/>
 <node id="5265006597" visible="true" version="1" changeset="54351519" timestamp="2017-12-05T02:43:09Z" user="Matias_Daniel" uid="7142955" lat="-7.2144493" lon="-35.9081516"/>
 <node id="5265006598" visible="true" version="1" changeset="54351519" timestamp="2017-12-05T02:43:09Z" user="Matias_Daniel" uid="7142955" lat="-7.2148857" lon="-35.9081302"/>
 <node id="5265006599" visible="true" version="2" changeset="189421606" timestamp="2026-09-22T21:44:18Z" user="Levisq" uid="24582906" lat="-7.2148980" lon="-35.9080350"/>
 <node id="5265006600" visible="true" version="2" changeset="189421606" timestamp="2026-09-22T21:44:18Z" user="Levisq" uid="24582906" lat="-7.2149484" lon="-35.9078950"/>
 <node id="5265006601" visible="true" version="2" changeset="189421606" timestamp="2026-09-22T21:44:18Z" user="Levisq" uid="24582906" lat="-7.2150031" lon="-35.9077688"/>
 <node id="5265006602" visible="true" version="2" changeset="189421606" timestamp="2026-09-22T21:44:18Z" user="Levisq" uid="24582906" lat="-7.2149496" lon="-35.9076575"/>
 <node id="5265006603" visible="true" version="2" changeset="189421606" timestamp="2026-09-22T21:44:18Z" user="Levisq" uid="24582906" lat="-7.2151920" lon="-35.9077078"/>
 <node id="5265006604" visible="true" version="2" changeset="189421606" timestamp="2026-09-22T21:44:18Z" user="Levisq" uid="24582906" lat="-7.2152498" lon="-35.9075718"/>
 <node id="5265006605" visible="true" version="2" changeset="189421606" timestamp="2026-09-22T21:44:18Z" user="Levisq" uid="24582906" lat="-7.2150076" lon="-35.9072142"/>
 <node id="5265006610" visible="true" version="1" changeset="54351519" timestamp="2017-12-05T02:43:09Z" user="Matias_Daniel" uid="7142955" lat="-7.2149921" lon="-35.9072075"/>
 <node id="5265006611" visible="true" version="1" changeset="54351519" timestamp="2017-12-05T02:43:09Z" user="Matias_Daniel" uid="7142955" lat="-7.2148271" lon="-35.9072075"/>
 <node id="5265006612" visible="true" version="1" changeset="54351519" timestamp="2017-12-05T02:43:09Z" user="Matias_Daniel" uid="7142955" lat="-7.2147526" lon="-35.9075508"/>
 <node id="5265006613" visible="true" version="1" changeset="54351519" timestamp="2017-12-05T02:43:09Z" user="Matias_Daniel" uid="7142955" lat="-7.2144546" lon="-35.9076796"/>
 <node id="5265006614" visible="true" version="1" changeset="54351519" timestamp="2017-12-05T02:43:09Z" user="Matias_Daniel" uid="7142955" lat="-7.2143269" lon="-35.9077010"/>
 <node id="5265006615" visible="true" version="1" changeset="54351519" timestamp="2017-12-05T02:43:09Z" user="Matias_Daniel" uid="7142955" lat="-7.2144280" lon="-35.9078459"/>
 <node id="5265057932" visible="true" version="4" changeset="80623075" timestamp="2020-02-06T06:36:25Z" user="PlazaBaquedano" uid="9225258" lat="-7.2180469" lon="-35.9126812"/>
 <node id="5266954666" visible="true" version="1" changeset="54385525" timestamp="2017-12-05T23:43:40Z" user="Matias_Daniel" uid="7142955" lat="-7.2166799" lon="-35.9077912"/>
 <node id="5266954667" visible="true" version="1" changeset="54385525" timestamp="2017-12-05T23:43:40Z" user="Matias_Daniel" uid="7142955" lat="-7.2166955" lon="-35.9079784"/>
 <node id="5266954668" visible="true" version="1" changeset="54385525" timestamp="2017-12-05T23:43:40Z" user="Matias_Daniel" uid="7142955" lat="-7.2164405" lon="-35.9079897"/>
 <node id="5266954669" visible="true" version="1" changeset="54385525" timestamp="2017-12-05T23:43:40Z" user="Matias_Daniel" uid="7142955" lat="-7.2163711" lon="-35.9079446"/>
 <node id="5266954670" visible="true" version="1" changeset="54385525" timestamp="2017-12-05T23:43:40Z" user="Matias_Daniel" uid="7142955" lat="-7.2161787" lon="-35.9079942"/>
 <node id="5266954671" visible="true" version="1" changeset="54385525" timestamp="2017-12-05T23:43:40Z" user="Matias_Daniel" uid="7142955" lat="-7.2161507" lon="-35.9079852"/>
 <node id="5266954672" visible="true" version="1" changeset="54385525" timestamp="2017-12-05T23:43:40Z" user="Matias_Daniel" uid="7142955" lat="-7.2161227" lon="-35.9079647"/>
 <node id="5266954673" visible="true" version="1" changeset="54385525" timestamp="2017-12-05T23:43:40Z" user="Matias_Daniel" uid="7142955" lat="-7.2159714" lon="-35.9074979"/>
 <node id="5266954674" visible="true" version="1" changeset="54385525" timestamp="2017-12-05T23:43:40Z" user="Matias_Daniel" uid="7142955" lat="-7.2160966" lon="-35.9079358"/>
 <node id="5266954675" visible="true" version="1" changeset="54385525" timestamp="2017-12-05T23:43:40Z" user="Matias_Daniel" uid="7142955" lat="-7.2158739" lon="-35.9074621"/>
 <node id="5266954676" visible="true" version="1" changeset="54385525" timestamp="2017-12-05T23:43:40Z" user="Matias_Daniel" uid="7142955" lat="-7.2158352" lon="-35.9073458"/>
 <node id="5266954677" visible="true" version="2" changeset="89569671" timestamp="2020-08-18T10:52:33Z" user="DnieperBasin" uid="10652829" lat="-7.2159975" lon="-35.9072989"/>
 <node id="5266954678" visible="true" version="1" changeset="54385525" timestamp="2017-12-05T23:43:40Z" user="Matias_Daniel" uid="7142955" lat="-7.2160410" lon="-35.9074275"/>
 <node id="5266954679" visible="true" version="1" changeset="54385525" timestamp="2017-12-05T23:43:40Z" user="Matias_Daniel" uid="7142955" lat="-7.2160137" lon="-35.9074460"/>
 <node id="5266954680" visible="true" version="1" changeset="54385525" timestamp="2017-12-05T23:43:40Z" user="Matias_Daniel" uid="7142955" lat="-7.2161467" lon="-35.9079233"/>
 <node id="5266954681" visible="true" version="1" changeset="54385525" timestamp="2017-12-05T23:43:40Z" user="Matias_Daniel" uid="7142955" lat="-7.2161578" lon="-35.9079351"/>
 <node id="5266954682" visible="true" version="1" changeset="54385525" timestamp="2017-12-05T23:43:40Z" user="Matias_Daniel" uid="7142955" lat="-7.2161757" lon="-35.9079434"/>
 <node id="5266954683" visible="true" version="2" changeset="87001003" timestamp="2020-06-22T22:37:41Z" user="Pedro Serey" uid="11372350" lat="-7.2167581" lon="-35.9082513"/>
 <node id="5266954684" visible="true" version="2" changeset="87001003" timestamp="2020-06-22T22:37:41Z" user="Pedro Serey" uid="11372350" lat="-7.2167530" lon="-35.9080173"/>
 <node id="5266954685" visible="true" version="2" changeset="87001003" timestamp="2020-06-22T22:37:41Z" user="Pedro Serey" uid="11372350" lat="-7.2165035" lon="-35.9080228"/>
 <node id="5266954686" visible="true" version="2" changeset="87001003" timestamp="2020-06-22T22:37:41Z" user="Pedro Serey" uid="11372350" lat="-7.2165086" lon="-35.9082569"/>
 <node id="5266954687" visible="true" version="2" changeset="55773353" timestamp="2018-01-26T14:17:52Z" user="Matias_Daniel" uid="7142955" lat="-7.2145774" lon="-35.9088267"/>
 <node id="5268183997" visible="true" version="4" changeset="80623075" timestamp="2020-02-06T06:36:25Z" user="PlazaBaquedano" uid="9225258" lat="-7.2174708" lon="-35.9122132"/>
 <node id="5268935689" visible="true" version="5" changeset="87001003" timestamp="2020-06-22T22:37:41Z" user="Pedro Serey" uid="11372350" lat="-7.2166798" lon="-35.9126175"/>
 <node id="5268935690" visible="true" version="5" changeset="87001003" timestamp="2020-06-22T22:37:41Z" user="Pedro Serey" uid="11372350" lat="-7.2167556" lon="-35.9125712"/>
 <node id="5268935691" visible="true" version="5" changeset="87001003" timestamp="2020-06-22T22:37:41Z" user="Pedro Serey" uid="11372350" lat="-7.2168182" lon="-35.9124881"/>
 <node id="5268935692" visible="true" version="5" changeset="87001003" timestamp="2020-06-22T22:37:41Z" user="Pedro Serey" uid="11372350" lat="-7.2165906" lon="-35.9126530"/>
 <node id="5268935693" visible="true" version="5" changeset="87001003" timestamp="2020-06-22T22:37:41Z" user="Pedro Serey" uid="11372350" lat="-7.2167224" lon="-35.9125960"/>
 <node id="5268935694" visible="true" version="5" changeset="87001003" timestamp="2020-06-22T22:37:41Z" user="Pedro Serey" uid="11372350" lat="-7.2166306" lon="-35.9126443"/>
 <node id="5268935695" visible="true" version="1" changeset="54418304" timestamp="2017-12-07T01:05:27Z" user="Matias_Daniel" uid="7142955" lat="-7.2123304" lon="-35.9069171"/>
 <node id="5268935696" visible="true" version="1" changeset="54418304" timestamp="2017-12-07T01:05:27Z" user="Matias_Daniel" uid="7142955" lat="-7.2123147" lon="-35.9060465"/>
 <node id="5268935697" visible="true" version="1" changeset="54418304" timestamp="2017-12-07T01:05:27Z" user="Matias_Daniel" uid="7142955" lat="-7.2126214" lon="-35.9069175"/>
 <node id="5268935698" visible="true" version="1" changeset="54418304" timestamp="2017-12-07T01:05:27Z" user="Matias_Daniel" uid="7142955" lat="-7.2123060" lon="-35.9070271"/>
 <node id="5268935699" visible="true" version="1" changeset="54418304" timestamp="2017-12-07T01:05:27Z" user="Matias_Daniel" uid="7142955" lat="-7.2125686" lon="-35.9070249"/>
 <node id="5268935701" visible="true" version="2" changeset="87001003" timestamp="2020-06-22T22:37:41Z" user="Pedro Serey" uid="11372350" lat="-7.2125937" lon="-35.9077249"/>
 <node id="5268935702" visible="true" version="2" changeset="87001003" timestamp="2020-06-22T22:37:41Z" user="Pedro Serey" uid="11372350" lat="-7.2124028" lon="-35.9076635"/>
 <node id="5268935703" visible="true" version="1" changeset="54418304" timestamp="2017-12-07T01:05:27Z" user="Matias_Daniel" uid="7142955" lat="-7.2123614" lon="-35.9073573"/>
 <node id="5268935704" visible="true" version="1" changeset="54418304" timestamp="2017-12-07T01:05:27Z" user="Matias_Daniel" uid="7142955" lat="-7.2123044" lon="-35.9073573"/>
 <node id="5268935705" visible="true" version="1" changeset="54418304" timestamp="2017-12-07T01:05:27Z" user="Matias_Daniel" uid="7142955" lat="-7.2127443" lon="-35.9080462"/>
 <node id="5268935706" visible="true" version="2" changeset="58426367" timestamp="2018-04-26T00:13:21Z" user="Matias_Daniel" uid="7142955" lat="-7.2124981" lon="-35.9080505"/>
 <node id="5268935707" visible="true" version="2" changeset="58426367" timestamp="2018-04-26T00:13:21Z" user="Matias_Daniel" uid="7142955" lat="-7.2124937" lon="-35.9076635"/>
 <node id="5268935708" visible="true" version="2" changeset="58426367" timestamp="2018-04-26T00:13:21Z" user="Matias_Daniel" uid="7142955" lat="-7.2124944" lon="-35.9077255"/>
 <node id="5268935709" visible="true" version="1" changeset="54418304" timestamp="2017-12-07T01:05:27Z" user="Matias_Daniel" uid="7142955" lat="-7.2127379" lon="-35.9077241"/>
 <node id="5282977565" visible="true" version="2" changeset="113035964" timestamp="2021-10-27T12:26:43Z" user="DressyPear4" uid="3984659" lat="-7.2105417" lon="-35.9048691"/>
 <node id="5282977566" visible="true" version="1" changeset="54611271" timestamp="2017-12-14T00:22:21Z" user="Matias_Daniel" uid="7142955" lat="-7.2117841" lon="-35.9055396"/>
 <node id="5282977567" visible="true" version="1" changeset="54611271" timestamp="2017-12-14T00:22:21Z" user="Matias_Daniel" uid="7142955" lat="-7.2155074" lon="-35.9055396"/>
 <node id="5282977568" visible="true" version="1" changeset="54611271" timestamp="2017-12-14T00:22:21Z" user="Matias_Daniel" uid="7142955" lat="-7.2154537" lon="-35.9049261"/>
 <node id="5282977569" visible="true" version="1" changeset="54611271" timestamp="2017-12-14T00:22:21Z" user="Matias_Daniel" uid="7142955" lat="-7.2151136" lon="-35.9049442"/>
 <node id="5282977570" visible="true" version="1" changeset="54611271" timestamp="2017-12-14T00:22:21Z" user="Matias_Daniel" uid="7142955" lat="-7.2150241" lon="-35.9044480"/>
 <node id="5282977571" visible="true" version="1" changeset="54611271" timestamp="2017-12-14T00:22:21Z" user="Matias_Daniel" uid="7142955" lat="-7.2159550" lon="-35.9043036"/>
 <node id="5282977572" visible="true" version="1" changeset="54611271" timestamp="2017-12-14T00:22:21Z" user="Matias_Daniel" uid="7142955" lat="-7.2158744" lon="-35.9038074"/>
 <node id="5282977573" visible="true" version="1" changeset="54611271" timestamp="2017-12-14T00:22:21Z" user="Matias_Daniel" uid="7142955" lat="-7.2146750" lon="-35.9039337"/>
 <node id="5282977574" visible="true" version="1" changeset="54611271" timestamp="2017-12-14T00:22:21Z" user="Matias_Daniel" uid="7142955" lat="-7.2145945" lon="-35.9033293"/>
 <node id="5282977575" visible="true" version="1" changeset="54611271" timestamp="2017-12-14T00:22:21Z" user="Matias_Daniel" uid="7142955" lat="-7.2144960" lon="-35.9034015"/>
 <node id="5282977576" visible="true" version="1" changeset="54611271" timestamp="2017-12-14T00:22:21Z" user="Matias_Daniel" uid="7142955" lat="-7.2141738" lon="-35.9034466"/>
 <node id="5282977577" visible="true" version="1" changeset="54611271" timestamp="2017-12-14T00:22:21Z" user="Matias_Daniel" uid="7142955" lat="-7.2142007" lon="-35.9036631"/>
 <node id="5282977578" visible="true" version="1" changeset="54611271" timestamp="2017-12-14T00:22:21Z" user="Matias_Daniel" uid="7142955" lat="-7.2137800" lon="-35.9037533"/>
 <node id="5282977579" visible="true" version="1" changeset="54611271" timestamp="2017-12-14T00:22:21Z" user="Matias_Daniel" uid="7142955" lat="-7.2137353" lon="-35.9035097"/>
 <node id="5282977580" visible="true" version="1" changeset="54611271" timestamp="2017-12-14T00:22:21Z" user="Matias_Daniel" uid="7142955" lat="-7.2135473" lon="-35.9035187"/>
 <node id="5282977581" visible="true" version="1" changeset="54611271" timestamp="2017-12-14T00:22:21Z" user="Matias_Daniel" uid="7142955" lat="-7.2134399" lon="-35.9030947"/>
 <node id="5282977582" visible="true" version="1" changeset="54611271" timestamp="2017-12-14T00:22:21Z" user="Matias_Daniel" uid="7142955" lat="-7.2136189" lon="-35.9024451"/>
 <node id="5282977583" visible="true" version="1" changeset="54611271" timestamp="2017-12-14T00:22:21Z" user="Matias_Daniel" uid="7142955" lat="-7.2133593" lon="-35.9023279"/>
 <node id="5282977584" visible="true" version="1" changeset="54611271" timestamp="2017-12-14T00:22:21Z" user="Matias_Daniel" uid="7142955" lat="-7.2132788" lon="-35.9025805"/>
 <node id="5282977585" visible="true" version="1" changeset="54611271" timestamp="2017-12-14T00:22:21Z" user="Matias_Daniel" uid="7142955" lat="-7.2129297" lon="-35.9024722"/>
 <node id="5282977586" visible="true" version="1" changeset="54611271" timestamp="2017-12-14T00:22:21Z" user="Matias_Daniel" uid="7142955" lat="-7.2129924" lon="-35.9022647"/>
 <node id="5282977587" visible="true" version="1" changeset="54611271" timestamp="2017-12-14T00:22:21Z" user="Matias_Daniel" uid="7142955" lat="-7.2125538" lon="-35.9021204"/>
 <node id="5282977588" visible="true" version="1" changeset="54611271" timestamp="2017-12-14T00:22:21Z" user="Matias_Daniel" uid="7142955" lat="-7.2124106" lon="-35.9023910"/>
 <node id="5282977589" visible="true" version="1" changeset="54611271" timestamp="2017-12-14T00:22:21Z" user="Matias_Daniel" uid="7142955" lat="-7.2116408" lon="-35.9021564"/>
 <node id="5282977590" visible="true" version="1" changeset="54611271" timestamp="2017-12-14T00:22:21Z" user="Matias_Daniel" uid="7142955" lat="-7.2113007" lon="-35.9029143"/>
 <node id="5282977591" visible="true" version="1" changeset="54611271" timestamp="2017-12-14T00:22:21Z" user="Matias_Daniel" uid="7142955" lat="-7.2110859" lon="-35.9030225"/>
 <node id="5282977592" visible="true" version="1" changeset="54611271" timestamp="2017-12-14T00:22:21Z" user="Matias_Daniel" uid="7142955" lat="-7.2109248" lon="-35.9032300"/>
 <node id="5282977593" visible="true" version="2" changeset="113035964" timestamp="2021-10-27T12:26:43Z" user="DressyPear4" uid="3984659" lat="-7.2111849" lon="-35.9034281"/>
 <node id="5282977594" visible="true" version="2" changeset="113035964" timestamp="2021-10-27T12:26:43Z" user="DressyPear4" uid="3984659" lat="-7.2111558" lon="-35.9035587"/>
 <node id="5304084161" visible="true" version="1" changeset="54919872" timestamp="2017-12-26T03:37:25Z" user="jfelintonetto" uid="7357230" lat="-7.2135155" lon="-35.9084808"/>
 <node id="5304084162" visible="true" version="1" changeset="54919872" timestamp="2017-12-26T03:37:25Z" user="jfelintonetto" uid="7357230" lat="-7.2135129" lon="-35.9082339"/>
 <node id="5304084163" visible="true" version="1" changeset="54919872" timestamp="2017-12-26T03:37:25Z" user="jfelintonetto" uid="7357230" lat="-7.2136727" lon="-35.9082286"/>
 <node id="5304084164" visible="true" version="1" changeset="54919872" timestamp="2017-12-26T03:37:25Z" user="jfelintonetto" uid="7357230" lat="-7.2136762" lon="-35.9084799"/>
 <node id="5304084165" visible="true" version="1" changeset="54919872" timestamp="2017-12-26T03:37:25Z" user="jfelintonetto" uid="7357230" lat="-7.2135159" lon="-35.9082052"/>
 <node id="5304084166" visible="true" version="1" changeset="54919872" timestamp="2017-12-26T03:37:25Z" user="jfelintonetto" uid="7357230" lat="-7.2135159" lon="-35.9076938"/>
 <node id="5304084167" visible="true" version="1" changeset="54919872" timestamp="2017-12-26T03:37:25Z" user="jfelintonetto" uid="7357230" lat="-7.2137047" lon="-35.9076915"/>
 <node id="5304084168" visible="true" version="1" changeset="54919872" timestamp="2017-12-26T03:37:25Z" user="jfelintonetto" uid="7357230" lat="-7.2137128" lon="-35.9082040"/>
 <node id="5304084169" visible="true" version="1" changeset="54919872" timestamp="2017-12-26T03:37:25Z" user="jfelintonetto" uid="7357230" lat="-7.2135258" lon="-35.9086998"/>
 <node id="5304084170" visible="true" version="1" changeset="54919872" timestamp="2017-12-26T03:37:25Z" user="jfelintonetto" uid="7357230" lat="-7.2135098" lon="-35.9085011"/>
 <node id="5304084171" visible="true" version="1" changeset="54919872" timestamp="2017-12-26T03:37:25Z" user="jfelintonetto" uid="7357230" lat="-7.2136786" lon="-35.9084973"/>
 <node id="5304084172" visible="true" version="1" changeset="54919872" timestamp="2017-12-26T03:37:25Z" user="jfelintonetto" uid="7357230" lat="-7.2136748" lon="-35.9087014"/>
 <node id="5304084173" visible="true" version="2" changeset="87001003" timestamp="2020-06-22T22:37:41Z" user="Pedro Serey" uid="11372350" lat="-7.2139268" lon="-35.9084770"/>
 <node id="5304084174" visible="true" version="2" changeset="87001003" timestamp="2020-06-22T22:37:41Z" user="Pedro Serey" uid="11372350" lat="-7.2139241" lon="-35.9082356"/>
 <node id="5304084175" visible="true" version="2" changeset="87001003" timestamp="2020-06-22T22:37:41Z" user="Pedro Serey" uid="11372350" lat="-7.2140758" lon="-35.9082316"/>
 <node id="5304084176" visible="true" version="2" changeset="87001003" timestamp="2020-06-22T22:37:41Z" user="Pedro Serey" uid="11372350" lat="-7.2140772" lon="-35.9084797"/>
 <node id="5304084177" visible="true" version="2" changeset="87001003" timestamp="2020-06-22T22:37:41Z" user="Pedro Serey" uid="11372350" lat="-7.2139225" lon="-35.9082057"/>
 <node id="5304084178" visible="true" version="2" changeset="87001003" timestamp="2020-06-22T22:37:41Z" user="Pedro Serey" uid="11372350" lat="-7.2139225" lon="-35.9079455"/>
 <node id="5304084179" visible="true" version="2" changeset="87001003" timestamp="2020-06-22T22:37:41Z" user="Pedro Serey" uid="11372350" lat="-7.2140831" lon="-35.9079393"/>
 <node id="5304084180" visible="true" version="2" changeset="87001003" timestamp="2020-06-22T22:37:41Z" user="Pedro Serey" uid="11372350" lat="-7.2140840" lon="-35.9082039"/>
 <node id="5304084181" visible="true" version="1" changeset="54919872" timestamp="2017-12-26T03:37:26Z" user="jfelintonetto" uid="7357230" lat="-7.2135876" lon="-35.9093319"/>
 <node id="5304084182" visible="true" version="1" changeset="54919872" timestamp="2017-12-26T03:37:26Z" user="jfelintonetto" uid="7357230" lat="-7.2135597" lon="-35.9092890"/>
 <node id="5304084183" visible="true" version="1" changeset="54919872" timestamp="2017-12-26T03:37:26Z" user="jfelintonetto" uid="7357230" lat="-7.2135517" lon="-35.9088049"/>
 <node id="5304084184" visible="true" version="1" changeset="54919872" timestamp="2017-12-26T03:37:26Z" user="jfelintonetto" uid="7357230" lat="-7.2135251" lon="-35.9087284"/>
 <node id="5304084185" visible="true" version="1" changeset="54919872" timestamp="2017-12-26T03:37:26Z" user="jfelintonetto" uid="7357230" lat="-7.2136714" lon="-35.9087338"/>
 <node id="5304084186" visible="true" version="1" changeset="54919872" timestamp="2017-12-26T03:37:26Z" user="jfelintonetto" uid="7357230" lat="-7.2136994" lon="-35.9093882"/>
 <node id="5304084187" visible="true" version="2" changeset="87001003" timestamp="2020-06-22T22:37:41Z" user="Pedro Serey" uid="11372350" lat="-7.2147908" lon="-35.9068391"/>
 <node id="5304084188" visible="true" version="2" changeset="87001003" timestamp="2020-06-22T22:37:41Z" user="Pedro Serey" uid="11372350" lat="-7.2147772" lon="-35.9062550"/>
 <node id="5304084189" visible="true" version="2" changeset="87001003" timestamp="2020-06-22T22:37:41Z" user="Pedro Serey" uid="11372350" lat="-7.2146029" lon="-35.9062456"/>
 <node id="5304084190" visible="true" version="2" changeset="87001003" timestamp="2020-06-22T22:37:41Z" user="Pedro Serey" uid="11372350" lat="-7.2145869" lon="-35.9059693"/>
 <node id="5304084191" visible="true" version="2" changeset="87001003" timestamp="2020-06-22T22:37:41Z" user="Pedro Serey" uid="11372350" lat="-7.2146681" lon="-35.9059760"/>
 <node id="5304084192" visible="true" version="2" changeset="87001003" timestamp="2020-06-22T22:37:41Z" user="Pedro Serey" uid="11372350" lat="-7.2146734" lon="-35.9060605"/>
 <node id="5304084193" visible="true" version="2" changeset="87001003" timestamp="2020-06-22T22:37:41Z" user="Pedro Serey" uid="11372350" lat="-7.2148490" lon="-35.9060618"/>
 <node id="5304084194" visible="true" version="2" changeset="87001003" timestamp="2020-06-22T22:37:41Z" user="Pedro Serey" uid="11372350" lat="-7.2148410" lon="-35.9062335"/>
 <node id="5304084195" visible="true" version="2" changeset="87001003" timestamp="2020-06-22T22:37:41Z" user="Pedro Serey" uid="11372350" lat="-7.2149408" lon="-35.9062295"/>
 <node id="5304084196" visible="true" version="2" changeset="87001003" timestamp="2020-06-22T22:37:41Z" user="Pedro Serey" uid="11372350" lat="-7.2149648" lon="-35.9068383"/>
 <node id="5344041717" visible="true" version="3" changeset="89569671" timestamp="2020-08-18T10:52:33Z" user="DnieperBasin" uid="10652829" lat="-7.2167952" lon="-35.9118222"/>
 <node id="5344042122" visible="true" version="3" changeset="89569671" timestamp="2020-08-18T10:52:33Z" user="DnieperBasin" uid="10652829" lat="-7.2169559" lon="-35.9118627"/>
 <node id="5344042128" visible="true" version="2" changeset="55760649" timestamp="2018-01-26T05:09:12Z" user="Matias_Daniel" uid="7142955" lat="-7.2171952" lon="-35.9099252"/>
 <node id="5344042140" visible="true" version="2" changeset="55760649" timestamp="2018-01-26T05:09:12Z" user="Matias_Daniel" uid="7142955" lat="-7.2169577" lon="-35.9098907"/>
 <node id="5344042141" visible="true" version="2" changeset="55760649" timestamp="2018-01-26T05:09:12Z" user="Matias_Daniel" uid="7142955" lat="-7.2167795" lon="-35.9112640"/>
 <node id="5344042142" visible="true" version="3" changeset="89569671" timestamp="2020-08-18T10:52:33Z" user="DnieperBasin" uid="10652829" lat="-7.2167689" lon="-35.9113693"/>
 <node id="5344042446" visible="true" version="2" changeset="87001003" timestamp="2020-06-22T22:37:41Z" user="Pedro Serey" uid="11372350" lat="-7.2142075" lon="-35.9090044"/>
 <node id="5344042447" visible="true" version="3" changeset="87001003" timestamp="2020-06-22T22:37:41Z" user="Pedro Serey" uid="11372350" lat="-7.2139246" lon="-35.9089843"/>
 <node id="5344042448" visible="true" version="3" changeset="87001003" timestamp="2020-06-22T22:37:41Z" user="Pedro Serey" uid="11372350" lat="-7.2139485" lon="-35.9092385"/>
 <node id="5344042449" visible="true" version="3" changeset="87001003" timestamp="2020-06-22T22:37:41Z" user="Pedro Serey" uid="11372350" lat="-7.2142022" lon="-35.9092355"/>
 <node id="5344042450" visible="true" version="3" changeset="87001003" timestamp="2020-06-22T22:37:41Z" user="Pedro Serey" uid="11372350" lat="-7.2141965" lon="-35.9087420"/>
 <node id="5344877236" visible="true" version="3" changeset="87001003" timestamp="2020-06-22T22:37:41Z" user="Pedro Serey" uid="11372350" lat="-7.2186882" lon="-35.9131656"/>
 <node id="5344935526" visible="true" version="5" changeset="163062630" timestamp="2025-02-28T17:25:56Z" user="LakeManapouri" uid="21827456" lat="-7.2168867" lon="-35.9074227"/>
 <node id="5344935527" visible="true" version="3" changeset="163062630" timestamp="2025-02-28T17:25:56Z" user="LakeManapouri" uid="21827456" lat="-7.2168468" lon="-35.9076783"/>
 <node id="5344935529" visible="true" version="2" changeset="80668829" timestamp="2020-02-07T03:32:39Z" user="PlazaBaquedano" uid="9225258" lat="-7.2165368" lon="-35.9067522"/>
 <node id="5344995890" visible="true" version="2" changeset="80567820" timestamp="2020-02-05T05:58:10Z" user="PlazaBaquedano" uid="9225258" lat="-7.2104372" lon="-35.9105797"/>
 <node id="5344995896" visible="true" version="1" changeset="55523172" timestamp="2018-01-17T14:26:05Z" user="Matias_Daniel" uid="7142955" lat="-7.2139593" lon="-35.9106081"/>
 <node id="5344995897" visible="true" version="1" changeset="55523172" timestamp="2018-01-17T14:26:05Z" user="Matias_Daniel" uid="7142955" lat="-7.2138780" lon="-35.9105731"/>
 <node id="5345015169" visible="true" version="1" changeset="55523594" timestamp="2018-01-17T14:44:12Z" user="Matias_Daniel" uid="7142955" lat="-7.2157100" lon="-35.9129545"/>
 <node id="5345015170" visible="true" version="3" changeset="80668330" timestamp="2020-02-07T03:17:06Z" user="PlazaBaquedano" uid="9225258" lat="-7.2159281" lon="-35.9124787"/>
 <node id="5345015172" visible="true" version="2" changeset="70121587" timestamp="2019-05-10T19:07:26Z" user="Matias_Daniel" uid="7142955" lat="-7.2164373" lon="-35.9129201"/>
 <node id="5345015173" visible="true" version="3" changeset="80619948" timestamp="2020-02-06T05:29:37Z" user="PlazaBaquedano" uid="9225258" lat="-7.2163033" lon="-35.9128643"/>
 <node id="5362491083" visible="true" version="4" changeset="87001003" timestamp="2020-06-22T22:37:41Z" user="Pedro Serey" uid="11372350" lat="-7.2165282" lon="-35.9114448"/>
 <node id="5362491084" visible="true" version="4" changeset="87001003" timestamp="2020-06-22T22:37:41Z" user="Pedro Serey" uid="11372350" lat="-7.2164363" lon="-35.9114363"/>
 <node id="5362733702" visible="true" version="3" changeset="70121587" timestamp="2019-05-10T19:07:24Z" user="Matias_Daniel" uid="7142955" lat="-7.2164958" lon="-35.9106254"/>
 <node id="5362733703" visible="true" version="3" changeset="70121587" timestamp="2019-05-10T19:07:24Z" user="Matias_Daniel" uid="7142955" lat="-7.2165351" lon="-35.9103391"/>
 <node id="5362733705" visible="true" version="2" changeset="55773353" timestamp="2018-01-26T14:17:51Z" user="Matias_Daniel" uid="7142955" lat="-7.2165248" lon="-35.9099307"/>
 <node id="5362733706" visible="true" version="2" changeset="55773353" timestamp="2018-01-26T14:17:51Z" user="Matias_Daniel" uid="7142955" lat="-7.2165428" lon="-35.9097672"/>
 <node id="5362733707" visible="true" version="2" changeset="88726216" timestamp="2020-07-30T10:20:10Z" user="DnieperBasin" uid="10652829" lat="-7.2165495" lon="-35.9097194"/>
 <node id="5362734781" visible="true" version="3" changeset="87001003" timestamp="2020-06-22T22:37:41Z" user="Pedro Serey" uid="11372350" lat="-7.2168320" lon="-35.9103950"/>
 <node id="5362734782" visible="true" version="3" changeset="87001003" timestamp="2020-06-22T22:37:41Z" user="Pedro Serey" uid="11372350" lat="-7.2167964" lon="-35.9106436"/>
 <node id="5362734783" visible="true" version="3" changeset="87001003" timestamp="2020-06-22T22:37:41Z" user="Pedro Serey" uid="11372350" lat="-7.2167255" lon="-35.9106333"/>
 <node id="5363630686" visible="true" version="1" changeset="55773353" timestamp="2018-01-26T14:17:50Z" user="Matias_Daniel" uid="7142955" lat="-7.2165226" lon="-35.9099346"/>
 <node id="5363630687" visible="true" version="1" changeset="55773353" timestamp="2018-01-26T14:17:51Z" user="Matias_Daniel" uid="7142955" lat="-7.2164827" lon="-35.9101877"/>
 <node id="5363630688" visible="true" version="1" changeset="55773353" timestamp="2018-01-26T14:17:51Z" user="Matias_Daniel" uid="7142955" lat="-7.2164289" lon="-35.9101789"/>
 <node id="5363630689" visible="true" version="1" changeset="55773353" timestamp="2018-01-26T14:17:51Z" user="Matias_Daniel" uid="7142955" lat="-7.2164573" lon="-35.9100107"/>
 <node id="5363630690" visible="true" version="1" changeset="55773353" timestamp="2018-01-26T14:17:51Z" user="Matias_Daniel" uid="7142955" lat="-7.2164640" lon="-35.9099632"/>
 <node id="5363630691" visible="true" version="1" changeset="55773353" timestamp="2018-01-26T14:17:51Z" user="Matias_Daniel" uid="7142955" lat="-7.2160679" lon="-35.9098798"/>
 <node id="5363630692" visible="true" version="1" changeset="55773353" timestamp="2018-01-26T14:17:51Z" user="Matias_Daniel" uid="7142955" lat="-7.2160825" lon="-35.9097783"/>
 <node id="5363630693" visible="true" version="1" changeset="55773353" timestamp="2018-01-26T14:17:51Z" user="Matias_Daniel" uid="7142955" lat="-7.2164461" lon="-35.9097738"/>
 <node id="5363630694" visible="true" version="1" changeset="55773353" timestamp="2018-01-26T14:17:51Z" user="Matias_Daniel" uid="7142955" lat="-7.2164304" lon="-35.9099159"/>
 <node id="5363630695" visible="true" version="1" changeset="55773353" timestamp="2018-01-26T14:17:51Z" user="Matias_Daniel" uid="7142955" lat="-7.2160377" lon="-35.9098944"/>
 <node id="5363630696" visible="true" version="1" changeset="55773353" timestamp="2018-01-26T14:17:51Z" user="Matias_Daniel" uid="7142955" lat="-7.2164525" lon="-35.9099808"/>
 <node id="5363630697" visible="true" version="3" changeset="88726216" timestamp="2020-07-30T10:20:10Z" user="DnieperBasin" uid="10652829" lat="-7.2164888" lon="-35.9095655"/>
 <node id="5363630698" visible="true" version="3" changeset="88726216" timestamp="2020-07-30T10:20:10Z" user="DnieperBasin" uid="10652829" lat="-7.2164920" lon="-35.9096782"/>
 <node id="5363630699" visible="true" version="3" changeset="88726216" timestamp="2020-07-30T10:20:10Z" user="DnieperBasin" uid="10652829" lat="-7.2165057" lon="-35.9096834"/>
 <node id="5363630700" visible="true" version="3" changeset="88726216" timestamp="2020-07-30T10:20:10Z" user="DnieperBasin" uid="10652829" lat="-7.2165073" lon="-35.9095672"/>
 <node id="5363630701" visible="true" version="3" changeset="88726216" timestamp="2020-07-30T10:20:10Z" user="DnieperBasin" uid="10652829" lat="-7.2164961" lon="-35.9095634"/>
 <node id="5363630702" visible="true" version="2" changeset="70121587" timestamp="2019-05-10T19:07:25Z" user="Matias_Daniel" uid="7142955" lat="-7.2165119" lon="-35.9095739"/>
 <node id="5363630703" visible="true" version="2" changeset="87001003" timestamp="2020-06-22T22:37:41Z" user="Pedro Serey" uid="11372350" lat="-7.2141993" lon="-35.9089844"/>
 <node id="5363630704" visible="true" version="1" changeset="55773353" timestamp="2018-01-26T14:17:51Z" user="Matias_Daniel" uid="7142955" lat="-7.2139294" lon="-35.9086931"/>
 <node id="5363630705" visible="true" version="1" changeset="55773353" timestamp="2018-01-26T14:17:51Z" user="Matias_Daniel" uid="7142955" lat="-7.2141589" lon="-35.9086892"/>
 <node id="5363630706" visible="true" version="2" changeset="87001003" timestamp="2020-06-22T22:37:41Z" user="Pedro Serey" uid="11372350" lat="-7.2145121" lon="-35.9087019"/>
 <node id="5363630707" visible="true" version="3" changeset="87001003" timestamp="2020-06-22T22:37:41Z" user="Pedro Serey" uid="11372350" lat="-7.2145124" lon="-35.9084834"/>
 <node id="5371119934" visible="true" version="2" changeset="87001003" timestamp="2020-06-22T22:37:41Z" user="Pedro Serey" uid="11372350" lat="-7.2143837" lon="-35.9095200"/>
 <node id="5371119935" visible="true" version="2" changeset="87001003" timestamp="2020-06-22T22:37:41Z" user="Pedro Serey" uid="11372350" lat="-7.2145269" lon="-35.9096273"/>
 <node id="5371119936" visible="true" version="2" changeset="87001003" timestamp="2020-06-22T22:37:41Z" user="Pedro Serey" uid="11372350" lat="-7.2144781" lon="-35.9095485"/>
 <node id="5371119937" visible="true" version="2" changeset="87001003" timestamp="2020-06-22T22:37:41Z" user="Pedro Serey" uid="11372350" lat="-7.2144506" lon="-35.9089431"/>
 <node id="5371119938" visible="true" version="2" changeset="87001003" timestamp="2020-06-22T22:37:41Z" user="Pedro Serey" uid="11372350" lat="-7.2144690" lon="-35.9088930"/>
 <node id="5371119939" visible="true" version="2" changeset="87001003" timestamp="2020-06-22T22:37:41Z" user="Pedro Serey" uid="11372350" lat="-7.2146910" lon="-35.9088494"/>
 <node id="5371119940" visible="true" version="2" changeset="87001003" timestamp="2020-06-22T22:37:41Z" user="Pedro Serey" uid="11372350" lat="-7.2150015" lon="-35.9087280"/>
 <node id="5371119941" visible="true" version="2" changeset="87001003" timestamp="2020-06-22T22:37:41Z" user="Pedro Serey" uid="11372350" lat="-7.2150466" lon="-35.9086901"/>
 <node id="5371119942" visible="true" version="2" changeset="87001003" timestamp="2020-06-22T22:37:41Z" user="Pedro Serey" uid="11372350" lat="-7.2150383" lon="-35.9087808"/>
 <node id="5371119943" visible="true" version="2" changeset="87001003" timestamp="2020-06-22T22:37:41Z" user="Pedro Serey" uid="11372350" lat="-7.2149958" lon="-35.9088192"/>
 <node id="5371119944" visible="true" version="2" changeset="87001003" timestamp="2020-06-22T22:37:41Z" user="Pedro Serey" uid="11372350" lat="-7.2149667" lon="-35.9089523"/>
 <node id="5371119945" visible="true" version="2" changeset="87001003" timestamp="2020-06-22T22:37:41Z" user="Pedro Serey" uid="11372350" lat="-7.2148638" lon="-35.9089861"/>
 <node id="5371119946" visible="true" version="2" changeset="87001003" timestamp="2020-06-22T22:37:41Z" user="Pedro Serey" uid="11372350" lat="-7.2147989" lon="-35.9089883"/>
 <node id="5371119947" visible="true" version="2" changeset="87001003" timestamp="2020-06-22T22:37:41Z" user="Pedro Serey" uid="11372350" lat="-7.2147721" lon="-35.9090086"/>
 <node id="5371119948" visible="true" version="2" changeset="87001003" timestamp="2020-06-22T22:37:41Z" user="Pedro Serey" uid="11372350" lat="-7.2146557" lon="-35.9090177"/>
 <node id="5371119949" visible="true" version="2" changeset="87001003" timestamp="2020-06-22T22:37:41Z" user="Pedro Serey" uid="11372350" lat="-7.2145394" lon="-35.9090425"/>
 <node id="5371119950" visible="true" version="2" changeset="87001003" timestamp="2020-06-22T22:37:41Z" user="Pedro Serey" uid="11372350" lat="-7.2144767" lon="-35.9090786"/>
 <node id="5371119951" visible="true" version="2" changeset="87001003" timestamp="2020-06-22T22:37:41Z" user="Pedro Serey" uid="11372350" lat="-7.2144879" lon="-35.9093109"/>
 <node id="5371119952" visible="true" version="2" changeset="87001003" timestamp="2020-06-22T22:37:41Z" user="Pedro Serey" uid="11372350" lat="-7.2145304" lon="-35.9093424"/>
 <node id="5371119953" visible="true" version="2" changeset="87001003" timestamp="2020-06-22T22:37:41Z" user="Pedro Serey" uid="11372350" lat="-7.2145371" lon="-35.9093740"/>
 <node id="5371119954" visible="true" version="2" changeset="87001003" timestamp="2020-06-22T22:37:41Z" user="Pedro Serey" uid="11372350" lat="-7.2145237" lon="-35.9094124"/>
 <node id="5371119955" visible="true" version="2" changeset="87001003" timestamp="2020-06-22T22:37:41Z" user="Pedro Serey" uid="11372350" lat="-7.2145058" lon="-35.9094597"/>
 <node id="5371119956" visible="true" version="2" changeset="87001003" timestamp="2020-06-22T22:37:41Z" user="Pedro Serey" uid="11372350" lat="-7.2145024" lon="-35.9095297"/>
 <node id="5371119957" visible="true" version="2" changeset="87001003" timestamp="2020-06-22T22:37:41Z" user="Pedro Serey" uid="11372350" lat="-7.2145388" lon="-35.9096062"/>
 <node id="5371119958" visible="true" version="2" changeset="87001003" timestamp="2020-06-22T22:37:41Z" user="Pedro Serey" uid="11372350" lat="-7.2146353" lon="-35.9096054"/>
 <node id="5371119959" visible="true" version="2" changeset="87001003" timestamp="2020-06-22T22:37:41Z" user="Pedro Serey" uid="11372350" lat="-7.2147136" lon="-35.9096158"/>
 <node id="5371119960" visible="true" version="2" changeset="87001003" timestamp="2020-06-22T22:37:41Z" user="Pedro Serey" uid="11372350" lat="-7.2148900" lon="-35.9096102"/>
 <node id="5371119961" visible="true" version="2" changeset="87001003" timestamp="2020-06-22T22:37:41Z" user="Pedro Serey" uid="11372350" lat="-7.2150082" lon="-35.9096062"/>
 <node id="5371119962" visible="true" version="2" changeset="87001003" timestamp="2020-06-22T22:37:41Z" user="Pedro Serey" uid="11372350" lat="-7.2150238" lon="-35.9095927"/>
 <node id="5371119963" visible="true" version="2" changeset="87001003" timestamp="2020-06-22T22:37:41Z" user="Pedro Serey" uid="11372350" lat="-7.2150619" lon="-35.9096322"/>
 <node id="5371119964" visible="true" version="2" changeset="87001003" timestamp="2020-06-22T22:37:41Z" user="Pedro Serey" uid="11372350" lat="-7.2150753" lon="-35.9096468"/>
 <node id="5371119965" visible="true" version="2" changeset="87001003" timestamp="2020-06-22T22:37:41Z" user="Pedro Serey" uid="11372350" lat="-7.2148627" lon="-35.9096491"/>
 <node id="5371119966" visible="true" version="2" changeset="87001003" timestamp="2020-06-22T22:37:41Z" user="Pedro Serey" uid="11372350" lat="-7.2147195" lon="-35.9096491"/>
 <node id="5371119967" visible="true" version="2" changeset="87001003" timestamp="2020-06-22T22:37:41Z" user="Pedro Serey" uid="11372350" lat="-7.2145640" lon="-35.9096333"/>
 <node id="5371119968" visible="true" version="1" changeset="55872619" timestamp="2018-01-29T20:53:09Z" user="Matias_Daniel" uid="7142955" lat="-7.2147419" lon="-35.9089827"/>
 <node id="5371119969" visible="true" version="1" changeset="55872619" timestamp="2018-01-29T20:53:09Z" user="Matias_Daniel" uid="7142955" lat="-7.2147498" lon="-35.9089870"/>
 <node id="5371119970" visible="true" version="1" changeset="55872619" timestamp="2018-01-29T20:53:09Z" user="Matias_Daniel" uid="7142955" lat="-7.2147588" lon="-35.9089886"/>
 <node id="5371119971" visible="true" version="1" changeset="55872619" timestamp="2018-01-29T20:53:09Z" user="Matias_Daniel" uid="7142955" lat="-7.2147790" lon="-35.9089422"/>
 <node id="5371119972" visible="true" version="1" changeset="55872619" timestamp="2018-01-29T20:53:09Z" user="Matias_Daniel" uid="7142955" lat="-7.2147719" lon="-35.9089366"/>
 <node id="5371119973" visible="true" version="1" changeset="55872619" timestamp="2018-01-29T20:53:09Z" user="Matias_Daniel" uid="7142955" lat="-7.2147634" lon="-35.9089336"/>
 <node id="5371119974" visible="true" version="1" changeset="55872619" timestamp="2018-01-29T20:53:09Z" user="Matias_Daniel" uid="7142955" lat="-7.2147544" lon="-35.9089336"/>
 <node id="5371119975" visible="true" version="1" changeset="55872619" timestamp="2018-01-29T20:53:09Z" user="Matias_Daniel" uid="7142955" lat="-7.2147677" lon="-35.9089871"/>
 <node id="5371119976" visible="true" version="1" changeset="55872619" timestamp="2018-01-29T20:53:09Z" user="Matias_Daniel" uid="7142955" lat="-7.2147756" lon="-35.9089828"/>
 <node id="5371119977" visible="true" version="1" changeset="55872619" timestamp="2018-01-29T20:53:09Z" user="Matias_Daniel" uid="7142955" lat="-7.2147818" lon="-35.9089761"/>
 <node id="5371119978" visible="true" version="1" changeset="55872619" timestamp="2018-01-29T20:53:09Z" user="Matias_Daniel" uid="7142955" lat="-7.2147854" lon="-35.9089677"/>
 <node id="5371119979" visible="true" version="1" changeset="55872619" timestamp="2018-01-29T20:53:09Z" user="Matias_Daniel" uid="7142955" lat="-7.2147862" lon="-35.9089587"/>
 <node id="5371119980" visible="true" version="1" changeset="55872619" timestamp="2018-01-29T20:53:09Z" user="Matias_Daniel" uid="7142955" lat="-7.2147840" lon="-35.9089498"/>
 <node id="5371119981" visible="true" version="1" changeset="55872619" timestamp="2018-01-29T20:53:09Z" user="Matias_Daniel" uid="7142955" lat="-7.2147458" lon="-35.9089366"/>
 <node id="5371119982" visible="true" version="1" changeset="55872619" timestamp="2018-01-29T20:53:09Z" user="Matias_Daniel" uid="7142955" lat="-7.2147387" lon="-35.9089421"/>
 <node id="5371119983" visible="true" version="1" changeset="55872619" timestamp="2018-01-29T20:53:09Z" user="Matias_Daniel" uid="7142955" lat="-7.2147338" lon="-35.9089497"/>
 <node id="5371119984" visible="true" version="1" changeset="55872619" timestamp="2018-01-29T20:53:09Z" user="Matias_Daniel" uid="7142955" lat="-7.2147315" lon="-35.9089585"/>
 <node id="5371119985" visible="true" version="1" changeset="55872619" timestamp="2018-01-29T20:53:09Z" user="Matias_Daniel" uid="7142955" lat="-7.2147322" lon="-35.9089676"/>
 <node id="5371119986" visible="true" version="1" changeset="55872619" timestamp="2018-01-29T20:53:09Z" user="Matias_Daniel" uid="7142955" lat="-7.2147358" lon="-35.9089759"/>
 <node id="5371172019" visible="true" version="2" changeset="87062255" timestamp="2020-06-24T05:31:15Z" user="gscholz" uid="109705" lat="-7.2150916" lon="-35.9087728"/>
 <node id="5371172020" visible="true" version="2" changeset="87062255" timestamp="2020-06-24T05:31:15Z" user="gscholz" uid="109705" lat="-7.2151032" lon="-35.9087151"/>
 <node id="5371172121" visible="true" version="2" changeset="87062255" timestamp="2020-06-24T05:31:15Z" user="gscholz" uid="109705" lat="-7.2151727" lon="-35.9087574"/>
 <node id="5371172122" visible="true" version="2" changeset="87001003" timestamp="2020-06-22T22:37:41Z" user="Pedro Serey" uid="11372350" lat="-7.2153361" lon="-35.9087076"/>
 <node id="5371172123" visible="true" version="1" changeset="55873220" timestamp="2018-01-29T21:14:15Z" user="Matias_Daniel" uid="7142955" lat="-7.2153557" lon="-35.9086797"/>
 <node id="5371172124" visible="true" version="3" changeset="87001003" timestamp="2020-06-22T22:37:41Z" user="Pedro Serey" uid="11372350" lat="-7.2154073" lon="-35.9087763"/>
 <node id="5371172125" visible="true" version="1" changeset="55873220" timestamp="2018-01-29T21:14:15Z" user="Matias_Daniel" uid="7142955" lat="-7.2150138" lon="-35.9086787"/>
 <node id="5377755751" visible="true" version="1" changeset="55963178" timestamp="2018-02-01T11:40:04Z" user="jfelintonetto" uid="7357230" lat="-7.2168175" lon="-35.9095427"/>
 <node id="5377755752" visible="true" version="1" changeset="55963178" timestamp="2018-02-01T11:40:04Z" user="jfelintonetto" uid="7357230" lat="-7.2168175" lon="-35.9096598"/>
 <node id="5377755753" visible="true" version="1" changeset="55963178" timestamp="2018-02-01T11:40:04Z" user="jfelintonetto" uid="7357230" lat="-7.2166855" lon="-35.9096610"/>
 <node id="5377755754" visible="true" version="1" changeset="55963178" timestamp="2018-02-01T11:40:04Z" user="jfelintonetto" uid="7357230" lat="-7.2166878" lon="-35.9095419"/>
 <node id="5382219793" visible="true" version="3" changeset="88726216" timestamp="2020-07-30T10:20:10Z" user="DnieperBasin" uid="10652829" lat="-7.2161428" lon="-35.9096003"/>
 <node id="5382219794" visible="true" version="3" changeset="88726216" timestamp="2020-07-30T10:20:10Z" user="DnieperBasin" uid="10652829" lat="-7.2161576" lon="-35.9087779"/>
 <node id="5382219795" visible="true" version="3" changeset="88726216" timestamp="2020-07-30T10:20:10Z" user="DnieperBasin" uid="10652829" lat="-7.2162714" lon="-35.9087572"/>
 <node id="5382219796" visible="true" version="2" changeset="88726216" timestamp="2020-07-30T10:20:10Z" user="DnieperBasin" uid="10652829" lat="-7.2163352" lon="-35.9096436"/>
 <node id="5382219797" visible="true" version="3" changeset="88726216" timestamp="2020-07-30T10:20:10Z" user="DnieperBasin" uid="10652829" lat="-7.2164270" lon="-35.9087893"/>
 <node id="5382219798" visible="true" version="3" changeset="88726216" timestamp="2020-07-30T10:20:10Z" user="DnieperBasin" uid="10652829" lat="-7.2161390" lon="-35.9097161"/>
 <node id="5382219799" visible="true" version="3" changeset="88726216" timestamp="2020-07-30T10:20:10Z" user="DnieperBasin" uid="10652829" lat="-7.2164636" lon="-35.9096124"/>
 <node id="5382219800" visible="true" version="2" changeset="87001003" timestamp="2020-06-22T22:37:41Z" user="Pedro Serey" uid="11372350" lat="-7.2166304" lon="-35.9123338"/>
 <node id="5382219801" visible="true" version="4" changeset="87001003" timestamp="2020-06-22T22:37:41Z" user="Pedro Serey" uid="11372350" lat="-7.2167842" lon="-35.9125451"/>
 <node id="5399072378" visible="true" version="1" changeset="56193935" timestamp="2018-02-08T19:06:25Z" user="khaltito" uid="7432566" lat="-7.2150306" lon="-35.9084501"/>
 <node id="5399072379" visible="true" version="1" changeset="56193935" timestamp="2018-02-08T19:06:25Z" user="khaltito" uid="7432566" lat="-7.2150306" lon="-35.9082583"/>
 <node id="5399072380" visible="true" version="1" changeset="56193935" timestamp="2018-02-08T19:06:25Z" user="khaltito" uid="7432566" lat="-7.2150506" lon="-35.9081711"/>
 <node id="5399072381" visible="true" version="1" changeset="56193935" timestamp="2018-02-08T19:06:25Z" user="khaltito" uid="7432566" lat="-7.2150885" lon="-35.9081346"/>
 <node id="5399072382" visible="true" version="1" changeset="56193935" timestamp="2018-02-08T19:06:25Z" user="khaltito" uid="7432566" lat="-7.2155215" lon="-35.9080525"/>
 <node id="5399072383" visible="true" version="1" changeset="56193935" timestamp="2018-02-08T19:06:25Z" user="khaltito" uid="7432566" lat="-7.2156639" lon="-35.9079700"/>
 <node id="5399072384" visible="true" version="1" changeset="56193935" timestamp="2018-02-08T19:06:25Z" user="khaltito" uid="7432566" lat="-7.2157264" lon="-35.9078935"/>
 <node id="5399072385" visible="true" version="1" changeset="56193935" timestamp="2018-02-08T19:06:25Z" user="khaltito" uid="7432566" lat="-7.2157139" lon="-35.9076068"/>
 <node id="5399072386" visible="true" version="1" changeset="56193935" timestamp="2018-02-08T19:06:25Z" user="khaltito" uid="7432566" lat="-7.2153447" lon="-35.9061135"/>
 <node id="5399072387" visible="true" version="1" changeset="56193935" timestamp="2018-02-08T19:06:25Z" user="khaltito" uid="7432566" lat="-7.2154020" lon="-35.9060985"/>
 <node id="5399072388" visible="true" version="1" changeset="56193935" timestamp="2018-02-08T19:06:25Z" user="khaltito" uid="7432566" lat="-7.2157695" lon="-35.9075875"/>
 <node id="5399072389" visible="true" version="1" changeset="56193935" timestamp="2018-02-08T19:06:25Z" user="khaltito" uid="7432566" lat="-7.2157848" lon="-35.9079067"/>
 <node id="5399072390" visible="true" version="1" changeset="56193935" timestamp="2018-02-08T19:06:25Z" user="khaltito" uid="7432566" lat="-7.2156891" lon="-35.9080158"/>
 <node id="5399072391" visible="true" version="1" changeset="56193935" timestamp="2018-02-08T19:06:25Z" user="khaltito" uid="7432566" lat="-7.2155323" lon="-35.9081052"/>
 <node id="5399072392" visible="true" version="1" changeset="56193935" timestamp="2018-02-08T19:06:25Z" user="khaltito" uid="7432566" lat="-7.2151177" lon="-35.9081823"/>
 <node id="5399072393" visible="true" version="1" changeset="56193935" timestamp="2018-02-08T19:06:25Z" user="khaltito" uid="7432566" lat="-7.2150945" lon="-35.9082033"/>
 <node id="5399072394" visible="true" version="1" changeset="56193935" timestamp="2018-02-08T19:06:25Z" user="khaltito" uid="7432566" lat="-7.2150852" lon="-35.9082500"/>
 <node id="5399072395" visible="true" version="3" changeset="87062255" timestamp="2020-06-24T05:31:15Z" user="gscholz" uid="109705" lat="-7.2150876" lon="-35.9087792"/>
 <node id="5399072396" visible="true" version="2" changeset="87062255" timestamp="2020-06-24T05:31:15Z" user="gscholz" uid="109705" lat="-7.2150781" lon="-35.9087425"/>
 <node id="5399072397" visible="true" version="1" changeset="56193935" timestamp="2018-02-08T19:06:25Z" user="khaltito" uid="7432566" lat="-7.2153693" lon="-35.9060906"/>
 <node id="5411365426" visible="true" version="2" changeset="88723969" timestamp="2020-07-30T09:41:33Z" user="DnieperBasin" uid="10652829" lat="-7.2168508" lon="-35.9125552"/>
 <node id="5417477371" visible="true" version="1" changeset="56428311" timestamp="2018-02-16T23:07:35Z" user="UsuárioPar" uid="367813" lat="-7.2125645" lon="-35.9069174"/>
 <node id="5417477372" visible="true" version="1" changeset="56428311" timestamp="2018-02-16T23:07:35Z" user="UsuárioPar" uid="367813" lat="-7.2125671" lon="-35.9069721"/>
 <node id="5417477373" visible="true" version="2" changeset="87001003" timestamp="2020-06-22T22:37:41Z" user="Pedro Serey" uid="11372350" lat="-7.2137534" lon="-35.9070120"/>
 <node id="5579445521" visible="true" version="1" changeset="58426367" timestamp="2018-04-26T00:13:20Z" user="Matias_Daniel" uid="7142955" lat="-7.2125061" lon="-35.9087459"/>
 <node id="5579445522" visible="true" version="1" changeset="58426367" timestamp="2018-04-26T00:13:20Z" user="Matias_Daniel" uid="7142955" lat="-7.2127506" lon="-35.9087447"/>
 <node id="5579445523" visible="true" version="2" changeset="87001003" timestamp="2020-06-22T22:37:41Z" user="Pedro Serey" uid="11372350" lat="-7.2122589" lon="-35.9087433"/>
 <node id="5579445524" visible="true" version="2" changeset="87001003" timestamp="2020-06-22T22:37:41Z" user="Pedro Serey" uid="11372350" lat="-7.2122439" lon="-35.9076610"/>
 <node id="5579445525" visible="true" version="1" changeset="58426367" timestamp="2018-04-26T00:13:20Z" user="Matias_Daniel" uid="7142955" lat="-7.2125013" lon="-35.9083322"/>
 <node id="5579445526" visible="true" version="2" changeset="87001003" timestamp="2020-06-22T22:37:41Z" user="Pedro Serey" uid="11372350" lat="-7.2122533" lon="-35.9083363"/>
 <node id="5579445527" visible="true" version="1" changeset="58426367" timestamp="2018-04-26T00:13:20Z" user="Matias_Daniel" uid="7142955" lat="-7.2124964" lon="-35.9078998"/>
 <node id="5579445528" visible="true" version="2" changeset="87001003" timestamp="2020-06-22T22:37:41Z" user="Pedro Serey" uid="11372350" lat="-7.2122473" lon="-35.9079039"/>
 <node id="5579445529" visible="true" version="2" changeset="80665677" timestamp="2020-02-07T01:35:58Z" user="PlazaBaquedano" uid="9225258" lat="-7.2125573" lon="-35.9088323"/>
 <node id="5579445530" visible="true" version="2" changeset="87001003" timestamp="2020-06-22T22:37:41Z" user="Pedro Serey" uid="11372350" lat="-7.2135359" lon="-35.9087693"/>
 <node id="5579445531" visible="true" version="1" changeset="58426367" timestamp="2018-04-26T00:13:20Z" user="Matias_Daniel" uid="7142955" lat="-7.2134337" lon="-35.9061739"/>
 <node id="5579445532" visible="true" version="1" changeset="58426367" timestamp="2018-04-26T00:13:20Z" user="Matias_Daniel" uid="7142955" lat="-7.2134337" lon="-35.9059501"/>
 <node id="5579445533" visible="true" version="1" changeset="58426367" timestamp="2018-04-26T00:13:20Z" user="Matias_Daniel" uid="7142955" lat="-7.2132719" lon="-35.9059596"/>
 <node id="5579445534" visible="true" version="1" changeset="58426367" timestamp="2018-04-26T00:13:20Z" user="Matias_Daniel" uid="7142955" lat="-7.2132756" lon="-35.9060715"/>
 <node id="5579445535" visible="true" version="1" changeset="58426367" timestamp="2018-04-26T00:13:20Z" user="Matias_Daniel" uid="7142955" lat="-7.2132643" lon="-35.9061018"/>
 <node id="5579445536" visible="true" version="1" changeset="58426367" timestamp="2018-04-26T00:13:20Z" user="Matias_Daniel" uid="7142955" lat="-7.2132286" lon="-35.9061322"/>
 <node id="5579445537" visible="true" version="1" changeset="58426367" timestamp="2018-04-26T00:13:20Z" user="Matias_Daniel" uid="7142955" lat="-7.2131383" lon="-35.9061454"/>
 <node id="5579445538" visible="true" version="1" changeset="58426367" timestamp="2018-04-26T00:13:21Z" user="Matias_Daniel" uid="7142955" lat="-7.2131364" lon="-35.9062877"/>
 <node id="5579445539" visible="true" version="1" changeset="58426367" timestamp="2018-04-26T00:13:21Z" user="Matias_Daniel" uid="7142955" lat="-7.2133904" lon="-35.9062839"/>
 <node id="5579445540" visible="true" version="1" changeset="58426367" timestamp="2018-04-26T00:13:21Z" user="Matias_Daniel" uid="7142955" lat="-7.2133885" lon="-35.9061758"/>
 <node id="5678417720" visible="true" version="1" changeset="59698956" timestamp="2018-06-09T20:19:29Z" user="UsuárioPar" uid="367813" lat="-7.2141963" lon="-35.9040422"/>
 <node id="5678417721" visible="true" version="1" changeset="59698956" timestamp="2018-06-09T20:19:29Z" user="UsuárioPar" uid="367813" lat="-7.2139207" lon="-35.9055324"/>
 <node id="5678417722" visible="true" version="1" changeset="59698956" timestamp="2018-06-09T20:19:29Z" user="UsuárioPar" uid="367813" lat="-7.2134439" lon="-35.9055301"/>
 <node id="5678417723" visible="true" version="1" changeset="59698956" timestamp="2018-06-09T20:19:29Z" user="UsuárioPar" uid="367813" lat="-7.2134477" lon="-35.9047184"/>
 <node id="5678417724" visible="true" version="1" changeset="59698956" timestamp="2018-06-09T20:19:29Z" user="UsuárioPar" uid="367813" lat="-7.2139246" lon="-35.9047208"/>
 <node id="5678417729" visible="true" version="1" changeset="59698956" timestamp="2018-06-09T20:19:29Z" user="UsuárioPar" uid="367813" lat="-7.2125221" lon="-35.9055620"/>
 <node id="5678417730" visible="true" version="1" changeset="59698956" timestamp="2018-06-09T20:19:29Z" user="UsuárioPar" uid="367813" lat="-7.2119181" lon="-35.9055084"/>
 <node id="5678417731" visible="true" version="1" changeset="59698956" timestamp="2018-06-09T20:19:29Z" user="UsuárioPar" uid="367813" lat="-7.2120710" lon="-35.9047881"/>
 <node id="5678417732" visible="true" version="1" changeset="59698956" timestamp="2018-06-09T20:19:29Z" user="UsuárioPar" uid="367813" lat="-7.2126191" lon="-35.9048525"/>
 <node id="5794681809" visible="true" version="1" changeset="61176566" timestamp="2018-07-29T23:52:34Z" user="DressyPear4" uid="3984659" lat="-7.2043574" lon="-35.8727780">
  <tag k="power" v="portal"/>
 </node>
 <node id="5794681813" visible="true" version="1" changeset="61176566" timestamp="2018-07-29T23:52:34Z" user="DressyPear4" uid="3984659" lat="-7.2042377" lon="-35.8728316">
  <tag k="power" v="tower"/>
 </node>
 <node id="5794681814" visible="true" version="1" changeset="61176566" timestamp="2018-07-29T23:52:34Z" user="DressyPear4" uid="3984659" lat="-7.2040008" lon="-35.8725768">
  <tag k="power" v="tower"/>
 </node>
 <node id="5794681815" visible="true" version="1" changeset="61176566" timestamp="2018-07-29T23:52:34Z" user="DressyPear4" uid="3984659" lat="-7.2037028" lon="-35.8730784">
  <tag k="power" v="tower"/>
 </node>
 <node id="5794681816" visible="true" version="1" changeset="61176566" timestamp="2018-07-29T23:52:34Z" user="DressyPear4" uid="3984659" lat="-7.2032770" lon="-35.8737785">
  <tag k="power" v="tower"/>
 </node>
 <node id="5794681817" visible="true" version="1" changeset="61176566" timestamp="2018-07-29T23:52:34Z" user="DressyPear4" uid="3984659" lat="-7.2028699" lon="-35.8744732">
  <tag k="power" v="tower"/>
 </node>
 <node id="5794681818" visible="true" version="1" changeset="61176566" timestamp="2018-07-29T23:52:34Z" user="DressyPear4" uid="3984659" lat="-7.2031413" lon="-35.8747870">
  <tag k="power" v="tower"/>
 </node>
 <node id="5794681819" visible="true" version="1" changeset="61176566" timestamp="2018-07-29T23:52:34Z" user="DressyPear4" uid="3984659" lat="-7.2034580" lon="-35.8751383">
  <tag k="power" v="tower"/>
 </node>
 <node id="5794681820" visible="true" version="1" changeset="61176566" timestamp="2018-07-29T23:52:34Z" user="DressyPear4" uid="3984659" lat="-7.2030083" lon="-35.8754763">
  <tag k="power" v="tower"/>
 </node>
 <node id="5794681821" visible="true" version="1" changeset="61176566" timestamp="2018-07-29T23:52:34Z" user="DressyPear4" uid="3984659" lat="-7.2025452" lon="-35.8758572">
  <tag k="power" v="tower"/>
 </node>
 <node id="5794681822" visible="true" version="1" changeset="61176566" timestamp="2018-07-29T23:52:34Z" user="DressyPear4" uid="3984659" lat="-7.2021115" lon="-35.8762112">
  <tag k="power" v="tower"/>
 </node>
 <node id="5794681823" visible="true" version="1" changeset="61176566" timestamp="2018-07-29T23:52:34Z" user="DressyPear4" uid="3984659" lat="-7.2020955" lon="-35.8766431">
  <tag k="power" v="tower"/>
 </node>
 <node id="5794681824" visible="true" version="1" changeset="61176566" timestamp="2018-07-29T23:52:34Z" user="DressyPear4" uid="3984659" lat="-7.2020769" lon="-35.8770561">
  <tag k="power" v="tower"/>
 </node>
 <node id="5794681825" visible="true" version="1" changeset="61176566" timestamp="2018-07-29T23:52:34Z" user="DressyPear4" uid="3984659" lat="-7.2020609" lon="-35.8777401">
  <tag k="power" v="tower"/>
 </node>
 <node id="5794681826" visible="true" version="1" changeset="61176566" timestamp="2018-07-29T23:52:34Z" user="DressyPear4" uid="3984659" lat="-7.2020423" lon="-35.8783758">
  <tag k="power" v="tower"/>
 </node>
 <node id="5794681827" visible="true" version="1" changeset="61176566" timestamp="2018-07-29T23:52:34Z" user="DressyPear4" uid="3984659" lat="-7.2020263" lon="-35.8790490">
  <tag k="power" v="tower"/>
 </node>
 <node id="5794681828" visible="true" version="1" changeset="61176566" timestamp="2018-07-29T23:52:34Z" user="DressyPear4" uid="3984659" lat="-7.2019971" lon="-35.8797812">
  <tag k="power" v="tower"/>
 </node>
 <node id="5794681829" visible="true" version="1" changeset="61176566" timestamp="2018-07-29T23:52:34Z" user="DressyPear4" uid="3984659" lat="-7.2019438" lon="-35.8804598">
  <tag k="power" v="tower"/>
 </node>
 <node id="5794681830" visible="true" version="1" changeset="61176566" timestamp="2018-07-29T23:52:34Z" user="DressyPear4" uid="3984659" lat="-7.2017975" lon="-35.8811063">
  <tag k="power" v="tower"/>
 </node>
 <node id="5794681831" visible="true" version="2" changeset="163448749" timestamp="2025-03-10T15:50:17Z" user="Rodrigson" uid="22612012" lat="-7.2016378" lon="-35.8818063">
  <tag k="line_attachment" v="suspension"/>
  <tag k="power" v="tower"/>
 </node>
 <node id="5794681832" visible="true" version="2" changeset="163448749" timestamp="2025-03-10T15:50:01Z" user="Rodrigson" uid="22612012" lat="-7.2014649" lon="-35.8825305">
  <tag k="line_attachment" v="suspension"/>
  <tag k="power" v="tower"/>
 </node>
 <node id="5794681833" visible="true" version="2" changeset="163824777" timestamp="2025-03-19T16:26:49Z" user="Rodrigson" uid="22612012" lat="-7.2013212" lon="-35.8831796">
  <tag k="line_attachment" v="pin"/>
  <tag k="power" v="tower"/>
 </node>
 <node id="5794681834" visible="true" version="1" changeset="61176566" timestamp="2018-07-29T23:52:35Z" user="DressyPear4" uid="3984659" lat="-7.2011588" lon="-35.8838877">
  <tag k="power" v="tower"/>
 </node>
 <node id="5794681835" visible="true" version="1" changeset="61176566" timestamp="2018-07-29T23:52:35Z" user="DressyPear4" uid="3984659" lat="-7.2010338" lon="-35.8844215">
  <tag k="power" v="tower"/>
 </node>
 <node id="5794681836" visible="true" version="1" changeset="61176566" timestamp="2018-07-29T23:52:35Z" user="DressyPear4" uid="3984659" lat="-7.2008927" lon="-35.8850813">
  <tag k="power" v="tower"/>
 </node>
 <node id="5794681837" visible="true" version="1" changeset="61176566" timestamp="2018-07-29T23:52:35Z" user="DressyPear4" uid="3984659" lat="-7.2007783" lon="-35.8857277">
  <tag k="power" v="tower"/>
 </node>
 <node id="5794681838" visible="true" version="1" changeset="61176566" timestamp="2018-07-29T23:52:35Z" user="DressyPear4" uid="3984659" lat="-7.2006745" lon="-35.8862695">
  <tag k="power" v="tower"/>
 </node>
 <node id="5794681839" visible="true" version="1" changeset="61176566" timestamp="2018-07-29T23:52:35Z" user="DressyPear4" uid="3984659" lat="-7.2000864" lon="-35.8885950">
  <tag k="power" v="tower"/>
 </node>
 <node id="5794681840" visible="true" version="1" changeset="61176566" timestamp="2018-07-29T23:52:35Z" user="DressyPear4" uid="3984659" lat="-7.1998336" lon="-35.8895767">
  <tag k="power" v="tower"/>
 </node>
 <node id="5794681841" visible="true" version="1" changeset="61176566" timestamp="2018-07-29T23:52:35Z" user="DressyPear4" uid="3984659" lat="-7.1996074" lon="-35.8904082">
  <tag k="power" v="tower"/>
 </node>
 <node id="5794681842" visible="true" version="1" changeset="61176566" timestamp="2018-07-29T23:52:35Z" user="DressyPear4" uid="3984659" lat="-7.1994584" lon="-35.8910063">
  <tag k="power" v="tower"/>
 </node>
 <node id="5794681843" visible="true" version="1" changeset="61176566" timestamp="2018-07-29T23:52:35Z" user="DressyPear4" uid="3984659" lat="-7.1993254" lon="-35.8914918">
  <tag k="power" v="tower"/>
 </node>
 <node id="5794681844" visible="true" version="1" changeset="61176566" timestamp="2018-07-29T23:52:35Z" user="DressyPear4" uid="3984659" lat="-7.1993387" lon="-35.8919182">
  <tag k="power" v="tower"/>
 </node>
 <node id="5794681845" visible="true" version="1" changeset="61176566" timestamp="2018-07-29T23:52:35Z" user="DressyPear4" uid="3984659" lat="-7.1993600" lon="-35.8923849">
  <tag k="power" v="tower"/>
 </node>
 <node id="5794681846" visible="true" version="1" changeset="61176566" timestamp="2018-07-29T23:52:35Z" user="DressyPear4" uid="3984659" lat="-7.1993679" lon="-35.8928114">
  <tag k="power" v="tower"/>
 </node>
 <node id="5794681847" visible="true" version="1" changeset="61176566" timestamp="2018-07-29T23:52:35Z" user="DressyPear4" uid="3984659" lat="-7.1993759" lon="-35.8932647">
  <tag k="power" v="tower"/>
 </node>
 <node id="5794681848" visible="true" version="1" changeset="61176566" timestamp="2018-07-29T23:52:35Z" user="DressyPear4" uid="3984659" lat="-7.1994744" lon="-35.8939648">
  <tag k="power" v="tower"/>
 </node>
 <node id="5794681849" visible="true" version="1" changeset="61176566" timestamp="2018-07-29T23:52:35Z" user="DressyPear4" uid="3984659" lat="-7.1995542" lon="-35.8945629">
  <tag k="power" v="tower"/>
 </node>
 <node id="5794681850" visible="true" version="1" changeset="61176566" timestamp="2018-07-29T23:52:35Z" user="DressyPear4" uid="3984659" lat="-7.1996474" lon="-35.8952040">
  <tag k="power" v="tower"/>
 </node>
 <node id="5794681851" visible="true" version="1" changeset="61176566" timestamp="2018-07-29T23:52:35Z" user="DressyPear4" uid="3984659" lat="-7.1997724" lon="-35.8959442">
  <tag k="power" v="tower"/>
 </node>
 <node id="5794681852" visible="true" version="1" changeset="61176566" timestamp="2018-07-29T23:52:35Z" user="DressyPear4" uid="3984659" lat="-7.1997884" lon="-35.8963975">
  <tag k="power" v="tower"/>
 </node>
 <node id="5794682253" visible="true" version="1" changeset="61176566" timestamp="2018-07-29T23:52:35Z" user="DressyPear4" uid="3984659" lat="-7.2001423" lon="-35.8969259">
  <tag k="power" v="tower"/>
 </node>
 <node id="5794682254" visible="true" version="1" changeset="61176566" timestamp="2018-07-29T23:52:35Z" user="DressyPear4" uid="3984659" lat="-7.2004111" lon="-35.8973283">
  <tag k="power" v="tower"/>
 </node>
 <node id="5794682255" visible="true" version="1" changeset="61176566" timestamp="2018-07-29T23:52:35Z" user="DressyPear4" uid="3984659" lat="-7.2008342" lon="-35.8979961">
  <tag k="power" v="tower"/>
 </node>
 <node id="5794682256" visible="true" version="1" changeset="61176566" timestamp="2018-07-29T23:52:35Z" user="DressyPear4" uid="3984659" lat="-7.2010205" lon="-35.8986533">
  <tag k="power" v="tower"/>
 </node>
 <node id="5794682257" visible="true" version="1" changeset="61176566" timestamp="2018-07-29T23:52:36Z" user="DressyPear4" uid="3984659" lat="-7.2011775" lon="-35.8992407">
  <tag k="power" v="tower"/>
 </node>
 <node id="5794682258" visible="true" version="1" changeset="61176566" timestamp="2018-07-29T23:52:36Z" user="DressyPear4" uid="3984659" lat="-7.2013158" lon="-35.8997557">
  <tag k="power" v="tower"/>
 </node>
 <node id="5794682259" visible="true" version="1" changeset="61176566" timestamp="2018-07-29T23:52:36Z" user="DressyPear4" uid="3984659" lat="-7.2012147" lon="-35.9001687">
  <tag k="power" v="tower"/>
 </node>
 <node id="5794682260" visible="true" version="1" changeset="61176566" timestamp="2018-07-29T23:52:36Z" user="DressyPear4" uid="3984659" lat="-7.2013797" lon="-35.9007400">
  <tag k="power" v="tower"/>
 </node>
 <node id="5794682261" visible="true" version="1" changeset="61176566" timestamp="2018-07-29T23:52:36Z" user="DressyPear4" uid="3984659" lat="-7.2015926" lon="-35.9013677">
  <tag k="power" v="tower"/>
 </node>
 <node id="5794682262" visible="true" version="1" changeset="61176566" timestamp="2018-07-29T23:52:36Z" user="DressyPear4" uid="3984659" lat="-7.2020689" lon="-35.9013703">
  <tag k="power" v="tower"/>
 </node>
 <node id="5794682263" visible="true" version="1" changeset="61176566" timestamp="2018-07-29T23:52:36Z" user="DressyPear4" uid="3984659" lat="-7.2026836" lon="-35.9013677">
  <tag k="power" v="tower"/>
 </node>
 <node id="5794682264" visible="true" version="1" changeset="61176566" timestamp="2018-07-29T23:52:36Z" user="DressyPear4" uid="3984659" lat="-7.2032478" lon="-35.9013730">
  <tag k="power" v="tower"/>
 </node>
 <node id="5794682265" visible="true" version="1" changeset="61176566" timestamp="2018-07-29T23:52:36Z" user="DressyPear4" uid="3984659" lat="-7.2039929" lon="-35.9013730">
  <tag k="power" v="tower"/>
 </node>
 <node id="5794682266" visible="true" version="1" changeset="61176566" timestamp="2018-07-29T23:52:36Z" user="DressyPear4" uid="3984659" lat="-7.2045224" lon="-35.9013703">
  <tag k="power" v="tower"/>
 </node>
 <node id="5794682267" visible="true" version="1" changeset="61176566" timestamp="2018-07-29T23:52:36Z" user="DressyPear4" uid="3984659" lat="-7.2051451" lon="-35.9013784">
  <tag k="power" v="tower"/>
 </node>
 <node id="5794682268" visible="true" version="1" changeset="61176566" timestamp="2018-07-29T23:52:36Z" user="DressyPear4" uid="3984659" lat="-7.2058636" lon="-35.9013757">
  <tag k="power" v="tower"/>
 </node>
 <node id="5794682269" visible="true" version="1" changeset="61176566" timestamp="2018-07-29T23:52:36Z" user="DressyPear4" uid="3984659" lat="-7.2063638" lon="-35.9016949">
  <tag k="power" v="tower"/>
 </node>
 <node id="5794682270" visible="true" version="1" changeset="61176566" timestamp="2018-07-29T23:52:36Z" user="DressyPear4" uid="3984659" lat="-7.2066991" lon="-35.9019309">
  <tag k="power" v="tower"/>
 </node>
 <node id="5794682271" visible="true" version="3" changeset="116309583" timestamp="2022-01-18T17:48:21Z" user="DressyPear4" uid="3984659" lat="-7.2064809" lon="-35.9024459">
  <tag k="power" v="tower"/>
 </node>
 <node id="5794682272" visible="true" version="3" changeset="116309583" timestamp="2022-01-18T17:48:21Z" user="DressyPear4" uid="3984659" lat="-7.2070717" lon="-35.9028456">
  <tag k="power" v="tower"/>
 </node>
 <node id="5794682273" visible="true" version="2" changeset="116309583" timestamp="2022-01-18T17:48:21Z" user="DressyPear4" uid="3984659" lat="-7.2076438" lon="-35.9032855">
  <tag k="power" v="tower"/>
 </node>
 <node id="5794682274" visible="true" version="2" changeset="116309583" timestamp="2022-01-18T17:48:21Z" user="DressyPear4" uid="3984659" lat="-7.2082345" lon="-35.9036985">
  <tag k="power" v="tower"/>
 </node>
 <node id="5794682275" visible="true" version="2" changeset="163450987" timestamp="2025-03-10T16:44:14Z" user="Rodrigson" uid="22612012" lat="-7.2088040" lon="-35.9040740">
  <tag k="line_attachment" v="suspension"/>
  <tag k="power" v="tower"/>
 </node>
 <node id="5794682276" visible="true" version="2" changeset="163824777" timestamp="2025-03-19T16:17:41Z" user="Rodrigson" uid="22612012" lat="-7.2093362" lon="-35.9043932">
  <tag k="line_attachment" v="suspension"/>
  <tag k="power" v="tower"/>
 </node>
 <node id="5794682277" visible="true" version="2" changeset="163824777" timestamp="2025-03-19T16:17:20Z" user="Rodrigson" uid="22612012" lat="-7.2099615" lon="-35.9047741">
  <tag k="line_attachment" v="suspension"/>
  <tag k="power" v="tower"/>
 </node>
 <node id="5794682278" visible="true" version="2" changeset="163824777" timestamp="2025-03-19T16:17:14Z" user="Rodrigson" uid="22612012" lat="-7.2104644" lon="-35.9050584">
  <tag k="line_attachment" v="suspension"/>
  <tag k="power" v="tower"/>
 </node>
 <node id="5794682279" visible="true" version="2" changeset="163824777" timestamp="2025-03-19T16:17:09Z" user="Rodrigson" uid="22612012" lat="-7.2110552" lon="-35.9054178">
  <tag k="line_attachment" v="suspension"/>
  <tag k="power" v="tower"/>
 </node>
 <node id="5794682280" visible="true" version="1" changeset="61176566" timestamp="2018-07-29T23:52:37Z" user="DressyPear4" uid="3984659" lat="-7.2114863" lon="-35.9056699">
  <tag k="power" v="tower"/>
 </node>
 <node id="5794682281" visible="true" version="1" changeset="61176566" timestamp="2018-07-29T23:52:37Z" user="DressyPear4" uid="3984659" lat="-7.2122367" lon="-35.9056351">
  <tag k="power" v="tower"/>
 </node>
 <node id="5794682282" visible="true" version="1" changeset="61176566" timestamp="2018-07-29T23:52:37Z" user="DressyPear4" uid="3984659" lat="-7.2130004" lon="-35.9056163">
  <tag k="power" v="tower"/>
 </node>
 <node id="5794682283" visible="true" version="1" changeset="61176566" timestamp="2018-07-29T23:52:37Z" user="DressyPear4" uid="3984659" lat="-7.2135805" lon="-35.9055948">
  <tag k="power" v="tower"/>
 </node>
 <node id="5794682284" visible="true" version="1" changeset="61176566" timestamp="2018-07-29T23:52:37Z" user="DressyPear4" uid="3984659" lat="-7.2141339" lon="-35.9055868">
  <tag k="power" v="tower"/>
 </node>
 <node id="5794682285" visible="true" version="1" changeset="61176566" timestamp="2018-07-29T23:52:37Z" user="DressyPear4" uid="3984659" lat="-7.2147673" lon="-35.9055868">
  <tag k="power" v="tower"/>
 </node>
 <node id="5794682286" visible="true" version="1" changeset="61176566" timestamp="2018-07-29T23:52:37Z" user="DressyPear4" uid="3984659" lat="-7.2155150" lon="-35.9055734">
  <tag k="power" v="tower"/>
 </node>
 <node id="5794682287" visible="true" version="1" changeset="61176566" timestamp="2018-07-29T23:52:37Z" user="DressyPear4" uid="3984659" lat="-7.2158237" lon="-35.9055439">
  <tag k="power" v="tower"/>
 </node>
 <node id="5794682288" visible="true" version="1" changeset="61176566" timestamp="2018-07-29T23:52:37Z" user="DressyPear4" uid="3984659" lat="-7.2161536" lon="-35.9058309">
  <tag k="power" v="tower"/>
 </node>
 <node id="5794682289" visible="true" version="1" changeset="61176566" timestamp="2018-07-29T23:52:37Z" user="DressyPear4" uid="3984659" lat="-7.2162760" lon="-35.9062654">
  <tag k="power" v="tower"/>
 </node>
 <node id="5794682290" visible="true" version="1" changeset="61176566" timestamp="2018-07-29T23:52:37Z" user="DressyPear4" uid="3984659" lat="-7.2164197" lon="-35.9067857">
  <tag k="power" v="tower"/>
 </node>
 <node id="5794682291" visible="true" version="1" changeset="61176566" timestamp="2018-07-29T23:52:37Z" user="DressyPear4" uid="3984659" lat="-7.2170504" lon="-35.9067804">
  <tag k="power" v="tower"/>
 </node>
 <node id="5794682292" visible="true" version="1" changeset="61176566" timestamp="2018-07-29T23:52:37Z" user="DressyPear4" uid="3984659" lat="-7.2171222" lon="-35.9061930">
  <tag k="power" v="tower"/>
 </node>
 <node id="5794682293" visible="true" version="1" changeset="61176566" timestamp="2018-07-29T23:52:37Z" user="DressyPear4" uid="3984659" lat="-7.2172366" lon="-35.9056217">
  <tag k="power" v="tower"/>
 </node>
 <node id="5794682294" visible="true" version="1" changeset="61176566" timestamp="2018-07-29T23:52:37Z" user="DressyPear4" uid="3984659" lat="-7.2173697" lon="-35.9050128">
  <tag k="power" v="tower"/>
 </node>
 <node id="5794682295" visible="true" version="1" changeset="61176566" timestamp="2018-07-29T23:52:37Z" user="DressyPear4" uid="3984659" lat="-7.2174921" lon="-35.9043986">
  <tag k="power" v="tower"/>
 </node>
 <node id="5794682296" visible="true" version="1" changeset="61176566" timestamp="2018-07-29T23:52:37Z" user="DressyPear4" uid="3984659" lat="-7.2176118" lon="-35.9038514">
  <tag k="power" v="tower"/>
 </node>
 <node id="5794682297" visible="true" version="1" changeset="61176566" timestamp="2018-07-29T23:52:37Z" user="DressyPear4" uid="3984659" lat="-7.2177156" lon="-35.9032801">
  <tag k="power" v="tower"/>
 </node>
 <node id="5794682298" visible="true" version="1" changeset="61176566" timestamp="2018-07-29T23:52:37Z" user="DressyPear4" uid="3984659" lat="-7.2184314" lon="-35.9034571">
  <tag k="power" v="tower"/>
 </node>
 <node id="5794682299" visible="true" version="1" changeset="61176566" timestamp="2018-07-29T23:52:37Z" user="DressyPear4" uid="3984659" lat="-7.2191685" lon="-35.9036556">
  <tag k="power" v="tower"/>
 </node>
 <node id="5794682300" visible="true" version="1" changeset="61176566" timestamp="2018-07-29T23:52:37Z" user="DressyPear4" uid="3984659" lat="-7.2198124" lon="-35.9038246">
  <tag k="power" v="tower"/>
 </node>
 <node id="5794682301" visible="true" version="1" changeset="61176566" timestamp="2018-07-29T23:52:37Z" user="DressyPear4" uid="3984659" lat="-7.2205123" lon="-35.9040284">
  <tag k="power" v="tower"/>
 </node>
 <node id="5794682302" visible="true" version="1" changeset="61176566" timestamp="2018-07-29T23:52:37Z" user="DressyPear4" uid="3984659" lat="-7.2206480" lon="-35.9035912">
  <tag k="power" v="portal"/>
 </node>
 <node id="6148728931" visible="true" version="2" changeset="80673730" timestamp="2020-02-07T05:59:32Z" user="PlazaBaquedano" uid="9225258" lat="-7.2294038" lon="-35.9078508">
  <tag k="railway" v="level_crossing"/>
 </node>
 <node id="6238606681" visible="true" version="2" changeset="111957347" timestamp="2021-10-01T10:42:38Z" user="andrewamaro" uid="9089009" lat="-7.2118862" lon="-35.9196353"/>
 <node id="6238606682" visible="true" version="1" changeset="66663802" timestamp="2019-01-26T20:36:40Z" user="paas-nat" uid="5134520" lat="-7.2122187" lon="-35.9195944"/>
 <node id="6238606683" visible="true" version="1" changeset="66663802" timestamp="2019-01-26T20:36:40Z" user="paas-nat" uid="5134520" lat="-7.2124635" lon="-35.9197365"/>
 <node id="6238606785" visible="true" version="1" changeset="66663802" timestamp="2019-01-26T20:36:40Z" user="paas-nat" uid="5134520" lat="-7.2128973" lon="-35.9198948"/>
 <node id="6238606786" visible="true" version="1" changeset="66663802" timestamp="2019-01-26T20:36:40Z" user="paas-nat" uid="5134520" lat="-7.2130463" lon="-35.9201254"/>
 <node id="6238606787" visible="true" version="1" changeset="66663802" timestamp="2019-01-26T20:36:40Z" user="paas-nat" uid="5134520" lat="-7.2132219" lon="-35.9202595"/>
 <node id="6238606789" visible="true" version="1" changeset="66663802" timestamp="2019-01-26T20:36:40Z" user="paas-nat" uid="5134520" lat="-7.2134161" lon="-35.9202783"/>
 <node id="6238606790" visible="true" version="1" changeset="66663802" timestamp="2019-01-26T20:36:40Z" user="paas-nat" uid="5134520" lat="-7.2135115" lon="-35.9204146"/>
 <node id="6238606794" visible="true" version="2" changeset="111957347" timestamp="2021-10-01T10:42:38Z" user="andrewamaro" uid="9089009" lat="-7.2119671" lon="-35.9186205"/>
 <node id="6238606795" visible="true" version="2" changeset="111957347" timestamp="2021-10-01T10:42:38Z" user="andrewamaro" uid="9089009" lat="-7.2119079" lon="-35.9188219"/>
 <node id="6238606879" visible="true" version="1" changeset="66663802" timestamp="2019-01-26T20:36:42Z" user="paas-nat" uid="5134520" lat="-7.2137743" lon="-35.9101328"/>
 <node id="6238615891" visible="true" version="1" changeset="66664003" timestamp="2019-01-26T20:48:01Z" user="paas-nat" uid="5134520" lat="-7.2125814" lon="-35.9146053"/>
 <node id="6238615892" visible="true" version="2" changeset="111957347" timestamp="2021-10-01T10:42:38Z" user="andrewamaro" uid="9089009" lat="-7.2125128" lon="-35.9155265"/>
 <node id="6238615893" visible="true" version="2" changeset="111957347" timestamp="2021-10-01T10:42:38Z" user="andrewamaro" uid="9089009" lat="-7.2125188" lon="-35.9157495"/>
 <node id="6238615896" visible="true" version="2" changeset="111960986" timestamp="2021-10-01T12:09:48Z" user="andrewamaro" uid="9089009" lat="-7.2120946" lon="-35.9184000"/>
 <node id="6238615897" visible="true" version="2" changeset="111957347" timestamp="2021-10-01T10:42:38Z" user="andrewamaro" uid="9089009" lat="-7.2122246" lon="-35.9179013"/>
 <node id="6238615903" visible="true" version="1" changeset="66664003" timestamp="2019-01-26T20:48:01Z" user="paas-nat" uid="5134520" lat="-7.2125215" lon="-35.9147919"/>
 <node id="6238802191" visible="true" version="3" changeset="111650829" timestamp="2021-09-24T14:29:08Z" user="andrewamaro" uid="9089009" lat="-7.2098664" lon="-35.9173017"/>
 <node id="6238802192" visible="true" version="1" changeset="66666589" timestamp="2019-01-26T23:23:24Z" user="paas-nat" uid="5134520" lat="-7.2083243" lon="-35.9175467"/>
 <node id="6238802193" visible="true" version="2" changeset="111650829" timestamp="2021-09-24T14:29:08Z" user="andrewamaro" uid="9089009" lat="-7.2093859" lon="-35.9181676"/>
 <node id="6238802194" visible="true" version="2" changeset="111650829" timestamp="2021-09-24T14:29:08Z" user="andrewamaro" uid="9089009" lat="-7.2095375" lon="-35.9178965"/>
 <node id="6238802195" visible="true" version="1" changeset="66666589" timestamp="2019-01-26T23:23:25Z" user="paas-nat" uid="5134520" lat="-7.2080819" lon="-35.9179733"/>
 <node id="6238802196" visible="true" version="1" changeset="66666589" timestamp="2019-01-26T23:23:25Z" user="paas-nat" uid="5134520" lat="-7.2073860" lon="-35.9176233"/>
 <node id="6238802197" visible="true" version="1" changeset="66666589" timestamp="2019-01-26T23:23:25Z" user="paas-nat" uid="5134520" lat="-7.2071072" lon="-35.9181135"/>
 <node id="6238802198" visible="true" version="1" changeset="66666589" timestamp="2019-01-26T23:23:25Z" user="paas-nat" uid="5134520" lat="-7.2133267" lon="-35.9106662"/>
 <node id="6238802199" visible="true" version="1" changeset="66666589" timestamp="2019-01-26T23:23:25Z" user="paas-nat" uid="5134520" lat="-7.2132970" lon="-35.9112033"/>
 <node id="6238802200" visible="true" version="2" changeset="67920747" timestamp="2019-03-08T12:31:39Z" user="franciscofrr8" uid="9510781" lat="-7.2130391" lon="-35.9106665"/>
 <node id="6238802201" visible="true" version="1" changeset="66666589" timestamp="2019-01-26T23:23:25Z" user="paas-nat" uid="5134520" lat="-7.2129532" lon="-35.9107954"/>
 <node id="6238802202" visible="true" version="1" changeset="66666589" timestamp="2019-01-26T23:23:25Z" user="paas-nat" uid="5134520" lat="-7.2130080" lon="-35.9109940"/>
 <node id="6296169404" visible="true" version="3" changeset="87001003" timestamp="2020-06-22T22:37:41Z" user="Pedro Serey" uid="11372350" lat="-7.2131379" lon="-35.9072668"/>
 <node id="6296169405" visible="true" version="3" changeset="87001003" timestamp="2020-06-22T22:37:41Z" user="Pedro Serey" uid="11372350" lat="-7.2131347" lon="-35.9070562"/>
 <node id="6296169406" visible="true" version="3" changeset="87001003" timestamp="2020-06-22T22:37:41Z" user="Pedro Serey" uid="11372350" lat="-7.2132575" lon="-35.9070562"/>
 <node id="6296169407" visible="true" version="2" changeset="87001003" timestamp="2020-06-22T22:37:41Z" user="Pedro Serey" uid="11372350" lat="-7.2132537" lon="-35.9072626"/>
 <node id="6296169408" visible="true" version="3" changeset="87001003" timestamp="2020-06-22T22:37:41Z" user="Pedro Serey" uid="11372350" lat="-7.2131965" lon="-35.9072649"/>
 <node id="6296169409" visible="true" version="1" changeset="67474697" timestamp="2019-02-22T17:47:51Z" user="JSilvaBR" uid="9454292" lat="-7.2128147" lon="-35.9073580"/>
 <node id="6296169410" visible="true" version="1" changeset="67474697" timestamp="2019-02-22T17:47:51Z" user="JSilvaBR" uid="9454292" lat="-7.2126667" lon="-35.9076129"/>
 <node id="6296169411" visible="true" version="1" changeset="67474697" timestamp="2019-02-22T17:47:51Z" user="JSilvaBR" uid="9454292" lat="-7.2126685" lon="-35.9074096"/>
 <node id="6296169412" visible="true" version="1" changeset="67474697" timestamp="2019-02-22T17:47:51Z" user="JSilvaBR" uid="9454292" lat="-7.2127471" lon="-35.9074096"/>
 <node id="6296169413" visible="true" version="1" changeset="67474697" timestamp="2019-02-22T17:47:51Z" user="JSilvaBR" uid="9454292" lat="-7.2128131" lon="-35.9076129"/>
 <node id="6296169414" visible="true" version="1" changeset="67474697" timestamp="2019-02-22T17:47:51Z" user="JSilvaBR" uid="9454292" lat="-7.2128124" lon="-35.9074145"/>
 <node id="6296169415" visible="true" version="1" changeset="67474697" timestamp="2019-02-22T17:47:51Z" user="JSilvaBR" uid="9454292" lat="-7.2127488" lon="-35.9073792"/>
 <node id="6296169416" visible="true" version="1" changeset="67474697" timestamp="2019-02-22T17:47:51Z" user="JSilvaBR" uid="9454292" lat="-7.2128145" lon="-35.9073771"/>
 <node id="6296169417" visible="true" version="1" changeset="67474697" timestamp="2019-02-22T17:47:51Z" user="JSilvaBR" uid="9454292" lat="-7.2123419" lon="-35.9072981"/>
 <node id="6296169418" visible="true" version="1" changeset="67474697" timestamp="2019-02-22T17:47:51Z" user="JSilvaBR" uid="9454292" lat="-7.2123424" lon="-35.9071518"/>
 <node id="6296169419" visible="true" version="1" changeset="67474697" timestamp="2019-02-22T17:47:51Z" user="JSilvaBR" uid="9454292" lat="-7.2124465" lon="-35.9071534"/>
 <node id="6296169420" visible="true" version="1" changeset="67474697" timestamp="2019-02-22T17:47:51Z" user="JSilvaBR" uid="9454292" lat="-7.2124486" lon="-35.9072986"/>
 <node id="6296190468" visible="true" version="3" changeset="87001003" timestamp="2020-06-22T22:37:41Z" user="Pedro Serey" uid="11372350" lat="-7.2167289" lon="-35.9099426"/>
 <node id="6296190469" visible="true" version="3" changeset="87001003" timestamp="2020-06-22T22:37:41Z" user="Pedro Serey" uid="11372350" lat="-7.2168116" lon="-35.9099613"/>
 <node id="6296190470" visible="true" version="3" changeset="87001003" timestamp="2020-06-22T22:37:41Z" user="Pedro Serey" uid="11372350" lat="-7.2167372" lon="-35.9098384"/>
 <node id="6296190471" visible="true" version="3" changeset="87001003" timestamp="2020-06-22T22:37:41Z" user="Pedro Serey" uid="11372350" lat="-7.2169419" lon="-35.9098623"/>
 <node id="6296190472" visible="true" version="3" changeset="87001003" timestamp="2020-06-22T22:37:41Z" user="Pedro Serey" uid="11372350" lat="-7.2169305" lon="-35.9099806"/>
 <node id="6296190473" visible="true" version="2" changeset="87001003" timestamp="2020-06-22T22:37:41Z" user="Pedro Serey" uid="11372350" lat="-7.2133631" lon="-35.9073120"/>
 <node id="6296190474" visible="true" version="2" changeset="87001003" timestamp="2020-06-22T22:37:41Z" user="Pedro Serey" uid="11372350" lat="-7.2133335" lon="-35.9073111"/>
 <node id="6296190475" visible="true" version="3" changeset="87001003" timestamp="2020-06-22T22:37:41Z" user="Pedro Serey" uid="11372350" lat="-7.2133365" lon="-35.9075858"/>
 <node id="6296190476" visible="true" version="1" changeset="67475137" timestamp="2019-02-22T18:02:44Z" user="JSilvaBR" uid="9454292" lat="-7.2132058" lon="-35.9075958"/>
 <node id="6296190477" visible="true" version="1" changeset="67475137" timestamp="2019-02-22T18:02:44Z" user="JSilvaBR" uid="9454292" lat="-7.2131019" lon="-35.9076404"/>
 <node id="6296190478" visible="true" version="1" changeset="67475137" timestamp="2019-02-22T18:02:44Z" user="JSilvaBR" uid="9454292" lat="-7.2130365" lon="-35.9076864"/>
 <node id="6296190479" visible="true" version="2" changeset="87001003" timestamp="2020-06-22T22:37:41Z" user="Pedro Serey" uid="11372350" lat="-7.2129943" lon="-35.9077810"/>
 <node id="6296190480" visible="true" version="1" changeset="67475137" timestamp="2019-02-22T18:02:45Z" user="JSilvaBR" uid="9454292" lat="-7.2129560" lon="-35.9078452"/>
 <node id="6296190481" visible="true" version="1" changeset="67475137" timestamp="2019-02-22T18:02:45Z" user="JSilvaBR" uid="9454292" lat="-7.2129560" lon="-35.9079747"/>
 <node id="6296190482" visible="true" version="1" changeset="67475137" timestamp="2019-02-22T18:02:45Z" user="JSilvaBR" uid="9454292" lat="-7.2129721" lon="-35.9086944"/>
 <node id="6296190483" visible="true" version="1" changeset="67475137" timestamp="2019-02-22T18:02:45Z" user="JSilvaBR" uid="9454292" lat="-7.2131024" lon="-35.9086908"/>
 <node id="6296190484" visible="true" version="1" changeset="67475137" timestamp="2019-02-22T18:02:45Z" user="JSilvaBR" uid="9454292" lat="-7.2135177" lon="-35.9076654"/>
 <node id="6296192685" visible="true" version="1" changeset="67475137" timestamp="2019-02-22T18:02:45Z" user="JSilvaBR" uid="9454292" lat="-7.2135080" lon="-35.9076692"/>
 <node id="6296192686" visible="true" version="2" changeset="87001003" timestamp="2020-06-22T22:37:41Z" user="Pedro Serey" uid="11372350" lat="-7.2133382" lon="-35.9076403"/>
 <node id="6296192688" visible="true" version="2" changeset="87001003" timestamp="2020-06-22T22:37:41Z" user="Pedro Serey" uid="11372350" lat="-7.2135078" lon="-35.9076408"/>
 <node id="6296192689" visible="true" version="1" changeset="67475137" timestamp="2019-02-22T18:02:45Z" user="JSilvaBR" uid="9454292" lat="-7.2129715" lon="-35.9087454"/>
 <node id="6297414847" visible="true" version="1" changeset="67493231" timestamp="2019-02-23T12:58:04Z" user="JSilvaBR" uid="9454292" lat="-7.2115183" lon="-35.9077775"/>
 <node id="6297414848" visible="true" version="1" changeset="67493231" timestamp="2019-02-23T12:58:04Z" user="JSilvaBR" uid="9454292" lat="-7.2115210" lon="-35.9079653"/>
 <node id="6297414849" visible="true" version="1" changeset="67493231" timestamp="2019-02-23T12:58:04Z" user="JSilvaBR" uid="9454292" lat="-7.2119308" lon="-35.9079599"/>
 <node id="6297414850" visible="true" version="1" changeset="67493231" timestamp="2019-02-23T12:58:04Z" user="JSilvaBR" uid="9454292" lat="-7.2119361" lon="-35.9077614"/>
 <node id="6297414851" visible="true" version="2" changeset="87001003" timestamp="2020-06-22T22:37:41Z" user="Pedro Serey" uid="11372350" lat="-7.2136820" lon="-35.9073418"/>
 <node id="6297414852" visible="true" version="2" changeset="87001003" timestamp="2020-06-22T22:37:41Z" user="Pedro Serey" uid="11372350" lat="-7.2134922" lon="-35.9073374"/>
 <node id="6297414853" visible="true" version="2" changeset="87001003" timestamp="2020-06-22T22:37:41Z" user="Pedro Serey" uid="11372350" lat="-7.2137972" lon="-35.9073498"/>
 <node id="6297414854" visible="true" version="1" changeset="67493231" timestamp="2019-02-23T12:58:04Z" user="JSilvaBR" uid="9454292" lat="-7.2139105" lon="-35.9073536"/>
 <node id="6297414855" visible="true" version="1" changeset="67493231" timestamp="2019-02-23T12:58:04Z" user="JSilvaBR" uid="9454292" lat="-7.2135086" lon="-35.9073396"/>
 <node id="6297414856" visible="true" version="1" changeset="67493231" timestamp="2019-02-23T12:58:04Z" user="JSilvaBR" uid="9454292" lat="-7.2135068" lon="-35.9072652"/>
 <node id="6297414857" visible="true" version="1" changeset="67493231" timestamp="2019-02-23T12:58:04Z" user="JSilvaBR" uid="9454292" lat="-7.2134552" lon="-35.9072652"/>
 <node id="6297414858" visible="true" version="2" changeset="87001003" timestamp="2020-06-22T22:37:41Z" user="Pedro Serey" uid="11372350" lat="-7.2134639" lon="-35.9070161"/>
 <node id="6297414859" visible="true" version="1" changeset="67493231" timestamp="2019-02-23T12:58:04Z" user="JSilvaBR" uid="9454292" lat="-7.2133152" lon="-35.9072852"/>
 <node id="6297414860" visible="true" version="2" changeset="189421606" timestamp="2026-09-22T21:44:18Z" user="Levisq" uid="24582906" lat="-7.2132700" lon="-35.9072832"/>
 <node id="6297414861" visible="true" version="2" changeset="87001003" timestamp="2020-06-22T22:37:41Z" user="Pedro Serey" uid="11372350" lat="-7.2132806" lon="-35.9070185"/>
 <node id="6297414862" visible="true" version="2" changeset="87001003" timestamp="2020-06-22T22:37:41Z" user="Pedro Serey" uid="11372350" lat="-7.2141087" lon="-35.9074677"/>
 <node id="6325245613" visible="true" version="1" changeset="67920747" timestamp="2019-03-08T12:31:34Z" user="franciscofrr8" uid="9510781" lat="-7.2150410" lon="-35.9150896"/>
 <node id="6325245683" visible="true" version="1" changeset="67920747" timestamp="2019-03-08T12:31:35Z" user="franciscofrr8" uid="9510781" lat="-7.2129042" lon="-35.9106485"/>
 <node id="6325245684" visible="true" version="1" changeset="67920747" timestamp="2019-03-08T12:31:35Z" user="franciscofrr8" uid="9510781" lat="-7.2126911" lon="-35.9107186"/>
 <node id="6325246085" visible="true" version="1" changeset="67920747" timestamp="2019-03-08T12:31:35Z" user="franciscofrr8" uid="9510781" lat="-7.2124872" lon="-35.9107233"/>
 <node id="6325246086" visible="true" version="1" changeset="67920747" timestamp="2019-03-08T12:31:35Z" user="franciscofrr8" uid="9510781" lat="-7.2123158" lon="-35.9107933"/>
 <node id="6325246087" visible="true" version="1" changeset="67920747" timestamp="2019-03-08T12:31:35Z" user="franciscofrr8" uid="9510781" lat="-7.2121403" lon="-35.9107465"/>
 <node id="6325246088" visible="true" version="1" changeset="67920747" timestamp="2019-03-08T12:31:35Z" user="franciscofrr8" uid="9510781" lat="-7.2119893" lon="-35.9107146"/>
 <node id="6325246089" visible="true" version="1" changeset="67920747" timestamp="2019-03-08T12:31:35Z" user="franciscofrr8" uid="9510781" lat="-7.2118348" lon="-35.9106367"/>
 <node id="6325246090" visible="true" version="1" changeset="67920747" timestamp="2019-03-08T12:31:35Z" user="franciscofrr8" uid="9510781" lat="-7.2117154" lon="-35.9105518"/>
 <node id="6325246091" visible="true" version="1" changeset="67920747" timestamp="2019-03-08T12:31:35Z" user="franciscofrr8" uid="9510781" lat="-7.2115399" lon="-35.9104881"/>
 <node id="6325246092" visible="true" version="1" changeset="67920747" timestamp="2019-03-08T12:31:35Z" user="franciscofrr8" uid="9510781" lat="-7.2113608" lon="-35.9104279"/>
 <node id="6325246093" visible="true" version="1" changeset="67920747" timestamp="2019-03-08T12:31:35Z" user="franciscofrr8" uid="9510781" lat="-7.2112449" lon="-35.9103041"/>
 <node id="6325246094" visible="true" version="1" changeset="67920747" timestamp="2019-03-08T12:31:35Z" user="franciscofrr8" uid="9510781" lat="-7.2112238" lon="-35.9102262"/>
 <node id="6325246095" visible="true" version="1" changeset="67920747" timestamp="2019-03-08T12:31:35Z" user="franciscofrr8" uid="9510781" lat="-7.2114907" lon="-35.9102757"/>
 <node id="6325246096" visible="true" version="1" changeset="67920747" timestamp="2019-03-08T12:31:35Z" user="franciscofrr8" uid="9510781" lat="-7.2116382" lon="-35.9103005"/>
 <node id="6325246097" visible="true" version="1" changeset="67920747" timestamp="2019-03-08T12:31:35Z" user="franciscofrr8" uid="9510781" lat="-7.2117962" lon="-35.9102262"/>
 <node id="6325246098" visible="true" version="1" changeset="67920747" timestamp="2019-03-08T12:31:35Z" user="franciscofrr8" uid="9510781" lat="-7.2117681" lon="-35.9100882"/>
 <node id="6325246099" visible="true" version="1" changeset="67920747" timestamp="2019-03-08T12:31:35Z" user="franciscofrr8" uid="9510781" lat="-7.2117611" lon="-35.9099891"/>
 <node id="6325246100" visible="true" version="1" changeset="67920747" timestamp="2019-03-08T12:31:35Z" user="franciscofrr8" uid="9510781" lat="-7.2118278" lon="-35.9099395"/>
 <node id="6325246101" visible="true" version="1" changeset="67920747" timestamp="2019-03-08T12:31:35Z" user="franciscofrr8" uid="9510781" lat="-7.2118524" lon="-35.9098298"/>
 <node id="6325246102" visible="true" version="1" changeset="67920747" timestamp="2019-03-08T12:31:35Z" user="franciscofrr8" uid="9510781" lat="-7.2115855" lon="-35.9098192"/>
 <node id="6325246103" visible="true" version="1" changeset="67920747" timestamp="2019-03-08T12:31:35Z" user="franciscofrr8" uid="9510781" lat="-7.2113783" lon="-35.9098156"/>
 <node id="6325246104" visible="true" version="1" changeset="67920747" timestamp="2019-03-08T12:31:35Z" user="franciscofrr8" uid="9510781" lat="-7.2111185" lon="-35.9098687"/>
 <node id="6325246105" visible="true" version="1" changeset="67920747" timestamp="2019-03-08T12:31:35Z" user="franciscofrr8" uid="9510781" lat="-7.2109289" lon="-35.9099501"/>
 <node id="6325246106" visible="true" version="1" changeset="67920747" timestamp="2019-03-08T12:31:35Z" user="franciscofrr8" uid="9510781" lat="-7.2107709" lon="-35.9100705"/>
 <node id="6325246107" visible="true" version="1" changeset="67920747" timestamp="2019-03-08T12:31:35Z" user="franciscofrr8" uid="9510781" lat="-7.2106585" lon="-35.9102297"/>
 <node id="6325246108" visible="true" version="1" changeset="67920747" timestamp="2019-03-08T12:31:35Z" user="franciscofrr8" uid="9510781" lat="-7.2105708" lon="-35.9104244"/>
 <node id="6325246109" visible="true" version="1" changeset="67920747" timestamp="2019-03-08T12:31:35Z" user="franciscofrr8" uid="9510781" lat="-7.2105111" lon="-35.9105766"/>
 <node id="6325246110" visible="true" version="1" changeset="67920747" timestamp="2019-03-08T12:31:35Z" user="franciscofrr8" uid="9510781" lat="-7.2104689" lon="-35.9107429"/>
 <node id="6325246111" visible="true" version="1" changeset="67920747" timestamp="2019-03-08T12:31:35Z" user="franciscofrr8" uid="9510781" lat="-7.2104689" lon="-35.9108916"/>
 <node id="6325246112" visible="true" version="1" changeset="67920747" timestamp="2019-03-08T12:31:35Z" user="franciscofrr8" uid="9510781" lat="-7.2104935" lon="-35.9110225"/>
 <node id="6325246113" visible="true" version="1" changeset="67920747" timestamp="2019-03-08T12:31:35Z" user="franciscofrr8" uid="9510781" lat="-7.2105321" lon="-35.9110862"/>
 <node id="6325246114" visible="true" version="1" changeset="67920747" timestamp="2019-03-08T12:31:35Z" user="franciscofrr8" uid="9510781" lat="-7.2106621" lon="-35.9111287"/>
 <node id="6325246115" visible="true" version="1" changeset="67920747" timestamp="2019-03-08T12:31:35Z" user="franciscofrr8" uid="9510781" lat="-7.2106761" lon="-35.9111853"/>
 <node id="6325246116" visible="true" version="1" changeset="67920747" timestamp="2019-03-08T12:31:35Z" user="franciscofrr8" uid="9510781" lat="-7.2107709" lon="-35.9111818"/>
 <node id="6325246117" visible="true" version="1" changeset="67920747" timestamp="2019-03-08T12:31:35Z" user="franciscofrr8" uid="9510781" lat="-7.2108727" lon="-35.9112030"/>
 <node id="6325246118" visible="true" version="1" changeset="67920747" timestamp="2019-03-08T12:31:35Z" user="franciscofrr8" uid="9510781" lat="-7.2110448" lon="-35.9112667"/>
 <node id="6325246119" visible="true" version="1" changeset="67920747" timestamp="2019-03-08T12:31:35Z" user="franciscofrr8" uid="9510781" lat="-7.2111501" lon="-35.9113198"/>
 <node id="6325246120" visible="true" version="1" changeset="67920747" timestamp="2019-03-08T12:31:35Z" user="franciscofrr8" uid="9510781" lat="-7.2112800" lon="-35.9113092"/>
 <node id="6325246121" visible="true" version="1" changeset="67920747" timestamp="2019-03-08T12:31:35Z" user="franciscofrr8" uid="9510781" lat="-7.2113502" lon="-35.9112950"/>
 <node id="6325246122" visible="true" version="1" changeset="67920747" timestamp="2019-03-08T12:31:35Z" user="franciscofrr8" uid="9510781" lat="-7.2114205" lon="-35.9113375"/>
 <node id="6325246123" visible="true" version="1" changeset="67920747" timestamp="2019-03-08T12:31:35Z" user="franciscofrr8" uid="9510781" lat="-7.2114872" lon="-35.9114260"/>
 <node id="6325246124" visible="true" version="1" changeset="67920747" timestamp="2019-03-08T12:31:35Z" user="franciscofrr8" uid="9510781" lat="-7.2116957" lon="-35.9115801"/>
 <node id="6325246125" visible="true" version="1" changeset="67920747" timestamp="2019-03-08T12:31:35Z" user="franciscofrr8" uid="9510781" lat="-7.2118671" lon="-35.9116175"/>
 <node id="6325246126" visible="true" version="1" changeset="67920747" timestamp="2019-03-08T12:31:35Z" user="franciscofrr8" uid="9510781" lat="-7.2119181" lon="-35.9114960"/>
 <node id="6325246127" visible="true" version="1" changeset="67920747" timestamp="2019-03-08T12:31:35Z" user="franciscofrr8" uid="9510781" lat="-7.2121543" lon="-35.9115100"/>
 <node id="6325246128" visible="true" version="1" changeset="67920747" timestamp="2019-03-08T12:31:35Z" user="franciscofrr8" uid="9510781" lat="-7.2124648" lon="-35.9115381"/>
 <node id="6325246129" visible="true" version="2" changeset="139568816" timestamp="2023-08-07T14:40:39Z" user="Raphaelkaart" uid="12468685" lat="-7.2127419" lon="-35.9115697"/>
 <node id="6325246130" visible="true" version="2" changeset="139568816" timestamp="2023-08-07T14:40:39Z" user="Raphaelkaart" uid="12468685" lat="-7.2128581" lon="-35.9115834"/>
 <node id="6325246131" visible="true" version="2" changeset="139568816" timestamp="2023-08-07T14:40:39Z" user="Raphaelkaart" uid="12468685" lat="-7.2129705" lon="-35.9115967"/>
 <node id="6325246137" visible="true" version="1" changeset="67920747" timestamp="2019-03-08T12:31:35Z" user="franciscofrr8" uid="9510781" lat="-7.2151910" lon="-35.9152415"/>
 <node id="6325246138" visible="true" version="1" changeset="67920747" timestamp="2019-03-08T12:31:35Z" user="franciscofrr8" uid="9510781" lat="-7.2159649" lon="-35.9170920"/>
 <node id="6325246139" visible="true" version="1" changeset="67920747" timestamp="2019-03-08T12:31:35Z" user="franciscofrr8" uid="9510781" lat="-7.2154232" lon="-35.9179046"/>
 <node id="6325246140" visible="true" version="1" changeset="67920747" timestamp="2019-03-08T12:31:35Z" user="franciscofrr8" uid="9510781" lat="-7.2152492" lon="-35.9182197"/>
 <node id="6325246141" visible="true" version="1" changeset="67920747" timestamp="2019-03-08T12:31:35Z" user="franciscofrr8" uid="9510781" lat="-7.2143032" lon="-35.9191765"/>
 <node id="6325246142" visible="true" version="1" changeset="67920747" timestamp="2019-03-08T12:31:35Z" user="franciscofrr8" uid="9510781" lat="-7.2145386" lon="-35.9188770"/>
 <node id="6325246143" visible="true" version="1" changeset="67920747" timestamp="2019-03-08T12:31:35Z" user="franciscofrr8" uid="9510781" lat="-7.2139174" lon="-35.9107792"/>
 <node id="6325246144" visible="true" version="1" changeset="67920747" timestamp="2019-03-08T12:31:35Z" user="franciscofrr8" uid="9510781" lat="-7.2138773" lon="-35.9107771"/>
 <node id="6325246189" visible="true" version="1" changeset="67920747" timestamp="2019-03-08T12:31:36Z" user="franciscofrr8" uid="9510781" lat="-7.2160098" lon="-35.9151238"/>
 <node id="6325246190" visible="true" version="1" changeset="67920747" timestamp="2019-03-08T12:31:36Z" user="franciscofrr8" uid="9510781" lat="-7.2164885" lon="-35.9151737"/>
 <node id="6325246191" visible="true" version="1" changeset="67920747" timestamp="2019-03-08T12:31:36Z" user="franciscofrr8" uid="9510781" lat="-7.2164489" lon="-35.9156047"/>
 <node id="6325246192" visible="true" version="1" changeset="67920747" timestamp="2019-03-08T12:31:36Z" user="franciscofrr8" uid="9510781" lat="-7.2163977" lon="-35.9159076"/>
 <node id="6325246193" visible="true" version="1" changeset="67920747" timestamp="2019-03-08T12:31:36Z" user="franciscofrr8" uid="9510781" lat="-7.2162888" lon="-35.9163852"/>
 <node id="6325246194" visible="true" version="1" changeset="67920747" timestamp="2019-03-08T12:31:36Z" user="franciscofrr8" uid="9510781" lat="-7.2162112" lon="-35.9165932"/>
 <node id="6325246195" visible="true" version="1" changeset="67920747" timestamp="2019-03-08T12:31:36Z" user="franciscofrr8" uid="9510781" lat="-7.2161534" lon="-35.9166148"/>
 <node id="6325246196" visible="true" version="1" changeset="67920747" timestamp="2019-03-08T12:31:36Z" user="franciscofrr8" uid="9510781" lat="-7.2160774" lon="-35.9166248"/>
 <node id="6325246197" visible="true" version="1" changeset="67920747" timestamp="2019-03-08T12:31:36Z" user="franciscofrr8" uid="9510781" lat="-7.2160230" lon="-35.9165399"/>
 <node id="6325246198" visible="true" version="1" changeset="67920747" timestamp="2019-03-08T12:31:36Z" user="franciscofrr8" uid="9510781" lat="-7.2159916" lon="-35.9164700"/>
 <node id="6325246199" visible="true" version="1" changeset="67920747" timestamp="2019-03-08T12:31:36Z" user="franciscofrr8" uid="9510781" lat="-7.2159569" lon="-35.9164517"/>
 <node id="6325246200" visible="true" version="1" changeset="67920747" timestamp="2019-03-08T12:31:36Z" user="franciscofrr8" uid="9510781" lat="-7.2159272" lon="-35.9163951"/>
 <node id="6325246201" visible="true" version="1" changeset="67920747" timestamp="2019-03-08T12:31:36Z" user="franciscofrr8" uid="9510781" lat="-7.2158364" lon="-35.9163352"/>
 <node id="6325246202" visible="true" version="1" changeset="67920747" timestamp="2019-03-08T12:31:36Z" user="franciscofrr8" uid="9510781" lat="-7.2157786" lon="-35.9163086"/>
 <node id="6325246203" visible="true" version="1" changeset="67920747" timestamp="2019-03-08T12:31:36Z" user="franciscofrr8" uid="9510781" lat="-7.2156218" lon="-35.9162803"/>
 <node id="6325246204" visible="true" version="1" changeset="67920747" timestamp="2019-03-08T12:31:36Z" user="franciscofrr8" uid="9510781" lat="-7.2155871" lon="-35.9162171"/>
 <node id="6325246205" visible="true" version="1" changeset="67920747" timestamp="2019-03-08T12:31:36Z" user="franciscofrr8" uid="9510781" lat="-7.2155425" lon="-35.9161222"/>
 <node id="6325246206" visible="true" version="1" changeset="67920747" timestamp="2019-03-08T12:31:36Z" user="franciscofrr8" uid="9510781" lat="-7.2155227" lon="-35.9160673"/>
 <node id="6325246207" visible="true" version="1" changeset="67920747" timestamp="2019-03-08T12:31:36Z" user="franciscofrr8" uid="9510781" lat="-7.2155178" lon="-35.9160224"/>
 <node id="6325246208" visible="true" version="1" changeset="67920747" timestamp="2019-03-08T12:31:36Z" user="franciscofrr8" uid="9510781" lat="-7.2154980" lon="-35.9160041"/>
 <node id="6325246209" visible="true" version="1" changeset="67920747" timestamp="2019-03-08T12:31:36Z" user="franciscofrr8" uid="9510781" lat="-7.2154765" lon="-35.9159125"/>
 <node id="6325246210" visible="true" version="1" changeset="67920747" timestamp="2019-03-08T12:31:36Z" user="franciscofrr8" uid="9510781" lat="-7.2154418" lon="-35.9157961"/>
 <node id="6325246211" visible="true" version="1" changeset="67920747" timestamp="2019-03-08T12:31:36Z" user="franciscofrr8" uid="9510781" lat="-7.2154088" lon="-35.9156912"/>
 <node id="6325246212" visible="true" version="1" changeset="67920747" timestamp="2019-03-08T12:31:36Z" user="franciscofrr8" uid="9510781" lat="-7.2153642" lon="-35.9155564"/>
 <node id="6325246213" visible="true" version="1" changeset="67920747" timestamp="2019-03-08T12:31:36Z" user="franciscofrr8" uid="9510781" lat="-7.2153296" lon="-35.9154399"/>
 <node id="6325246214" visible="true" version="1" changeset="67920747" timestamp="2019-03-08T12:31:36Z" user="franciscofrr8" uid="9510781" lat="-7.2152734" lon="-35.9153534"/>
 <node id="6325246215" visible="true" version="1" changeset="67920747" timestamp="2019-03-08T12:31:36Z" user="franciscofrr8" uid="9510781" lat="-7.2152157" lon="-35.9152569"/>
 <node id="6325246216" visible="true" version="1" changeset="67920747" timestamp="2019-03-08T12:31:36Z" user="franciscofrr8" uid="9510781" lat="-7.2151810" lon="-35.9152003"/>
 <node id="6325246217" visible="true" version="1" changeset="67920747" timestamp="2019-03-08T12:31:36Z" user="franciscofrr8" uid="9510781" lat="-7.2151199" lon="-35.9151487"/>
 <node id="6325246218" visible="true" version="1" changeset="67920747" timestamp="2019-03-08T12:31:36Z" user="franciscofrr8" uid="9510781" lat="-7.2150506" lon="-35.9150855"/>
 <node id="6325246219" visible="true" version="1" changeset="67920747" timestamp="2019-03-08T12:31:36Z" user="franciscofrr8" uid="9510781" lat="-7.2149961" lon="-35.9149856"/>
 <node id="6325246220" visible="true" version="1" changeset="67920747" timestamp="2019-03-08T12:31:36Z" user="franciscofrr8" uid="9510781" lat="-7.2149168" lon="-35.9148475"/>
 <node id="6325246226" visible="true" version="1" changeset="67920747" timestamp="2019-03-08T12:31:37Z" user="franciscofrr8" uid="9510781" lat="-7.2146312" lon="-35.9137575"/>
 <node id="6325246227" visible="true" version="1" changeset="67920747" timestamp="2019-03-08T12:31:37Z" user="franciscofrr8" uid="9510781" lat="-7.2146180" lon="-35.9134313"/>
 <node id="6325246228" visible="true" version="1" changeset="67920747" timestamp="2019-03-08T12:31:37Z" user="franciscofrr8" uid="9510781" lat="-7.2146081" lon="-35.9130885"/>
 <node id="6325246229" visible="true" version="1" changeset="67920747" timestamp="2019-03-08T12:31:37Z" user="franciscofrr8" uid="9510781" lat="-7.2146114" lon="-35.9129571"/>
 <node id="6325246230" visible="true" version="1" changeset="67920747" timestamp="2019-03-08T12:31:37Z" user="franciscofrr8" uid="9510781" lat="-7.2146312" lon="-35.9128539"/>
 <node id="6325246231" visible="true" version="1" changeset="67920747" timestamp="2019-03-08T12:31:37Z" user="franciscofrr8" uid="9510781" lat="-7.2146065" lon="-35.9127840"/>
 <node id="6325246232" visible="true" version="1" changeset="67920747" timestamp="2019-03-08T12:31:37Z" user="franciscofrr8" uid="9510781" lat="-7.2146197" lon="-35.9126908"/>
 <node id="6325246233" visible="true" version="1" changeset="67920747" timestamp="2019-03-08T12:31:37Z" user="franciscofrr8" uid="9510781" lat="-7.2146065" lon="-35.9126043"/>
 <node id="6325246234" visible="true" version="1" changeset="67920747" timestamp="2019-03-08T12:31:37Z" user="franciscofrr8" uid="9510781" lat="-7.2146065" lon="-35.9124379"/>
 <node id="6325246235" visible="true" version="1" changeset="67920747" timestamp="2019-03-08T12:31:37Z" user="franciscofrr8" uid="9510781" lat="-7.2146230" lon="-35.9123929"/>
 <node id="6325246236" visible="true" version="1" changeset="67920747" timestamp="2019-03-08T12:31:37Z" user="franciscofrr8" uid="9510781" lat="-7.2146015" lon="-35.9123363"/>
 <node id="6325246237" visible="true" version="1" changeset="67920747" timestamp="2019-03-08T12:31:37Z" user="franciscofrr8" uid="9510781" lat="-7.2145784" lon="-35.9122548"/>
 <node id="6325246238" visible="true" version="1" changeset="67920747" timestamp="2019-03-08T12:31:37Z" user="franciscofrr8" uid="9510781" lat="-7.2145305" lon="-35.9121999"/>
 <node id="6325246239" visible="true" version="1" changeset="67920747" timestamp="2019-03-08T12:31:37Z" user="franciscofrr8" uid="9510781" lat="-7.2145057" lon="-35.9121616"/>
 <node id="6325246240" visible="true" version="1" changeset="67920747" timestamp="2019-03-08T12:31:37Z" user="franciscofrr8" uid="9510781" lat="-7.2144661" lon="-35.9121566"/>
 <node id="6325246241" visible="true" version="1" changeset="67920747" timestamp="2019-03-08T12:31:37Z" user="franciscofrr8" uid="9510781" lat="-7.2144282" lon="-35.9120867"/>
 <node id="6325246242" visible="true" version="1" changeset="67920747" timestamp="2019-03-08T12:31:37Z" user="franciscofrr8" uid="9510781" lat="-7.2143456" lon="-35.9119736"/>
 <node id="6325246243" visible="true" version="1" changeset="67920747" timestamp="2019-03-08T12:31:37Z" user="franciscofrr8" uid="9510781" lat="-7.2143076" lon="-35.9118920"/>
 <node id="6325246244" visible="true" version="1" changeset="67920747" timestamp="2019-03-08T12:31:37Z" user="franciscofrr8" uid="9510781" lat="-7.2142565" lon="-35.9118321"/>
 <node id="6325246245" visible="true" version="1" changeset="67920747" timestamp="2019-03-08T12:31:37Z" user="franciscofrr8" uid="9510781" lat="-7.2142102" lon="-35.9117606"/>
 <node id="6325246246" visible="true" version="1" changeset="67920747" timestamp="2019-03-08T12:31:37Z" user="franciscofrr8" uid="9510781" lat="-7.2141937" lon="-35.9116990"/>
 <node id="6325246247" visible="true" version="1" changeset="67920747" timestamp="2019-03-08T12:31:37Z" user="franciscofrr8" uid="9510781" lat="-7.2141640" lon="-35.9116840"/>
 <node id="6325246248" visible="true" version="1" changeset="67920747" timestamp="2019-03-08T12:31:37Z" user="franciscofrr8" uid="9510781" lat="-7.2141145" lon="-35.9115958"/>
 <node id="6325246249" visible="true" version="1" changeset="67920747" timestamp="2019-03-08T12:31:37Z" user="franciscofrr8" uid="9510781" lat="-7.2140831" lon="-35.9115043"/>
 <node id="6325246250" visible="true" version="1" changeset="67920747" timestamp="2019-03-08T12:31:37Z" user="franciscofrr8" uid="9510781" lat="-7.2140319" lon="-35.9114178"/>
 <node id="6325246251" visible="true" version="1" changeset="67920747" timestamp="2019-03-08T12:31:37Z" user="franciscofrr8" uid="9510781" lat="-7.2140006" lon="-35.9113362"/>
 <node id="6325246252" visible="true" version="2" changeset="139568816" timestamp="2023-08-07T14:40:39Z" user="Raphaelkaart" uid="12468685" lat="-7.2139617" lon="-35.9113140"/>
 <node id="6325246259" visible="true" version="2" changeset="139568816" timestamp="2023-08-07T14:40:39Z" user="Raphaelkaart" uid="12468685" lat="-7.2138850" lon="-35.9109042"/>
 <node id="6325246262" visible="true" version="2" changeset="139568816" timestamp="2023-08-07T14:40:39Z" user="Raphaelkaart" uid="12468685" lat="-7.2138897" lon="-35.9107515"/>
 <node id="6325246264" visible="true" version="2" changeset="139568816" timestamp="2023-08-07T14:40:39Z" user="Raphaelkaart" uid="12468685" lat="-7.2139155" lon="-35.9105892"/>
 <node id="6325246266" visible="true" version="2" changeset="139568816" timestamp="2023-08-07T14:40:39Z" user="Raphaelkaart" uid="12468685" lat="-7.2137707" lon="-35.9105698"/>
 <node id="6325246267" visible="true" version="2" changeset="139568816" timestamp="2023-08-07T14:40:39Z" user="Raphaelkaart" uid="12468685" lat="-7.2136177" lon="-35.9105652"/>
 <node id="6325246269" visible="true" version="1" changeset="67920747" timestamp="2019-03-08T12:31:37Z" user="franciscofrr8" uid="9510781" lat="-7.2135647" lon="-35.9104942"/>
 <node id="6325246270" visible="true" version="1" changeset="67920747" timestamp="2019-03-08T12:31:37Z" user="franciscofrr8" uid="9510781" lat="-7.2136225" lon="-35.9104559"/>
 <node id="6325246271" visible="true" version="1" changeset="67920747" timestamp="2019-03-08T12:31:37Z" user="franciscofrr8" uid="9510781" lat="-7.2136687" lon="-35.9104243"/>
 <node id="6325246272" visible="true" version="1" changeset="67920747" timestamp="2019-03-08T12:31:37Z" user="franciscofrr8" uid="9510781" lat="-7.2136753" lon="-35.9103144"/>
 <node id="6325246273" visible="true" version="1" changeset="67920747" timestamp="2019-03-08T12:31:37Z" user="franciscofrr8" uid="9510781" lat="-7.2136704" lon="-35.9102429"/>
 <node id="6325246274" visible="true" version="1" changeset="67920747" timestamp="2019-03-08T12:31:37Z" user="franciscofrr8" uid="9510781" lat="-7.2136687" lon="-35.9101713"/>
 <node id="6325246275" visible="true" version="1" changeset="67920747" timestamp="2019-03-08T12:31:37Z" user="franciscofrr8" uid="9510781" lat="-7.2137034" lon="-35.9101114"/>
 <node id="6325246276" visible="true" version="1" changeset="67920747" timestamp="2019-03-08T12:31:37Z" user="franciscofrr8" uid="9510781" lat="-7.2137430" lon="-35.9101314"/>
 <node id="6325246277" visible="true" version="1" changeset="67920747" timestamp="2019-03-08T12:31:37Z" user="franciscofrr8" uid="9510781" lat="-7.2138437" lon="-35.9101896"/>
 <node id="6325246278" visible="true" version="1" changeset="67920747" timestamp="2019-03-08T12:31:37Z" user="franciscofrr8" uid="9510781" lat="-7.2139642" lon="-35.9102845"/>
 <node id="6325246279" visible="true" version="1" changeset="67920747" timestamp="2019-03-08T12:31:37Z" user="franciscofrr8" uid="9510781" lat="-7.2140848" lon="-35.9103860"/>
 <node id="6325246280" visible="true" version="1" changeset="67920747" timestamp="2019-03-08T12:31:37Z" user="franciscofrr8" uid="9510781" lat="-7.2141822" lon="-35.9104709"/>
 <node id="6325246281" visible="true" version="1" changeset="67920747" timestamp="2019-03-08T12:31:37Z" user="franciscofrr8" uid="9510781" lat="-7.2142565" lon="-35.9105374"/>
 <node id="6325246282" visible="true" version="1" changeset="67920747" timestamp="2019-03-08T12:31:37Z" user="franciscofrr8" uid="9510781" lat="-7.2142895" lon="-35.9105657"/>
 <node id="6325246283" visible="true" version="1" changeset="67920747" timestamp="2019-03-08T12:31:37Z" user="franciscofrr8" uid="9510781" lat="-7.2143654" lon="-35.9106606"/>
 <node id="6325246284" visible="true" version="1" changeset="67920747" timestamp="2019-03-08T12:31:37Z" user="franciscofrr8" uid="9510781" lat="-7.2144694" lon="-35.9108436"/>
 <node id="6325246285" visible="true" version="1" changeset="67920747" timestamp="2019-03-08T12:31:37Z" user="franciscofrr8" uid="9510781" lat="-7.2145751" lon="-35.9110283"/>
 <node id="6325246286" visible="true" version="1" changeset="67920747" timestamp="2019-03-08T12:31:37Z" user="franciscofrr8" uid="9510781" lat="-7.2147451" lon="-35.9113512"/>
 <node id="6325246287" visible="true" version="1" changeset="67920747" timestamp="2019-03-08T12:31:37Z" user="franciscofrr8" uid="9510781" lat="-7.2149482" lon="-35.9117406"/>
 <node id="6325246288" visible="true" version="1" changeset="67920747" timestamp="2019-03-08T12:31:37Z" user="franciscofrr8" uid="9510781" lat="-7.2151414" lon="-35.9121067"/>
 <node id="6325246289" visible="true" version="1" changeset="67920747" timestamp="2019-03-08T12:31:37Z" user="franciscofrr8" uid="9510781" lat="-7.2153296" lon="-35.9124528"/>
 <node id="6325246290" visible="true" version="1" changeset="67920747" timestamp="2019-03-08T12:31:37Z" user="franciscofrr8" uid="9510781" lat="-7.2154815" lon="-35.9127191"/>
 <node id="6325246291" visible="true" version="1" changeset="67920747" timestamp="2019-03-08T12:31:37Z" user="franciscofrr8" uid="9510781" lat="-7.2155871" lon="-35.9128722"/>
 <node id="6325246292" visible="true" version="1" changeset="67920747" timestamp="2019-03-08T12:31:37Z" user="franciscofrr8" uid="9510781" lat="-7.2157010" lon="-35.9130120"/>
 <node id="6325246293" visible="true" version="1" changeset="67920747" timestamp="2019-03-08T12:31:37Z" user="franciscofrr8" uid="9510781" lat="-7.2158562" lon="-35.9130686"/>
 <node id="6325246294" visible="true" version="1" changeset="67920747" timestamp="2019-03-08T12:31:37Z" user="franciscofrr8" uid="9510781" lat="-7.2160180" lon="-35.9130852"/>
 <node id="6325246295" visible="true" version="1" changeset="67920747" timestamp="2019-03-08T12:31:37Z" user="franciscofrr8" uid="9510781" lat="-7.2161732" lon="-35.9130819"/>
 <node id="6325246296" visible="true" version="1" changeset="67920747" timestamp="2019-03-08T12:31:37Z" user="franciscofrr8" uid="9510781" lat="-7.2163680" lon="-35.9132000"/>
 <node id="6325246297" visible="true" version="1" changeset="67920747" timestamp="2019-03-08T12:31:37Z" user="franciscofrr8" uid="9510781" lat="-7.2165612" lon="-35.9133132"/>
 <node id="6325246298" visible="true" version="1" changeset="67920747" timestamp="2019-03-08T12:31:37Z" user="franciscofrr8" uid="9510781" lat="-7.2166833" lon="-35.9134114"/>
 <node id="6325246299" visible="true" version="1" changeset="67920747" timestamp="2019-03-08T12:31:37Z" user="franciscofrr8" uid="9510781" lat="-7.2167345" lon="-35.9134463"/>
 <node id="6325246300" visible="true" version="1" changeset="67920747" timestamp="2019-03-08T12:31:38Z" user="franciscofrr8" uid="9510781" lat="-7.2167081" lon="-35.9136360"/>
 <node id="6325246301" visible="true" version="1" changeset="67920747" timestamp="2019-03-08T12:31:38Z" user="franciscofrr8" uid="9510781" lat="-7.2166833" lon="-35.9138940"/>
 <node id="6325246302" visible="true" version="1" changeset="67920747" timestamp="2019-03-08T12:31:38Z" user="franciscofrr8" uid="9510781" lat="-7.2166520" lon="-35.9140970"/>
 <node id="6325246303" visible="true" version="1" changeset="67920747" timestamp="2019-03-08T12:31:38Z" user="franciscofrr8" uid="9510781" lat="-7.2166503" lon="-35.9141852"/>
 <node id="6325246304" visible="true" version="1" changeset="67920747" timestamp="2019-03-08T12:31:38Z" user="franciscofrr8" uid="9510781" lat="-7.2162524" lon="-35.9141403"/>
 <node id="6325246305" visible="true" version="1" changeset="67920747" timestamp="2019-03-08T12:31:38Z" user="franciscofrr8" uid="9510781" lat="-7.2159421" lon="-35.9140820"/>
 <node id="6325246306" visible="true" version="1" changeset="67920747" timestamp="2019-03-08T12:31:38Z" user="franciscofrr8" uid="9510781" lat="-7.2157060" lon="-35.9143400"/>
 <node id="6325246307" visible="true" version="1" changeset="67920747" timestamp="2019-03-08T12:31:38Z" user="franciscofrr8" uid="9510781" lat="-7.2160956" lon="-35.9144049"/>
 <node id="6325246309" visible="true" version="1" changeset="67920747" timestamp="2019-03-08T12:31:38Z" user="franciscofrr8" uid="9510781" lat="-7.2162500" lon="-35.9165125"/>
 <node id="6325246310" visible="true" version="1" changeset="67920747" timestamp="2019-03-08T12:31:38Z" user="franciscofrr8" uid="9510781" lat="-7.2146135" lon="-35.9123904"/>
 <node id="6325246311" visible="true" version="1" changeset="67920747" timestamp="2019-03-08T12:31:38Z" user="franciscofrr8" uid="9510781" lat="-7.2145175" lon="-35.9122016"/>
 <node id="6325246312" visible="true" version="1" changeset="67920747" timestamp="2019-03-08T12:31:38Z" user="franciscofrr8" uid="9510781" lat="-7.2144982" lon="-35.9121703"/>
 <node id="6465460008" visible="true" version="1" changeset="70121587" timestamp="2019-05-10T19:07:24Z" user="Matias_Daniel" uid="7142955" lat="-7.2163778" lon="-35.9113888"/>
 <node id="6465460009" visible="true" version="1" changeset="70121587" timestamp="2019-05-10T19:07:24Z" user="Matias_Daniel" uid="7142955" lat="-7.2164014" lon="-35.9112145"/>
 <node id="6465460010" visible="true" version="2" changeset="87001003" timestamp="2020-06-22T22:37:41Z" user="Pedro Serey" uid="11372350" lat="-7.2153998" lon="-35.9097048"/>
 <node id="6465460011" visible="true" version="3" changeset="89569671" timestamp="2020-08-18T10:52:33Z" user="DnieperBasin" uid="10652829" lat="-7.2118600" lon="-35.9087841"/>
 <node id="6465460012" visible="true" version="2" changeset="80574648" timestamp="2020-02-05T08:10:29Z" user="PlazaBaquedano" uid="9225258" lat="-7.2118881" lon="-35.9087954"/>
 <node id="6465460013" visible="true" version="2" changeset="80574648" timestamp="2020-02-05T08:10:29Z" user="PlazaBaquedano" uid="9225258" lat="-7.2119094" lon="-35.9088168"/>
 <node id="6465460014" visible="true" version="2" changeset="80574648" timestamp="2020-02-05T08:10:29Z" user="PlazaBaquedano" uid="9225258" lat="-7.2114523" lon="-35.9081014"/>
 <node id="6465460015" visible="true" version="2" changeset="80574648" timestamp="2020-02-05T08:10:29Z" user="PlazaBaquedano" uid="9225258" lat="-7.2114330" lon="-35.9080249"/>
 <node id="6465460016" visible="true" version="2" changeset="80574648" timestamp="2020-02-05T08:10:29Z" user="PlazaBaquedano" uid="9225258" lat="-7.2114184" lon="-35.9077989"/>
 <node id="6465460017" visible="true" version="2" changeset="80574648" timestamp="2020-02-05T08:10:29Z" user="PlazaBaquedano" uid="9225258" lat="-7.2114390" lon="-35.9077480"/>
 <node id="6465460018" visible="true" version="2" changeset="80574648" timestamp="2020-02-05T08:10:29Z" user="PlazaBaquedano" uid="9225258" lat="-7.2116779" lon="-35.9075321"/>
 <node id="6465460019" visible="true" version="2" changeset="80574648" timestamp="2020-02-05T08:10:29Z" user="PlazaBaquedano" uid="9225258" lat="-7.2116952" lon="-35.9074992"/>
 <node id="6465460020" visible="true" version="2" changeset="80574648" timestamp="2020-02-05T08:10:29Z" user="PlazaBaquedano" uid="9225258" lat="-7.2116260" lon="-35.9068152"/>
 <node id="6465460021" visible="true" version="2" changeset="80574648" timestamp="2020-02-05T08:10:29Z" user="PlazaBaquedano" uid="9225258" lat="-7.2116965" lon="-35.9069835"/>
 <node id="6465460022" visible="true" version="2" changeset="80574648" timestamp="2020-02-05T08:10:29Z" user="PlazaBaquedano" uid="9225258" lat="-7.2116393" lon="-35.9068883"/>
 <node id="6465460025" visible="true" version="1" changeset="70121587" timestamp="2019-05-10T19:07:24Z" user="Matias_Daniel" uid="7142955" lat="-7.2169717" lon="-35.9122958"/>
 <node id="6465460026" visible="true" version="2" changeset="139568816" timestamp="2023-08-07T14:40:39Z" user="Raphaelkaart" uid="12468685" lat="-7.2170534" lon="-35.9124607"/>
 <node id="6465460027" visible="true" version="1" changeset="70121587" timestamp="2019-05-10T19:07:24Z" user="Matias_Daniel" uid="7142955" lat="-7.2173343" lon="-35.9103397"/>
 <node id="6585791774" visible="true" version="2" changeset="80619948" timestamp="2020-02-06T05:29:37Z" user="PlazaBaquedano" uid="9225258" lat="-7.2168693" lon="-35.9133592"/>
 <node id="6585791775" visible="true" version="2" changeset="80619948" timestamp="2020-02-06T05:29:37Z" user="PlazaBaquedano" uid="9225258" lat="-7.2169363" lon="-35.9133522"/>
 <node id="6585791781" visible="true" version="3" changeset="162639926" timestamp="2025-02-17T23:55:27Z" user="elmoneto" uid="1871742" lat="-7.2168162" lon="-35.9133473"/>
 <node id="6585791782" visible="true" version="2" changeset="80619948" timestamp="2020-02-06T05:29:37Z" user="PlazaBaquedano" uid="9225258" lat="-7.2166752" lon="-35.9128918"/>
 <node id="6585791783" visible="true" version="2" changeset="80619948" timestamp="2020-02-06T05:29:37Z" user="PlazaBaquedano" uid="9225258" lat="-7.2170118" lon="-35.9127483"/>
 <node id="6585791796" visible="true" version="3" changeset="174657222" timestamp="2025-11-14T16:54:05Z" user="AnnaCatarina" uid="560578" lat="-7.2220496" lon="-35.9123697">
  <tag k="railway" v="level_crossing"/>
 </node>
 <node id="6585791826" visible="true" version="2" changeset="82362128" timestamp="2020-03-18T20:04:30Z" user="AjBelnuovo" uid="1799626" lat="-7.2292305" lon="-35.9110796">
  <tag k="railway" v="level_crossing"/>
 </node>
 <node id="6585791830" visible="true" version="1" changeset="71846154" timestamp="2019-07-03T06:31:27Z" user="patodiez" uid="1856060" lat="-7.2241235" lon="-35.9118535">
  <tag k="railway" v="level_crossing"/>
 </node>
 <node id="6587886253" visible="true" version="2" changeset="80669478" timestamp="2020-02-07T03:52:24Z" user="PlazaBaquedano" uid="9225258" lat="-7.2169413" lon="-35.9079646"/>
 <node id="6587896589" visible="true" version="2" changeset="80567820" timestamp="2020-02-05T05:58:10Z" user="PlazaBaquedano" uid="9225258" lat="-7.2110485" lon="-35.9098247"/>
 <node id="6587896597" visible="true" version="2" changeset="80569430" timestamp="2020-02-05T06:28:42Z" user="PlazaBaquedano" uid="9225258" lat="-7.2072939" lon="-35.9063378">
  <tag k="railway" v="level_crossing"/>
 </node>
 <node id="6587896608" visible="true" version="2" changeset="80519833" timestamp="2020-02-04T08:30:22Z" user="PlazaBaquedano" uid="9225258" lat="-7.2105762" lon="-35.9100061"/>
 <node id="6587896609" visible="true" version="2" changeset="80567820" timestamp="2020-02-05T05:58:10Z" user="PlazaBaquedano" uid="9225258" lat="-7.2106780" lon="-35.9100607"/>
 <node id="6670471086" visible="true" version="1" changeset="72904355" timestamp="2019-08-01T15:19:49Z" user="mr_et" uid="9565107" lat="-7.2141662" lon="-35.9089774"/>
 <node id="6670471087" visible="true" version="2" changeset="87001003" timestamp="2020-06-22T22:37:41Z" user="Pedro Serey" uid="11372350" lat="-7.2139695" lon="-35.9075806"/>
 <node id="6670471088" visible="true" version="1" changeset="72904355" timestamp="2019-08-01T15:19:49Z" user="mr_et" uid="9565107" lat="-7.2147842" lon="-35.9086932"/>
 <node id="6682323652" visible="true" version="1" changeset="73001318" timestamp="2019-08-05T00:57:14Z" user="UsuárioPar" uid="367813" lat="-7.2297655" lon="-35.9006182">
  <tag k="railway" v="switch"/>
 </node>
 <node id="7183688741" visible="true" version="2" changeset="140829827" timestamp="2023-09-05T04:14:36Z" user="Solheimajokull" uid="10334725" lat="-7.2108367" lon="-35.9093855"/>
 <node id="7183688742" visible="true" version="1" changeset="80519833" timestamp="2020-02-04T08:30:22Z" user="PlazaBaquedano" uid="9225258" lat="-7.2112415" lon="-35.9093606"/>
 <node id="7183688743" visible="true" version="1" changeset="80519833" timestamp="2020-02-04T08:30:22Z" user="PlazaBaquedano" uid="9225258" lat="-7.2115900" lon="-35.9093553"/>
 <node id="7183688744" visible="true" version="2" changeset="80785730" timestamp="2020-02-10T09:07:03Z" user="PlazaBaquedano" uid="9225258" lat="-7.2119459" lon="-35.9093553"/>
 <node id="7186877354" visible="true" version="1" changeset="80567820" timestamp="2020-02-05T05:58:10Z" user="PlazaBaquedano" uid="9225258" lat="-7.2124728" lon="-35.9098019"/>
 <node id="7186877355" visible="true" version="1" changeset="80567820" timestamp="2020-02-05T05:58:10Z" user="PlazaBaquedano" uid="9225258" lat="-7.2122832" lon="-35.9097885"/>
 <node id="7186877356" visible="true" version="1" changeset="80567820" timestamp="2020-02-05T05:58:10Z" user="PlazaBaquedano" uid="9225258" lat="-7.2118508" lon="-35.9097663"/>
 <node id="7186877357" visible="true" version="1" changeset="80567820" timestamp="2020-02-05T05:58:10Z" user="PlazaBaquedano" uid="9225258" lat="-7.2115834" lon="-35.9097576"/>
 <node id="7186877358" visible="true" version="1" changeset="80567820" timestamp="2020-02-05T05:58:10Z" user="PlazaBaquedano" uid="9225258" lat="-7.2114091" lon="-35.9097596"/>
 <node id="7186877359" visible="true" version="1" changeset="80567820" timestamp="2020-02-05T05:58:10Z" user="PlazaBaquedano" uid="9225258" lat="-7.2104724" lon="-35.9104510"/>
 <node id="7186963740" visible="true" version="1" changeset="80569704" timestamp="2020-02-05T06:33:01Z" user="PlazaBaquedano" uid="9225258" lat="-7.2124841" lon="-35.9057135"/>
 <node id="7186963741" visible="true" version="2" changeset="153276766" timestamp="2024-06-28T06:34:17Z" user="LakeTaupo" uid="20681087" lat="-7.2122287" lon="-35.9057141"/>
 <node id="7186963742" visible="true" version="2" changeset="153276766" timestamp="2024-06-28T06:34:17Z" user="LakeTaupo" uid="20681087" lat="-7.2121608" lon="-35.9057144"/>
 <node id="7186963744" visible="true" version="2" changeset="153276766" timestamp="2024-06-28T06:34:17Z" user="LakeTaupo" uid="20681087" lat="-7.2118118" lon="-35.9057814"/>
 <node id="7186963745" visible="true" version="2" changeset="116182091" timestamp="2022-01-15T13:22:16Z" user="andrewamaro" uid="9089009" lat="-7.2115946" lon="-35.9058964"/>
 <node id="7186963746" visible="true" version="1" changeset="80569704" timestamp="2020-02-05T06:33:01Z" user="PlazaBaquedano" uid="9225258" lat="-7.2115342" lon="-35.9059522"/>
 <node id="7186963747" visible="true" version="1" changeset="80569704" timestamp="2020-02-05T06:33:01Z" user="PlazaBaquedano" uid="9225258" lat="-7.2113985" lon="-35.9060991"/>
 <node id="7186963748" visible="true" version="2" changeset="153276766" timestamp="2024-06-28T06:34:17Z" user="LakeTaupo" uid="20681087" lat="-7.2112601" lon="-35.9063352"/>
 <node id="7186963749" visible="true" version="2" changeset="153276766" timestamp="2024-06-28T06:34:17Z" user="LakeTaupo" uid="20681087" lat="-7.2112507" lon="-35.9063853"/>
 <node id="7186963750" visible="true" version="1" changeset="80569704" timestamp="2020-02-05T06:33:01Z" user="PlazaBaquedano" uid="9225258" lat="-7.2112182" lon="-35.9065779"/>
 <node id="7186963751" visible="true" version="1" changeset="80569704" timestamp="2020-02-05T06:33:01Z" user="PlazaBaquedano" uid="9225258" lat="-7.2111896" lon="-35.9067804"/>
 <node id="7186963752" visible="true" version="1" changeset="80569704" timestamp="2020-02-05T06:33:01Z" user="PlazaBaquedano" uid="9225258" lat="-7.2111590" lon="-35.9070788"/>
 <node id="7186963753" visible="true" version="1" changeset="80569704" timestamp="2020-02-05T06:33:01Z" user="PlazaBaquedano" uid="9225258" lat="-7.2111284" lon="-35.9073798"/>
 <node id="7186963754" visible="true" version="1" changeset="80569704" timestamp="2020-02-05T06:33:01Z" user="PlazaBaquedano" uid="9225258" lat="-7.2111177" lon="-35.9075488"/>
 <node id="7186963755" visible="true" version="1" changeset="80569704" timestamp="2020-02-05T06:33:01Z" user="PlazaBaquedano" uid="9225258" lat="-7.2111217" lon="-35.9077406"/>
 <node id="7186963756" visible="true" version="1" changeset="80569704" timestamp="2020-02-05T06:33:01Z" user="PlazaBaquedano" uid="9225258" lat="-7.2111463" lon="-35.9078157"/>
 <node id="7186963757" visible="true" version="1" changeset="80569704" timestamp="2020-02-05T06:33:01Z" user="PlazaBaquedano" uid="9225258" lat="-7.2111809" lon="-35.9078988"/>
 <node id="7186963762" visible="true" version="1" changeset="80569704" timestamp="2020-02-05T06:33:01Z" user="PlazaBaquedano" uid="9225258" lat="-7.2119134" lon="-35.9090951"/>
 <node id="7186963763" visible="true" version="1" changeset="80569704" timestamp="2020-02-05T06:33:01Z" user="PlazaBaquedano" uid="9225258" lat="-7.2119766" lon="-35.9091729"/>
 <node id="7186963764" visible="true" version="1" changeset="80569704" timestamp="2020-02-05T06:33:01Z" user="PlazaBaquedano" uid="9225258" lat="-7.2120358" lon="-35.9092399"/>
 <node id="7186963765" visible="true" version="1" changeset="80569704" timestamp="2020-02-05T06:33:01Z" user="PlazaBaquedano" uid="9225258" lat="-7.2120963" lon="-35.9092862"/>
 <node id="7187135709" visible="true" version="1" changeset="80574648" timestamp="2020-02-05T08:10:29Z" user="PlazaBaquedano" uid="9225258" lat="-7.2116978" lon="-35.9058885"/>
 <node id="7187135710" visible="true" version="1" changeset="80574648" timestamp="2020-02-05T08:10:29Z" user="PlazaBaquedano" uid="9225258" lat="-7.2117550" lon="-35.9059911"/>
 <node id="7187135711" visible="true" version="1" changeset="80574648" timestamp="2020-02-05T08:10:29Z" user="PlazaBaquedano" uid="9225258" lat="-7.2117278" lon="-35.9060521"/>
 <node id="7187135712" visible="true" version="1" changeset="80574648" timestamp="2020-02-05T08:10:29Z" user="PlazaBaquedano" uid="9225258" lat="-7.2117178" lon="-35.9062952"/>
 <node id="7187135713" visible="true" version="1" changeset="80574648" timestamp="2020-02-05T08:10:29Z" user="PlazaBaquedano" uid="9225258" lat="-7.2117144" lon="-35.9064102"/>
 <node id="7187135714" visible="true" version="1" changeset="80574648" timestamp="2020-02-05T08:10:29Z" user="PlazaBaquedano" uid="9225258" lat="-7.2117244" lon="-35.9065115"/>
 <node id="7187135715" visible="true" version="1" changeset="80574648" timestamp="2020-02-05T08:10:29Z" user="PlazaBaquedano" uid="9225258" lat="-7.2117224" lon="-35.9065732"/>
 <node id="7187135716" visible="true" version="1" changeset="80574648" timestamp="2020-02-05T08:10:29Z" user="PlazaBaquedano" uid="9225258" lat="-7.2117158" lon="-35.9066496"/>
 <node id="7187135717" visible="true" version="1" changeset="80574648" timestamp="2020-02-05T08:10:29Z" user="PlazaBaquedano" uid="9225258" lat="-7.2117125" lon="-35.9066918"/>
 <node id="7187135718" visible="true" version="1" changeset="80574648" timestamp="2020-02-05T08:10:29Z" user="PlazaBaquedano" uid="9225258" lat="-7.2117038" lon="-35.9067475"/>
 <node id="7187135719" visible="true" version="1" changeset="80574648" timestamp="2020-02-05T08:10:29Z" user="PlazaBaquedano" uid="9225258" lat="-7.2116852" lon="-35.9068635"/>
 <node id="7187135720" visible="true" version="1" changeset="80574648" timestamp="2020-02-05T08:10:29Z" user="PlazaBaquedano" uid="9225258" lat="-7.2116705" lon="-35.9064585"/>
 <node id="7187135721" visible="true" version="1" changeset="80574648" timestamp="2020-02-05T08:10:29Z" user="PlazaBaquedano" uid="9225258" lat="-7.2116459" lon="-35.9066208"/>
 <node id="7187135722" visible="true" version="1" changeset="80574648" timestamp="2020-02-05T08:10:29Z" user="PlazaBaquedano" uid="9225258" lat="-7.2116359" lon="-35.9067160"/>
 <node id="7187135723" visible="true" version="1" changeset="80574648" timestamp="2020-02-05T08:10:29Z" user="PlazaBaquedano" uid="9225258" lat="-7.2116286" lon="-35.9068528"/>
 <node id="7187135724" visible="true" version="1" changeset="80574648" timestamp="2020-02-05T08:10:29Z" user="PlazaBaquedano" uid="9225258" lat="-7.2116785" lon="-35.9069480"/>
 <node id="7187135725" visible="true" version="1" changeset="80574648" timestamp="2020-02-05T08:10:29Z" user="PlazaBaquedano" uid="9225258" lat="-7.2116985" lon="-35.9070727"/>
 <node id="7187135726" visible="true" version="1" changeset="80574648" timestamp="2020-02-05T08:10:29Z" user="PlazaBaquedano" uid="9225258" lat="-7.2116998" lon="-35.9071485"/>
 <node id="7187135727" visible="true" version="1" changeset="80574648" timestamp="2020-02-05T08:10:29Z" user="PlazaBaquedano" uid="9225258" lat="-7.2116985" lon="-35.9074181"/>
 <node id="7187135728" visible="true" version="1" changeset="80574648" timestamp="2020-02-05T08:10:29Z" user="PlazaBaquedano" uid="9225258" lat="-7.2116885" lon="-35.9075160"/>
 <node id="7187135729" visible="true" version="1" changeset="80574648" timestamp="2020-02-05T08:10:29Z" user="PlazaBaquedano" uid="9225258" lat="-7.2116499" lon="-35.9075582"/>
 <node id="7187135730" visible="true" version="1" changeset="80574648" timestamp="2020-02-05T08:10:29Z" user="PlazaBaquedano" uid="9225258" lat="-7.2115987" lon="-35.9076011"/>
 <node id="7187135731" visible="true" version="1" changeset="80574648" timestamp="2020-02-05T08:10:29Z" user="PlazaBaquedano" uid="9225258" lat="-7.2114863" lon="-35.9076977"/>
 <node id="7187135732" visible="true" version="1" changeset="80574648" timestamp="2020-02-05T08:10:29Z" user="PlazaBaquedano" uid="9225258" lat="-7.2114257" lon="-35.9077714"/>
 <node id="7187135733" visible="true" version="1" changeset="80574648" timestamp="2020-02-05T08:10:29Z" user="PlazaBaquedano" uid="9225258" lat="-7.2114177" lon="-35.9078264"/>
 <node id="7187135734" visible="true" version="1" changeset="80574648" timestamp="2020-02-05T08:10:29Z" user="PlazaBaquedano" uid="9225258" lat="-7.2114231" lon="-35.9078935"/>
 <node id="7187135735" visible="true" version="1" changeset="80574648" timestamp="2020-02-05T08:10:29Z" user="PlazaBaquedano" uid="9225258" lat="-7.2114257" lon="-35.9079599"/>
 <node id="7187135736" visible="true" version="1" changeset="80574648" timestamp="2020-02-05T08:10:29Z" user="PlazaBaquedano" uid="9225258" lat="-7.2114390" lon="-35.9080651"/>
 <node id="7187135737" visible="true" version="1" changeset="80574648" timestamp="2020-02-05T08:10:29Z" user="PlazaBaquedano" uid="9225258" lat="-7.2114703" lon="-35.9081416"/>
 <node id="7187135738" visible="true" version="1" changeset="80574648" timestamp="2020-02-05T08:10:29Z" user="PlazaBaquedano" uid="9225258" lat="-7.2115115" lon="-35.9082086"/>
 <node id="7187135739" visible="true" version="1" changeset="80574648" timestamp="2020-02-05T08:10:29Z" user="PlazaBaquedano" uid="9225258" lat="-7.2116379" lon="-35.9084058"/>
 <node id="7187135740" visible="true" version="1" changeset="80574648" timestamp="2020-02-05T08:10:29Z" user="PlazaBaquedano" uid="9225258" lat="-7.2118255" lon="-35.9087035"/>
 <node id="7187135741" visible="true" version="1" changeset="80574648" timestamp="2020-02-05T08:10:29Z" user="PlazaBaquedano" uid="9225258" lat="-7.2119732" lon="-35.9088343"/>
 <node id="7187135742" visible="true" version="1" changeset="80574648" timestamp="2020-02-05T08:10:29Z" user="PlazaBaquedano" uid="9225258" lat="-7.2120145" lon="-35.9088329"/>
 <node id="7187135743" visible="true" version="1" changeset="80574648" timestamp="2020-02-05T08:10:29Z" user="PlazaBaquedano" uid="9225258" lat="-7.2120724" lon="-35.9088309"/>
 <node id="7189408485" visible="true" version="1" changeset="80619948" timestamp="2020-02-06T05:29:37Z" user="PlazaBaquedano" uid="9225258" lat="-7.2171076" lon="-35.9128703"/>
 <node id="7189408486" visible="true" version="1" changeset="80619948" timestamp="2020-02-06T05:29:37Z" user="PlazaBaquedano" uid="9225258" lat="-7.2168841" lon="-35.9127040"/>
 <node id="7189408487" visible="true" version="1" changeset="80619948" timestamp="2020-02-06T05:29:37Z" user="PlazaBaquedano" uid="9225258" lat="-7.2171039" lon="-35.9128546"/>
 <node id="7189408488" visible="true" version="1" changeset="80619948" timestamp="2020-02-06T05:29:37Z" user="PlazaBaquedano" uid="9225258" lat="-7.2171249" lon="-35.9130460"/>
 <node id="7189408496" visible="true" version="1" changeset="80619948" timestamp="2020-02-06T05:29:37Z" user="PlazaBaquedano" uid="9225258" lat="-7.2169155" lon="-35.9133550"/>
 <node id="7189408497" visible="true" version="1" changeset="80619948" timestamp="2020-02-06T05:29:37Z" user="PlazaBaquedano" uid="9225258" lat="-7.2164363" lon="-35.9127516"/>
 <node id="7189408498" visible="true" version="1" changeset="80619948" timestamp="2020-02-06T05:29:37Z" user="PlazaBaquedano" uid="9225258" lat="-7.2165215" lon="-35.9127603"/>
 <node id="7189408499" visible="true" version="1" changeset="80619948" timestamp="2020-02-06T05:29:37Z" user="PlazaBaquedano" uid="9225258" lat="-7.2163825" lon="-35.9127375"/>
 <node id="7189408500" visible="true" version="1" changeset="80619948" timestamp="2020-02-06T05:29:37Z" user="PlazaBaquedano" uid="9225258" lat="-7.2162993" lon="-35.9128127"/>
 <node id="7189408501" visible="true" version="1" changeset="80619948" timestamp="2020-02-06T05:29:37Z" user="PlazaBaquedano" uid="9225258" lat="-7.2162940" lon="-35.9129132"/>
 <node id="7189408502" visible="true" version="1" changeset="80619948" timestamp="2020-02-06T05:29:37Z" user="PlazaBaquedano" uid="9225258" lat="-7.2162572" lon="-35.9130098"/>
 <node id="7189408503" visible="true" version="1" changeset="80619948" timestamp="2020-02-06T05:29:37Z" user="PlazaBaquedano" uid="9225258" lat="-7.2162922" lon="-35.9127545"/>
 <node id="7189408504" visible="true" version="1" changeset="80619948" timestamp="2020-02-06T05:29:37Z" user="PlazaBaquedano" uid="9225258" lat="-7.2167289" lon="-35.9127997"/>
 <node id="7189408506" visible="true" version="1" changeset="80619948" timestamp="2020-02-06T05:29:37Z" user="PlazaBaquedano" uid="9225258" lat="-7.2166512" lon="-35.9131841"/>
 <node id="7189408507" visible="true" version="1" changeset="80619948" timestamp="2020-02-06T05:29:37Z" user="PlazaBaquedano" uid="9225258" lat="-7.2163465" lon="-35.9128140"/>
 <node id="7189871488" visible="true" version="1" changeset="80623075" timestamp="2020-02-06T06:36:25Z" user="PlazaBaquedano" uid="9225258" lat="-7.2176784" lon="-35.9123875"/>
 <node id="7189871489" visible="true" version="1" changeset="80623075" timestamp="2020-02-06T06:36:25Z" user="PlazaBaquedano" uid="9225258" lat="-7.2181680" lon="-35.9127845"/>
 <node id="7189871490" visible="true" version="1" changeset="80623075" timestamp="2020-02-06T06:36:25Z" user="PlazaBaquedano" uid="9225258" lat="-7.2183769" lon="-35.9129441"/>
 <node id="7192210656" visible="true" version="3" changeset="81684456" timestamp="2020-03-02T14:05:58Z" user="GfcA" uid="3118453" lat="-7.2163369" lon="-35.9102840"/>
 <node id="7192210657" visible="true" version="3" changeset="81684456" timestamp="2020-03-02T14:05:58Z" user="GfcA" uid="3118453" lat="-7.2163915" lon="-35.9102329"/>
 <node id="7192210659" visible="true" version="3" changeset="81684456" timestamp="2020-03-02T14:05:58Z" user="GfcA" uid="3118453" lat="-7.2163877" lon="-35.9100378"/>
 <node id="7192210661" visible="true" version="3" changeset="81684456" timestamp="2020-03-02T14:05:58Z" user="GfcA" uid="3118453" lat="-7.2164085" lon="-35.9100522"/>
 <node id="7192210662" visible="true" version="2" changeset="88726216" timestamp="2020-07-30T10:20:10Z" user="DnieperBasin" uid="10652829" lat="-7.2161416" lon="-35.9091420"/>
 <node id="7192210663" visible="true" version="1" changeset="80665677" timestamp="2020-02-07T01:35:58Z" user="PlazaBaquedano" uid="9225258" lat="-7.2161403" lon="-35.9088041"/>
 <node id="7192210664" visible="true" version="1" changeset="80665677" timestamp="2020-02-07T01:35:58Z" user="PlazaBaquedano" uid="9225258" lat="-7.2161363" lon="-35.9088457"/>
 <node id="7192210665" visible="true" version="2" changeset="88726216" timestamp="2020-07-30T10:20:10Z" user="DnieperBasin" uid="10652829" lat="-7.2161902" lon="-35.9087612"/>
 <node id="7192210666" visible="true" version="2" changeset="88726216" timestamp="2020-07-30T10:20:10Z" user="DnieperBasin" uid="10652829" lat="-7.2163771" lon="-35.9087645"/>
 <node id="7192210667" visible="true" version="2" changeset="88726216" timestamp="2020-07-30T10:20:10Z" user="DnieperBasin" uid="10652829" lat="-7.2163392" lon="-35.9087618"/>
 <node id="7192210668" visible="true" version="2" changeset="88726216" timestamp="2020-07-30T10:20:10Z" user="DnieperBasin" uid="10652829" lat="-7.2164051" lon="-35.9087686"/>
 <node id="7192210669" visible="true" version="1" changeset="80665677" timestamp="2020-02-07T01:35:58Z" user="PlazaBaquedano" uid="9225258" lat="-7.2140435" lon="-35.9058590"/>
 <node id="7192210670" visible="true" version="1" changeset="80665677" timestamp="2020-02-07T01:35:58Z" user="PlazaBaquedano" uid="9225258" lat="-7.2140528" lon="-35.9058765"/>
 <node id="7192210671" visible="true" version="1" changeset="80665677" timestamp="2020-02-07T01:35:58Z" user="PlazaBaquedano" uid="9225258" lat="-7.2140581" lon="-35.9058932"/>
 <node id="7192210672" visible="true" version="1" changeset="80665677" timestamp="2020-02-07T01:35:58Z" user="PlazaBaquedano" uid="9225258" lat="-7.2140614" lon="-35.9059207"/>
 <node id="7192210673" visible="true" version="1" changeset="80665677" timestamp="2020-02-07T01:35:58Z" user="PlazaBaquedano" uid="9225258" lat="-7.2140634" lon="-35.9059509"/>
 <node id="7192210674" visible="true" version="1" changeset="80665677" timestamp="2020-02-07T01:35:58Z" user="PlazaBaquedano" uid="9225258" lat="-7.2140608" lon="-35.9060226"/>
 <node id="7192210675" visible="true" version="1" changeset="80665677" timestamp="2020-02-07T01:35:58Z" user="PlazaBaquedano" uid="9225258" lat="-7.2140594" lon="-35.9062962"/>
 <node id="7192210676" visible="true" version="1" changeset="80665677" timestamp="2020-02-07T01:35:58Z" user="PlazaBaquedano" uid="9225258" lat="-7.2137561" lon="-35.9064008"/>
 <node id="7192210677" visible="true" version="1" changeset="80665677" timestamp="2020-02-07T01:35:58Z" user="PlazaBaquedano" uid="9225258" lat="-7.2141612" lon="-35.9069480"/>
 <node id="7192210678" visible="true" version="1" changeset="80665677" timestamp="2020-02-07T01:35:58Z" user="PlazaBaquedano" uid="9225258" lat="-7.2141885" lon="-35.9069835"/>
 <node id="7192210679" visible="true" version="1" changeset="80665677" timestamp="2020-02-07T01:35:58Z" user="PlazaBaquedano" uid="9225258" lat="-7.2141885" lon="-35.9070124"/>
 <node id="7192210680" visible="true" version="1" changeset="80665677" timestamp="2020-02-07T01:35:58Z" user="PlazaBaquedano" uid="9225258" lat="-7.2141858" lon="-35.9072202"/>
 <node id="7192210681" visible="true" version="1" changeset="80665677" timestamp="2020-02-07T01:35:58Z" user="PlazaBaquedano" uid="9225258" lat="-7.2141872" lon="-35.9073986"/>
 <node id="7192210682" visible="true" version="1" changeset="80665677" timestamp="2020-02-07T01:35:58Z" user="PlazaBaquedano" uid="9225258" lat="-7.2142603" lon="-35.9077701"/>
 <node id="7192210683" visible="true" version="1" changeset="80665677" timestamp="2020-02-07T01:35:58Z" user="PlazaBaquedano" uid="9225258" lat="-7.2143229" lon="-35.9078680"/>
 <node id="7192210684" visible="true" version="1" changeset="80665677" timestamp="2020-02-07T01:35:58Z" user="PlazaBaquedano" uid="9225258" lat="-7.2143987" lon="-35.9080893"/>
 <node id="7192248685" visible="true" version="1" changeset="80665677" timestamp="2020-02-07T01:35:58Z" user="PlazaBaquedano" uid="9225258" lat="-7.2144014" lon="-35.9081966"/>
 <node id="7192248686" visible="true" version="1" changeset="80665677" timestamp="2020-02-07T01:35:58Z" user="PlazaBaquedano" uid="9225258" lat="-7.2143974" lon="-35.9083173"/>
 <node id="7192248687" visible="true" version="1" changeset="80665677" timestamp="2020-02-07T01:35:58Z" user="PlazaBaquedano" uid="9225258" lat="-7.2143841" lon="-35.9083870"/>
 <node id="7192248688" visible="true" version="1" changeset="80665677" timestamp="2020-02-07T01:35:58Z" user="PlazaBaquedano" uid="9225258" lat="-7.2143694" lon="-35.9084326"/>
 <node id="7192248689" visible="true" version="1" changeset="80665677" timestamp="2020-02-07T01:35:58Z" user="PlazaBaquedano" uid="9225258" lat="-7.2122433" lon="-35.9088323"/>
 <node id="7192248690" visible="true" version="1" changeset="80665677" timestamp="2020-02-07T01:35:58Z" user="PlazaBaquedano" uid="9225258" lat="-7.2129511" lon="-35.9088336"/>
 <node id="7192248691" visible="true" version="1" changeset="80665677" timestamp="2020-02-07T01:35:58Z" user="PlazaBaquedano" uid="9225258" lat="-7.2132239" lon="-35.9088309"/>
 <node id="7192248692" visible="true" version="1" changeset="80665677" timestamp="2020-02-07T01:35:58Z" user="PlazaBaquedano" uid="9225258" lat="-7.2137654" lon="-35.9094331"/>
 <node id="7192248693" visible="true" version="2" changeset="88726216" timestamp="2020-07-30T10:20:10Z" user="DnieperBasin" uid="10652829" lat="-7.2159368" lon="-35.9105153"/>
 <node id="7192248694" visible="true" version="2" changeset="88726216" timestamp="2020-07-30T10:20:10Z" user="DnieperBasin" uid="10652829" lat="-7.2158436" lon="-35.9110089"/>
 <node id="7192248695" visible="true" version="2" changeset="88726216" timestamp="2020-07-30T10:20:10Z" user="DnieperBasin" uid="10652829" lat="-7.2157784" lon="-35.9113026"/>
 <node id="7192248696" visible="true" version="2" changeset="88726216" timestamp="2020-07-30T10:20:10Z" user="DnieperBasin" uid="10652829" lat="-7.2157092" lon="-35.9115949"/>
 <node id="7192248697" visible="true" version="2" changeset="88726216" timestamp="2020-07-30T10:20:10Z" user="DnieperBasin" uid="10652829" lat="-7.2159426" lon="-35.9116965"/>
 <node id="7192248698" visible="true" version="2" changeset="88726216" timestamp="2020-07-30T10:20:10Z" user="DnieperBasin" uid="10652829" lat="-7.2165235" lon="-35.9116180"/>
 <node id="7192248699" visible="true" version="2" changeset="88726216" timestamp="2020-07-30T10:20:10Z" user="DnieperBasin" uid="10652829" lat="-7.2167407" lon="-35.9115887"/>
 <node id="7192344509" visible="true" version="1" changeset="80668330" timestamp="2020-02-07T03:17:06Z" user="PlazaBaquedano" uid="9225258" lat="-7.2123251" lon="-35.9093560"/>
 <node id="7192344510" visible="true" version="1" changeset="80668330" timestamp="2020-02-07T03:17:06Z" user="PlazaBaquedano" uid="9225258" lat="-7.2124329" lon="-35.9093613"/>
 <node id="7192344511" visible="true" version="1" changeset="80668330" timestamp="2020-02-07T03:17:06Z" user="PlazaBaquedano" uid="9225258" lat="-7.2125759" lon="-35.9093600"/>
 <node id="7192344512" visible="true" version="1" changeset="80668330" timestamp="2020-02-07T03:17:06Z" user="PlazaBaquedano" uid="9225258" lat="-7.2128341" lon="-35.9093573"/>
 <node id="7192344513" visible="true" version="2" changeset="80673730" timestamp="2020-02-07T05:59:32Z" user="PlazaBaquedano" uid="9225258" lat="-7.2130123" lon="-35.9093707"/>
 <node id="7192344514" visible="true" version="2" changeset="80673730" timestamp="2020-02-07T05:59:32Z" user="PlazaBaquedano" uid="9225258" lat="-7.2131427" lon="-35.9093855"/>
 <node id="7192344515" visible="true" version="2" changeset="80673730" timestamp="2020-02-07T05:59:32Z" user="PlazaBaquedano" uid="9225258" lat="-7.2135758" lon="-35.9094834"/>
 <node id="7192344516" visible="true" version="2" changeset="80673730" timestamp="2020-02-07T05:59:32Z" user="PlazaBaquedano" uid="9225258" lat="-7.2138226" lon="-35.9095672"/>
 <node id="7192344517" visible="true" version="2" changeset="80673730" timestamp="2020-02-07T05:59:32Z" user="PlazaBaquedano" uid="9225258" lat="-7.2141539" lon="-35.9097375"/>
 <node id="7192344518" visible="true" version="2" changeset="80673730" timestamp="2020-02-07T05:59:32Z" user="PlazaBaquedano" uid="9225258" lat="-7.2142364" lon="-35.9098005"/>
 <node id="7192344519" visible="true" version="2" changeset="80673730" timestamp="2020-02-07T05:59:32Z" user="PlazaBaquedano" uid="9225258" lat="-7.2144579" lon="-35.9100037"/>
 <node id="7192344520" visible="true" version="2" changeset="80673730" timestamp="2020-02-07T05:59:32Z" user="PlazaBaquedano" uid="9225258" lat="-7.2145304" lon="-35.9100775"/>
 <node id="7192344521" visible="true" version="2" changeset="80673730" timestamp="2020-02-07T05:59:32Z" user="PlazaBaquedano" uid="9225258" lat="-7.2147074" lon="-35.9102961"/>
 <node id="7192344522" visible="true" version="1" changeset="80668330" timestamp="2020-02-07T03:17:06Z" user="PlazaBaquedano" uid="9225258" lat="-7.2148411" lon="-35.9105422"/>
 <node id="7192344523" visible="true" version="1" changeset="80668330" timestamp="2020-02-07T03:17:06Z" user="PlazaBaquedano" uid="9225258" lat="-7.2150653" lon="-35.9109934"/>
 <node id="7192344524" visible="true" version="1" changeset="80668330" timestamp="2020-02-07T03:17:06Z" user="PlazaBaquedano" uid="9225258" lat="-7.2151691" lon="-35.9111926"/>
 <node id="7192344525" visible="true" version="1" changeset="80668330" timestamp="2020-02-07T03:17:06Z" user="PlazaBaquedano" uid="9225258" lat="-7.2155236" lon="-35.9118893"/>
 <node id="7192344526" visible="true" version="1" changeset="80668330" timestamp="2020-02-07T03:17:06Z" user="PlazaBaquedano" uid="9225258" lat="-7.2156327" lon="-35.9120730"/>
 <node id="7192344527" visible="true" version="1" changeset="80668330" timestamp="2020-02-07T03:17:06Z" user="PlazaBaquedano" uid="9225258" lat="-7.2157804" lon="-35.9123185"/>
 <node id="7192344528" visible="true" version="1" changeset="80668330" timestamp="2020-02-07T03:17:06Z" user="PlazaBaquedano" uid="9225258" lat="-7.2158430" lon="-35.9123936"/>
 <node id="7192344529" visible="true" version="1" changeset="80668330" timestamp="2020-02-07T03:17:06Z" user="PlazaBaquedano" uid="9225258" lat="-7.2160379" lon="-35.9125672"/>
 <node id="7192344530" visible="true" version="1" changeset="80668330" timestamp="2020-02-07T03:17:06Z" user="PlazaBaquedano" uid="9225258" lat="-7.2160818" lon="-35.9125994"/>
 <node id="7192344531" visible="true" version="1" changeset="80668330" timestamp="2020-02-07T03:17:06Z" user="PlazaBaquedano" uid="9225258" lat="-7.2161263" lon="-35.9126303"/>
 <node id="7192347175" visible="true" version="1" changeset="80668626" timestamp="2020-02-07T03:27:21Z" user="PlazaBaquedano" uid="9225258" lat="-7.2127529" lon="-35.9057088"/>
 <node id="7192347176" visible="true" version="1" changeset="80668626" timestamp="2020-02-07T03:27:21Z" user="PlazaBaquedano" uid="9225258" lat="-7.2130775" lon="-35.9057035"/>
 <node id="7192347177" visible="true" version="1" changeset="80668626" timestamp="2020-02-07T03:27:21Z" user="PlazaBaquedano" uid="9225258" lat="-7.2143748" lon="-35.9056900"/>
 <node id="7192347178" visible="true" version="1" changeset="80668626" timestamp="2020-02-07T03:27:21Z" user="PlazaBaquedano" uid="9225258" lat="-7.2147925" lon="-35.9056793"/>
 <node id="7192347179" visible="true" version="1" changeset="80668626" timestamp="2020-02-07T03:27:21Z" user="PlazaBaquedano" uid="9225258" lat="-7.2152955" lon="-35.9056672"/>
 <node id="7192364035" visible="true" version="2" changeset="155179703" timestamp="2024-08-13T06:50:29Z" user="HaldenCanal" uid="18414178" lat="-7.2154818" lon="-35.9045407"/>
 <node id="7192376864" visible="true" version="2" changeset="89571200" timestamp="2020-08-18T11:18:41Z" user="DnieperBasin" uid="10652829" lat="-7.2171827" lon="-35.9105589"/>
 <node id="7192376865" visible="true" version="2" changeset="89571200" timestamp="2020-08-18T11:18:41Z" user="DnieperBasin" uid="10652829" lat="-7.2171515" lon="-35.9106233"/>
 <node id="7192376866" visible="true" version="2" changeset="89571200" timestamp="2020-08-18T11:18:41Z" user="DnieperBasin" uid="10652829" lat="-7.2171255" lon="-35.9107313"/>
 <node id="7192376867" visible="true" version="2" changeset="89571200" timestamp="2020-08-18T11:18:41Z" user="DnieperBasin" uid="10652829" lat="-7.2171275" lon="-35.9108359"/>
 <node id="7192512304" visible="true" version="1" changeset="80673730" timestamp="2020-02-07T05:59:32Z" user="PlazaBaquedano" uid="9225258" lat="-7.2134561" lon="-35.9094492"/>
 <node id="7192512305" visible="true" version="1" changeset="80673730" timestamp="2020-02-07T05:59:32Z" user="PlazaBaquedano" uid="9225258" lat="-7.2137182" lon="-35.9095310"/>
 <node id="7192512306" visible="true" version="1" changeset="80673730" timestamp="2020-02-07T05:59:32Z" user="PlazaBaquedano" uid="9225258" lat="-7.2139630" lon="-35.9096282"/>
 <node id="7192512309" visible="true" version="2" changeset="81684456" timestamp="2020-03-02T14:05:58Z" user="GfcA" uid="3118453" lat="-7.2163856" lon="-35.9102573"/>
 <node id="7192512310" visible="true" version="2" changeset="88726216" timestamp="2020-07-30T10:20:10Z" user="DnieperBasin" uid="10652829" lat="-7.2170810" lon="-35.9090133"/>
 <node id="7192512311" visible="true" version="2" changeset="88726216" timestamp="2020-07-30T10:20:10Z" user="DnieperBasin" uid="10652829" lat="-7.2170889" lon="-35.9092775"/>
 <node id="7192512312" visible="true" version="2" changeset="88726216" timestamp="2020-07-30T10:20:10Z" user="DnieperBasin" uid="10652829" lat="-7.2170863" lon="-35.9094639"/>
 <node id="7192512313" visible="true" version="2" changeset="88726216" timestamp="2020-07-30T10:20:10Z" user="DnieperBasin" uid="10652829" lat="-7.2170331" lon="-35.9098381"/>
 <node id="7192512314" visible="true" version="2" changeset="88726216" timestamp="2020-07-30T10:20:10Z" user="DnieperBasin" uid="10652829" lat="-7.2169971" lon="-35.9100339"/>
 <node id="7192512315" visible="true" version="2" changeset="88726216" timestamp="2020-07-30T10:20:10Z" user="DnieperBasin" uid="10652829" lat="-7.2169413" lon="-35.9103276"/>
 <node id="7192512316" visible="true" version="2" changeset="88726216" timestamp="2020-07-30T10:20:10Z" user="DnieperBasin" uid="10652829" lat="-7.2169759" lon="-35.9108587"/>
 <node id="7192512317" visible="true" version="2" changeset="88726216" timestamp="2020-07-30T10:20:10Z" user="DnieperBasin" uid="10652829" lat="-7.2169306" lon="-35.9113173"/>
 <node id="7192513857" visible="true" version="2" changeset="87001003" timestamp="2020-06-22T22:37:41Z" user="Pedro Serey" uid="11372350" lat="-7.2162401" lon="-35.9121749"/>
 <node id="7192513858" visible="true" version="2" changeset="87001003" timestamp="2020-06-22T22:37:41Z" user="Pedro Serey" uid="11372350" lat="-7.2163279" lon="-35.9125639"/>
 <node id="7199765845" visible="true" version="2" changeset="81157832" timestamp="2020-02-18T08:09:29Z" user="LizardHeadPeak" uid="10409625" lat="-7.2295616" lon="-35.9041292">
  <tag k="railway" v="crossing"/>
 </node>
 <node id="7205484982" visible="true" version="2" changeset="174623842" timestamp="2025-11-13T21:28:02Z" user="AnnaCatarina" uid="560578" lat="-7.2296469" lon="-35.9025264">
  <tag k="railway" v="crossing"/>
 </node>
 <node id="7205499191" visible="true" version="2" changeset="174623842" timestamp="2025-11-13T21:28:02Z" user="AnnaCatarina" uid="560578" lat="-7.2295860" lon="-35.9035227">
  <tag k="railway" v="crossing"/>
 </node>
 <node id="7635961243" visible="true" version="2" changeset="111957347" timestamp="2021-10-01T10:42:38Z" user="andrewamaro" uid="9089009" lat="-7.2122387" lon="-35.9178312"/>
 <node id="7635969605" visible="true" version="2" changeset="111957347" timestamp="2021-10-01T10:42:38Z" user="andrewamaro" uid="9089009" lat="-7.2124846" lon="-35.9164173"/>
 <node id="7635969615" visible="true" version="2" changeset="111957347" timestamp="2021-10-01T10:42:38Z" user="andrewamaro" uid="9089009" lat="-7.2125141" lon="-35.9158482"/>
 <node id="7635969623" visible="true" version="2" changeset="111957347" timestamp="2021-10-01T10:42:38Z" user="andrewamaro" uid="9089009" lat="-7.2124263" lon="-35.9167861"/>
 <node id="7644626098" visible="true" version="2" changeset="88726216" timestamp="2020-07-30T10:20:10Z" user="DnieperBasin" uid="10652829" lat="-7.2123657" lon="-35.9076629"/>
 <node id="7644626099" visible="true" version="1" changeset="87001003" timestamp="2020-06-22T22:37:41Z" user="Pedro Serey" uid="11372350" lat="-7.2153130" lon="-35.9087406"/>
 <node id="7644626100" visible="true" version="1" changeset="87001003" timestamp="2020-06-22T22:37:41Z" user="Pedro Serey" uid="11372350" lat="-7.2143640" lon="-35.9085250"/>
 <node id="7644626101" visible="true" version="1" changeset="87001003" timestamp="2020-06-22T22:37:41Z" user="Pedro Serey" uid="11372350" lat="-7.2144381" lon="-35.9095003"/>
 <node id="7644626102" visible="true" version="1" changeset="87001003" timestamp="2020-06-22T22:37:41Z" user="Pedro Serey" uid="11372350" lat="-7.2144588" lon="-35.9094709"/>
 <node id="7644626103" visible="true" version="1" changeset="87001003" timestamp="2020-06-22T22:37:41Z" user="Pedro Serey" uid="11372350" lat="-7.2144622" lon="-35.9094305"/>
 <node id="7644626104" visible="true" version="1" changeset="87001003" timestamp="2020-06-22T22:37:41Z" user="Pedro Serey" uid="11372350" lat="-7.2144477" lon="-35.9093823"/>
 <node id="7644626105" visible="true" version="1" changeset="87001003" timestamp="2020-06-22T22:37:41Z" user="Pedro Serey" uid="11372350" lat="-7.2144173" lon="-35.9093535"/>
 <node id="7644626106" visible="true" version="1" changeset="87001003" timestamp="2020-06-22T22:37:41Z" user="Pedro Serey" uid="11372350" lat="-7.2141096" lon="-35.9075731"/>
 <node id="7644626107" visible="true" version="1" changeset="87001003" timestamp="2020-06-22T22:37:41Z" user="Pedro Serey" uid="11372350" lat="-7.2140701" lon="-35.9073232"/>
 <node id="7644626108" visible="true" version="1" changeset="87001003" timestamp="2020-06-22T22:37:41Z" user="Pedro Serey" uid="11372350" lat="-7.2140906" lon="-35.9073200"/>
 <node id="7644626109" visible="true" version="1" changeset="87001003" timestamp="2020-06-22T22:37:41Z" user="Pedro Serey" uid="11372350" lat="-7.2140945" lon="-35.9073457"/>
 <node id="7769490345" visible="true" version="1" changeset="88723969" timestamp="2020-07-30T09:41:33Z" user="DnieperBasin" uid="10652829" lat="-7.2133064" lon="-35.9093687"/>
 <node id="7769490346" visible="true" version="1" changeset="88723969" timestamp="2020-07-30T09:41:33Z" user="DnieperBasin" uid="10652829" lat="-7.2164902" lon="-35.9067602"/>
 <node id="7769490347" visible="true" version="1" changeset="88723969" timestamp="2020-07-30T09:41:33Z" user="DnieperBasin" uid="10652829" lat="-7.2169160" lon="-35.9080692"/>
 <node id="7769490348" visible="true" version="1" changeset="88723969" timestamp="2020-07-30T09:41:33Z" user="DnieperBasin" uid="10652829" lat="-7.2155043" lon="-35.9057075"/>
 <node id="7769490349" visible="true" version="1" changeset="88723969" timestamp="2020-07-30T09:41:33Z" user="DnieperBasin" uid="10652829" lat="-7.2111882" lon="-35.9074549"/>
 <node id="7769490350" visible="true" version="1" changeset="88723969" timestamp="2020-07-30T09:41:33Z" user="DnieperBasin" uid="10652829" lat="-7.2113239" lon="-35.9063539"/>
 <node id="7769490351" visible="true" version="1" changeset="88723969" timestamp="2020-07-30T09:41:33Z" user="DnieperBasin" uid="10652829" lat="-7.2114011" lon="-35.9061809"/>
 <node id="7769490352" visible="true" version="1" changeset="88723969" timestamp="2020-07-30T09:41:33Z" user="DnieperBasin" uid="10652829" lat="-7.2116672" lon="-35.9059127"/>
 <node id="7769490353" visible="true" version="1" changeset="88723969" timestamp="2020-07-30T09:41:33Z" user="DnieperBasin" uid="10652829" lat="-7.2117125" lon="-35.9059475"/>
 <node id="7769490354" visible="true" version="1" changeset="88723969" timestamp="2020-07-30T09:41:33Z" user="DnieperBasin" uid="10652829" lat="-7.2117630" lon="-35.9059274"/>
 <node id="7769490355" visible="true" version="1" changeset="88723969" timestamp="2020-07-30T09:41:33Z" user="DnieperBasin" uid="10652829" lat="-7.2161297" lon="-35.9057236"/>
 <node id="7769490356" visible="true" version="1" changeset="88723969" timestamp="2020-07-30T09:41:33Z" user="DnieperBasin" uid="10652829" lat="-7.2161935" lon="-35.9057450"/>
 <node id="7769490357" visible="true" version="1" changeset="88723969" timestamp="2020-07-30T09:41:33Z" user="DnieperBasin" uid="10652829" lat="-7.2148285" lon="-35.9103450"/>
 <node id="7769490358" visible="true" version="1" changeset="88723969" timestamp="2020-07-30T09:41:33Z" user="DnieperBasin" uid="10652829" lat="-7.2150041" lon="-35.9107044"/>
 <node id="7769490359" visible="true" version="1" changeset="88723969" timestamp="2020-07-30T09:41:33Z" user="DnieperBasin" uid="10652829" lat="-7.2146688" lon="-35.9101144"/>
 <node id="7769590111" visible="true" version="1" changeset="88726216" timestamp="2020-07-30T10:20:10Z" user="DnieperBasin" uid="10652829" lat="-7.2123481" lon="-35.9076626"/>
 <node id="7769590112" visible="true" version="1" changeset="88726216" timestamp="2020-07-30T10:20:10Z" user="DnieperBasin" uid="10652829" lat="-7.2169147" lon="-35.9105515"/>
 <node id="7769590113" visible="true" version="1" changeset="88726216" timestamp="2020-07-30T10:20:10Z" user="DnieperBasin" uid="10652829" lat="-7.2169293" lon="-35.9106307"/>
 <node id="7769590114" visible="true" version="1" changeset="88726216" timestamp="2020-07-30T10:20:10Z" user="DnieperBasin" uid="10652829" lat="-7.2160575" lon="-35.9098927"/>
 <node id="7769590115" visible="true" version="1" changeset="88726216" timestamp="2020-07-30T10:20:10Z" user="DnieperBasin" uid="10652829" lat="-7.2160532" lon="-35.9099289"/>
 <node id="7769590116" visible="true" version="1" changeset="88726216" timestamp="2020-07-30T10:20:10Z" user="DnieperBasin" uid="10652829" lat="-7.2163199" lon="-35.9096114"/>
 <node id="7769590117" visible="true" version="1" changeset="88726216" timestamp="2020-07-30T10:20:10Z" user="DnieperBasin" uid="10652829" lat="-7.2163000" lon="-35.9095457"/>
 <node id="7769590118" visible="true" version="1" changeset="88726216" timestamp="2020-07-30T10:20:10Z" user="DnieperBasin" uid="10652829" lat="-7.2163060" lon="-35.9095752"/>
 <node id="7769590119" visible="true" version="1" changeset="88726216" timestamp="2020-07-30T10:20:10Z" user="DnieperBasin" uid="10652829" lat="-7.2163811" lon="-35.9097180"/>
 <node id="7769609774" visible="true" version="1" changeset="88726579" timestamp="2020-07-30T10:25:56Z" user="DnieperBasin" uid="10652829" lat="-7.2139064" lon="-35.9058546"/>
 <node id="7769609775" visible="true" version="1" changeset="88726579" timestamp="2020-07-30T10:25:56Z" user="DnieperBasin" uid="10652829" lat="-7.2139222" lon="-35.9069360"/>
 <node id="7822838325" visible="true" version="1" changeset="89569671" timestamp="2020-08-18T10:52:33Z" user="DnieperBasin" uid="10652829" lat="-7.2167470" lon="-35.9115225"/>
 <node id="7822838326" visible="true" version="1" changeset="89569671" timestamp="2020-08-18T10:52:33Z" user="DnieperBasin" uid="10652829" lat="-7.2168268" lon="-35.9116057"/>
 <node id="7822838327" visible="true" version="1" changeset="89569671" timestamp="2020-08-18T10:52:33Z" user="DnieperBasin" uid="10652829" lat="-7.2170357" lon="-35.9087612"/>
 <node id="7822838328" visible="true" version="1" changeset="89569671" timestamp="2020-08-18T10:52:33Z" user="DnieperBasin" uid="10652829" lat="-7.2161787" lon="-35.9079442"/>
 <node id="7822838329" visible="true" version="1" changeset="89569671" timestamp="2020-08-18T10:52:33Z" user="DnieperBasin" uid="10652829" lat="-7.2155180" lon="-35.9097059"/>
 <node id="7822838330" visible="true" version="1" changeset="89569671" timestamp="2020-08-18T10:52:33Z" user="DnieperBasin" uid="10652829" lat="-7.2154312" lon="-35.9097121"/>
 <node id="7822838331" visible="true" version="1" changeset="89569671" timestamp="2020-08-18T10:52:33Z" user="DnieperBasin" uid="10652829" lat="-7.2154538" lon="-35.9088282"/>
 <node id="7822838332" visible="true" version="1" changeset="89569671" timestamp="2020-08-18T10:52:33Z" user="DnieperBasin" uid="10652829" lat="-7.2154698" lon="-35.9087934"/>
 <node id="7822838333" visible="true" version="1" changeset="89569671" timestamp="2020-08-18T10:52:33Z" user="DnieperBasin" uid="10652829" lat="-7.2155097" lon="-35.9087853"/>
 <node id="7822838334" visible="true" version="1" changeset="89569671" timestamp="2020-08-18T10:52:33Z" user="DnieperBasin" uid="10652829" lat="-7.2155363" lon="-35.9087920"/>
 <node id="7822838335" visible="true" version="1" changeset="89569671" timestamp="2020-08-18T10:52:33Z" user="DnieperBasin" uid="10652829" lat="-7.2155522" lon="-35.9088135"/>
 <node id="7822838336" visible="true" version="1" changeset="89569671" timestamp="2020-08-18T10:52:33Z" user="DnieperBasin" uid="10652829" lat="-7.2155536" lon="-35.9097129"/>
 <node id="7822838337" visible="true" version="1" changeset="89569671" timestamp="2020-08-18T10:52:33Z" user="DnieperBasin" uid="10652829" lat="-7.2160539" lon="-35.9095883"/>
 <node id="7822838338" visible="true" version="1" changeset="89569671" timestamp="2020-08-18T10:52:33Z" user="DnieperBasin" uid="10652829" lat="-7.2127428" lon="-35.9089246"/>
 <node id="7822838339" visible="true" version="1" changeset="89569671" timestamp="2020-08-18T10:52:33Z" user="DnieperBasin" uid="10652829" lat="-7.2120192" lon="-35.9089557"/>
 <node id="7822838340" visible="true" version="1" changeset="89569671" timestamp="2020-08-18T10:52:33Z" user="DnieperBasin" uid="10652829" lat="-7.2121075" lon="-35.9090841"/>
 <node id="7822838341" visible="true" version="1" changeset="89569671" timestamp="2020-08-18T10:52:33Z" user="DnieperBasin" uid="10652829" lat="-7.2127461" lon="-35.9090384"/>
 <node id="7822838342" visible="true" version="1" changeset="89569671" timestamp="2020-08-18T10:52:33Z" user="DnieperBasin" uid="10652829" lat="-7.2121622" lon="-35.9091635"/>
 <node id="7822838343" visible="true" version="1" changeset="89569671" timestamp="2020-08-18T10:52:33Z" user="DnieperBasin" uid="10652829" lat="-7.2121941" lon="-35.9091930"/>
 <node id="7822838344" visible="true" version="1" changeset="89569671" timestamp="2020-08-18T10:52:33Z" user="DnieperBasin" uid="10652829" lat="-7.2122260" lon="-35.9092037"/>
 <node id="7822838345" visible="true" version="1" changeset="89569671" timestamp="2020-08-18T10:52:33Z" user="DnieperBasin" uid="10652829" lat="-7.2127543" lon="-35.9091930"/>
 <node id="7822887935" visible="true" version="1" changeset="89571200" timestamp="2020-08-18T11:18:41Z" user="DnieperBasin" uid="10652829" lat="-7.2170643" lon="-35.9106642"/>
 <node id="7822887936" visible="true" version="1" changeset="89571200" timestamp="2020-08-18T11:18:41Z" user="DnieperBasin" uid="10652829" lat="-7.2171242" lon="-35.9105837"/>
 <node id="7822887937" visible="true" version="1" changeset="89571200" timestamp="2020-08-18T11:18:41Z" user="DnieperBasin" uid="10652829" lat="-7.2170497" lon="-35.9107507"/>
 <node id="7822887938" visible="true" version="1" changeset="89571200" timestamp="2020-08-18T11:18:41Z" user="DnieperBasin" uid="10652829" lat="-7.2170577" lon="-35.9108204"/>
 <node id="7822887939" visible="true" version="1" changeset="89571200" timestamp="2020-08-18T11:18:41Z" user="DnieperBasin" uid="10652829" lat="-7.2170823" lon="-35.9108989"/>
 <node id="7822887940" visible="true" version="1" changeset="89571200" timestamp="2020-08-18T11:18:41Z" user="DnieperBasin" uid="10652829" lat="-7.2171315" lon="-35.9109928"/>
 <node id="7822887941" visible="true" version="1" changeset="89571200" timestamp="2020-08-18T11:18:41Z" user="DnieperBasin" uid="10652829" lat="-7.2139132" lon="-35.9082153"/>
 <node id="7822887942" visible="true" version="1" changeset="89571200" timestamp="2020-08-18T11:18:41Z" user="DnieperBasin" uid="10652829" lat="-7.2137779" lon="-35.9082113"/>
 <node id="8372013225" visible="true" version="1" changeset="98301908" timestamp="2021-01-28T14:10:41Z" user="erickdeoliveiraleal" uid="463504" lat="-7.2108849" lon="-35.9096074"/>
 <node id="8490485535" visible="true" version="1" changeset="100517953" timestamp="2021-03-05T23:09:35Z" user="patodiez" uid="1856060" lat="-7.2036402" lon="-35.9037627">
  <tag k="railway" v="level_crossing"/>
 </node>
 <node id="8490485536" visible="true" version="2" changeset="117831648" timestamp="2022-02-25T01:10:30Z" user="sasQuach" uid="9917894" lat="-7.2022714" lon="-35.9047993">
  <tag k="railway" v="level_crossing"/>
 </node>
 <node id="8490485537" visible="true" version="2" changeset="174657222" timestamp="2025-11-14T16:54:05Z" user="AnnaCatarina" uid="560578" lat="-7.2017988" lon="-35.9078707">
  <tag k="railway" v="level_crossing"/>
 </node>
 <node id="8490485538" visible="true" version="2" changeset="140829827" timestamp="2023-09-05T04:14:36Z" user="Solheimajokull" uid="10334725" lat="-7.2109719" lon="-35.9095635">
  <tag k="railway" v="level_crossing"/>
 </node>
 <node id="8490485540" visible="true" version="1" changeset="100517953" timestamp="2021-03-05T23:09:35Z" user="patodiez" uid="1856060" lat="-7.2292625" lon="-35.9104983">
  <tag k="railway" v="level_crossing"/>
 </node>
 <node id="9120249216" visible="true" version="2" changeset="111650829" timestamp="2021-09-24T14:29:08Z" user="andrewamaro" uid="9089009" lat="-7.2106033" lon="-35.9172364"/>
 <node id="9134955542" visible="true" version="1" changeset="111909857" timestamp="2021-09-30T10:35:18Z" user="andrewamaro" uid="9089009" lat="-7.2083539" lon="-35.9175640"/>
 <node id="9134955543" visible="true" version="1" changeset="111909857" timestamp="2021-09-30T10:35:18Z" user="andrewamaro" uid="9089009" lat="-7.2088833" lon="-35.9178737"/>
 <node id="9134955564" visible="true" version="1" changeset="111909857" timestamp="2021-09-30T10:35:18Z" user="andrewamaro" uid="9089009" lat="-7.2094583" lon="-35.9180381"/>
 <node id="9134955565" visible="true" version="1" changeset="111909857" timestamp="2021-09-30T10:35:18Z" user="andrewamaro" uid="9089009" lat="-7.2099971" lon="-35.9170552"/>
 <node id="9134955583" visible="true" version="1" changeset="111909857" timestamp="2021-09-30T10:35:18Z" user="andrewamaro" uid="9089009" lat="-7.2094235" lon="-35.9181003"/>
 <node id="9135309111" visible="true" version="1" changeset="111916800" timestamp="2021-09-30T13:00:03Z" user="andrewamaro" uid="9089009" lat="-7.2083804" lon="-35.9148635"/>
 <node id="9137419720" visible="true" version="1" changeset="111957347" timestamp="2021-10-01T10:42:38Z" user="andrewamaro" uid="9089009" lat="-7.2121985" lon="-35.9180858"/>
 <node id="9137419721" visible="true" version="1" changeset="111957347" timestamp="2021-10-01T10:42:38Z" user="andrewamaro" uid="9089009" lat="-7.2124659" lon="-35.9181082"/>
 <node id="9137419722" visible="true" version="1" changeset="111957347" timestamp="2021-10-01T10:42:38Z" user="andrewamaro" uid="9089009" lat="-7.2124647" lon="-35.9181581"/>
 <node id="9137419723" visible="true" version="1" changeset="111957347" timestamp="2021-10-01T10:42:38Z" user="andrewamaro" uid="9089009" lat="-7.2124536" lon="-35.9181576"/>
 <node id="9137419724" visible="true" version="1" changeset="111957347" timestamp="2021-10-01T10:42:38Z" user="andrewamaro" uid="9089009" lat="-7.2124515" lon="-35.9182094"/>
 <node id="9137419725" visible="true" version="1" changeset="111957347" timestamp="2021-10-01T10:42:38Z" user="andrewamaro" uid="9089009" lat="-7.2124226" lon="-35.9182094"/>
 <node id="9137419726" visible="true" version="1" changeset="111957347" timestamp="2021-10-01T10:42:38Z" user="andrewamaro" uid="9089009" lat="-7.2124231" lon="-35.9181963"/>
 <node id="9137419727" visible="true" version="1" changeset="111957347" timestamp="2021-10-01T10:42:38Z" user="andrewamaro" uid="9089009" lat="-7.2121737" lon="-35.9182203"/>
 <node id="9137419728" visible="true" version="1" changeset="111957347" timestamp="2021-10-01T10:42:38Z" user="andrewamaro" uid="9089009" lat="-7.2124431" lon="-35.9181387"/>
 <node id="9137419729" visible="true" version="1" changeset="111957347" timestamp="2021-10-01T10:42:38Z" user="andrewamaro" uid="9089009" lat="-7.2124405" lon="-35.9181962"/>
 <node id="9137419730" visible="true" version="1" changeset="111957347" timestamp="2021-10-01T10:42:38Z" user="andrewamaro" uid="9089009" lat="-7.2121959" lon="-35.9181158"/>
 <node id="9137419731" visible="true" version="1" changeset="111957347" timestamp="2021-10-01T10:42:38Z" user="andrewamaro" uid="9089009" lat="-7.2119146" lon="-35.9187366"/>
 <node id="9137419732" visible="true" version="1" changeset="111957347" timestamp="2021-10-01T10:42:38Z" user="andrewamaro" uid="9089009" lat="-7.2119304" lon="-35.9189612"/>
 <node id="9137419733" visible="true" version="1" changeset="111957347" timestamp="2021-10-01T10:42:38Z" user="andrewamaro" uid="9089009" lat="-7.2126477" lon="-35.9197995"/>
 <node id="9137598477" visible="true" version="1" changeset="111960986" timestamp="2021-10-01T12:09:48Z" user="andrewamaro" uid="9089009" lat="-7.2119228" lon="-35.9189144"/>
 <node id="9137598478" visible="true" version="1" changeset="111960986" timestamp="2021-10-01T12:09:48Z" user="andrewamaro" uid="9089009" lat="-7.2119453" lon="-35.9192178"/>
 <node id="9137598479" visible="true" version="1" changeset="111960986" timestamp="2021-10-01T12:09:48Z" user="andrewamaro" uid="9089009" lat="-7.2119078" lon="-35.9194824"/>
 <node id="9204780530" visible="true" version="2" changeset="116182091" timestamp="2022-01-15T13:22:16Z" user="andrewamaro" uid="9089009" lat="-7.2109830" lon="-35.9084860"/>
 <node id="9204780532" visible="true" version="2" changeset="140829827" timestamp="2023-09-05T04:14:36Z" user="Solheimajokull" uid="10334725" lat="-7.2108552" lon="-35.9090524"/>
 <node id="9208686348" visible="true" version="1" changeset="113100526" timestamp="2021-10-28T22:57:06Z" user="andrewamaro" uid="9089009" lat="-7.2110884" lon="-35.9173983"/>
 <node id="9208686349" visible="true" version="1" changeset="113100526" timestamp="2021-10-28T22:57:06Z" user="andrewamaro" uid="9089009" lat="-7.2110746" lon="-35.9122058"/>
 <node id="9208686350" visible="true" version="1" changeset="113100526" timestamp="2021-10-28T22:57:06Z" user="andrewamaro" uid="9089009" lat="-7.2112377" lon="-35.9122107"/>
 <node id="9208686351" visible="true" version="1" changeset="113100526" timestamp="2021-10-28T22:57:06Z" user="andrewamaro" uid="9089009" lat="-7.2112488" lon="-35.9118369"/>
 <node id="9208686352" visible="true" version="1" changeset="113100526" timestamp="2021-10-28T22:57:06Z" user="andrewamaro" uid="9089009" lat="-7.2110857" lon="-35.9118320"/>
 <node id="9208686353" visible="true" version="1" changeset="113100526" timestamp="2021-10-28T22:57:06Z" user="andrewamaro" uid="9089009" lat="-7.2113014" lon="-35.9122537"/>
 <node id="9208686354" visible="true" version="1" changeset="113100526" timestamp="2021-10-28T22:57:06Z" user="andrewamaro" uid="9089009" lat="-7.2114891" lon="-35.9122571"/>
 <node id="9208686355" visible="true" version="1" changeset="113100526" timestamp="2021-10-28T22:57:06Z" user="andrewamaro" uid="9089009" lat="-7.2114963" lon="-35.9118589"/>
 <node id="9208686356" visible="true" version="1" changeset="113100526" timestamp="2021-10-28T22:57:06Z" user="andrewamaro" uid="9089009" lat="-7.2113086" lon="-35.9118555"/>
 <node id="9227006243" visible="true" version="3" changeset="153276766" timestamp="2024-06-28T06:34:17Z" user="LakeTaupo" uid="20681087" lat="-7.2115466" lon="-35.9056265"/>
 <node id="9227006244" visible="true" version="3" changeset="153276766" timestamp="2024-06-28T06:34:17Z" user="LakeTaupo" uid="20681087" lat="-7.2116550" lon="-35.9056525"/>
 <node id="9418002429" visible="true" version="1" changeset="116148010" timestamp="2022-01-14T13:35:04Z" user="andrewamaro" uid="9089009" lat="-7.2113014" lon="-35.9137363"/>
 <node id="9420382338" visible="true" version="1" changeset="116182091" timestamp="2022-01-15T13:22:16Z" user="andrewamaro" uid="9089009" lat="-7.2101294" lon="-35.9048031"/>
 <node id="9420382340" visible="true" version="1" changeset="116182091" timestamp="2022-01-15T13:22:16Z" user="andrewamaro" uid="9089009" lat="-7.2097785" lon="-35.9045891"/>
 <node id="9420382341" visible="true" version="1" changeset="116182091" timestamp="2022-01-15T13:22:16Z" user="andrewamaro" uid="9089009" lat="-7.2104034" lon="-35.9049702"/>
 <node id="9420382342" visible="true" version="1" changeset="116182091" timestamp="2022-01-15T13:22:16Z" user="andrewamaro" uid="9089009" lat="-7.2108375" lon="-35.9052350"/>
 <node id="9420382343" visible="true" version="2" changeset="153276766" timestamp="2024-06-28T06:34:17Z" user="LakeTaupo" uid="20681087" lat="-7.2112885" lon="-35.9055009"/>
 <node id="9420382344" visible="true" version="2" changeset="153276766" timestamp="2024-06-28T06:34:17Z" user="LakeTaupo" uid="20681087" lat="-7.2118106" lon="-35.9056688"/>
 <node id="11097210960" visible="true" version="1" changeset="139568816" timestamp="2023-08-07T14:40:39Z" user="Raphaelkaart" uid="12468685" lat="-7.2168589" lon="-35.9126508">
  <tag k="highway" v="give_way"/>
 </node>
 <node id="11097210961" visible="true" version="1" changeset="139568816" timestamp="2023-08-07T14:40:39Z" user="Raphaelkaart" uid="12468685" lat="-7.2165747" lon="-35.9130897">
  <tag k="highway" v="give_way"/>
 </node>
 <node id="11097210963" visible="true" version="1" changeset="139568816" timestamp="2023-08-07T14:40:39Z" user="Raphaelkaart" uid="12468685" lat="-7.2168519" lon="-35.9126949"/>
 <node id="11097210964" visible="true" version="1" changeset="139568816" timestamp="2023-08-07T14:40:39Z" user="Raphaelkaart" uid="12468685" lat="-7.2169216" lon="-35.9126878"/>
 <node id="11097210965" visible="true" version="1" changeset="139568816" timestamp="2023-08-07T14:40:39Z" user="Raphaelkaart" uid="12468685" lat="-7.2169915" lon="-35.9127091"/>
 <node id="11097210966" visible="true" version="1" changeset="139568816" timestamp="2023-08-07T14:40:39Z" user="Raphaelkaart" uid="12468685" lat="-7.2170661" lon="-35.9127695"/>
 <node id="11097210967" visible="true" version="1" changeset="139568816" timestamp="2023-08-07T14:40:39Z" user="Raphaelkaart" uid="12468685" lat="-7.2170430" lon="-35.9126310"/>
 <node id="11097210968" visible="true" version="1" changeset="139568816" timestamp="2023-08-07T14:40:39Z" user="Raphaelkaart" uid="12468685" lat="-7.2170401" lon="-35.9124682"/>
 <node id="11097210969" visible="true" version="1" changeset="139568816" timestamp="2023-08-07T14:40:39Z" user="Raphaelkaart" uid="12468685" lat="-7.2171003" lon="-35.9119083"/>
 <node id="11097210970" visible="true" version="1" changeset="139568816" timestamp="2023-08-07T14:40:39Z" user="Raphaelkaart" uid="12468685" lat="-7.2172855" lon="-35.9105427"/>
 <node id="11097210971" visible="true" version="1" changeset="139568816" timestamp="2023-08-07T14:40:39Z" user="Raphaelkaart" uid="12468685" lat="-7.2173553" lon="-35.9099286"/>
 <node id="11097210972" visible="true" version="1" changeset="139568816" timestamp="2023-08-07T14:40:39Z" user="Raphaelkaart" uid="12468685" lat="-7.2173895" lon="-35.9095536"/>
 <node id="11097210973" visible="true" version="1" changeset="139568816" timestamp="2023-08-07T14:40:39Z" user="Raphaelkaart" uid="12468685" lat="-7.2174187" lon="-35.9092801"/>
 <node id="11097210974" visible="true" version="1" changeset="139568816" timestamp="2023-08-07T14:40:39Z" user="Raphaelkaart" uid="12468685" lat="-7.2174203" lon="-35.9091033"/>
 <node id="11097210975" visible="true" version="1" changeset="139568816" timestamp="2023-08-07T14:40:39Z" user="Raphaelkaart" uid="12468685" lat="-7.2174236" lon="-35.9090132"/>
 <node id="11097210976" visible="true" version="1" changeset="139568816" timestamp="2023-08-07T14:40:39Z" user="Raphaelkaart" uid="12468685" lat="-7.2172839" lon="-35.9090411"/>
 <node id="11097210977" visible="true" version="1" changeset="139568816" timestamp="2023-08-07T14:40:39Z" user="Raphaelkaart" uid="12468685" lat="-7.2173224" lon="-35.9092914"/>
 <node id="11097210978" visible="true" version="1" changeset="139568816" timestamp="2023-08-07T14:40:39Z" user="Raphaelkaart" uid="12468685" lat="-7.2173533" lon="-35.9094569"/>
 <node id="11097210979" visible="true" version="1" changeset="139568816" timestamp="2023-08-07T14:40:39Z" user="Raphaelkaart" uid="12468685" lat="-7.2172915" lon="-35.9100986"/>
 <node id="11097210980" visible="true" version="1" changeset="139568816" timestamp="2023-08-07T14:40:39Z" user="Raphaelkaart" uid="12468685" lat="-7.2172171" lon="-35.9105864"/>
 <node id="11097210981" visible="true" version="1" changeset="139568816" timestamp="2023-08-07T14:40:39Z" user="Raphaelkaart" uid="12468685" lat="-7.2170665" lon="-35.9117139"/>
 <node id="11097210982" visible="true" version="1" changeset="139568816" timestamp="2023-08-07T14:40:39Z" user="Raphaelkaart" uid="12468685" lat="-7.2169815" lon="-35.9123030"/>
 <node id="11097210983" visible="true" version="1" changeset="139568816" timestamp="2023-08-07T14:40:39Z" user="Raphaelkaart" uid="12468685" lat="-7.2169179" lon="-35.9125685"/>
 <node id="11097210984" visible="true" version="1" changeset="139568816" timestamp="2023-08-07T14:40:39Z" user="Raphaelkaart" uid="12468685" lat="-7.2173364" lon="-35.9090133"/>
 <node id="11097593949" visible="true" version="1" changeset="139577206" timestamp="2023-08-07T17:53:34Z" user="Raphaelkaart" uid="12468685" lat="-7.2122562" lon="-35.9025049"/>
 <node id="11097593950" visible="true" version="1" changeset="139577206" timestamp="2023-08-07T17:53:34Z" user="Raphaelkaart" uid="12468685" lat="-7.2115452" lon="-35.9036207"/>
 <node id="11097593951" visible="true" version="1" changeset="139577206" timestamp="2023-08-07T17:53:34Z" user="Raphaelkaart" uid="12468685" lat="-7.2129630" lon="-35.9044318"/>
 <node id="11097593952" visible="true" version="1" changeset="139577206" timestamp="2023-08-07T17:53:34Z" user="Raphaelkaart" uid="12468685" lat="-7.2128651" lon="-35.9056678"/>
 <node id="11097593953" visible="true" version="1" changeset="139577206" timestamp="2023-08-07T17:53:34Z" user="Raphaelkaart" uid="12468685" lat="-7.2155644" lon="-35.9055090"/>
 <node id="11097593954" visible="true" version="1" changeset="139577206" timestamp="2023-08-07T17:53:34Z" user="Raphaelkaart" uid="12468685" lat="-7.2154655" lon="-35.9050611"/>
 <node id="11097593955" visible="true" version="1" changeset="139577206" timestamp="2023-08-07T17:53:34Z" user="Raphaelkaart" uid="12468685" lat="-7.2142062" lon="-35.9044919"/>
 <node id="11097593956" visible="true" version="1" changeset="139577206" timestamp="2023-08-07T17:53:34Z" user="Raphaelkaart" uid="12468685" lat="-7.2137847" lon="-35.9041228"/>
 <node id="11097593957" visible="true" version="1" changeset="139577206" timestamp="2023-08-07T17:53:34Z" user="Raphaelkaart" uid="12468685" lat="-7.2134228" lon="-35.9028096"/>
 <node id="11097593958" visible="true" version="1" changeset="139577206" timestamp="2023-08-07T17:53:34Z" user="Raphaelkaart" uid="12468685" lat="-7.2126863" lon="-35.9025392"/>
 <node id="11168754908" visible="true" version="2" changeset="178077903" timestamp="2026-02-04T05:23:59Z" user="AbbasiaCanal" uid="22557379" lat="-7.2110698" lon="-35.9097508"/>
 <node id="11168754909" visible="true" version="2" changeset="178077903" timestamp="2026-02-04T05:23:59Z" user="AbbasiaCanal" uid="22557379" lat="-7.2110366" lon="-35.9097191"/>
 <node id="11168754911" visible="true" version="2" changeset="178077903" timestamp="2026-02-04T05:23:59Z" user="AbbasiaCanal" uid="22557379" lat="-7.2109980" lon="-35.9096440"/>
 <node id="11637833730" visible="true" version="1" changeset="147607711" timestamp="2024-02-18T12:55:44Z" user="elmoneto" uid="1871742" lat="-7.2165967" lon="-35.9071760">
  <tag k="highway" v="bus_stop"/>
  <tag k="name" v="Rua Aprígio Veloso, 2-118"/>
  <tag k="public_transport" v="platform"/>
  <tag k="source:name" v="Superintendência de Trânsito e Transportes Públicos - Campina Grande, PB"/>
 </node>
 <node id="11637833944" visible="true" version="1" changeset="147607711" timestamp="2024-02-18T12:55:44Z" user="elmoneto" uid="1871742" lat="-7.2116619" lon="-35.9097362">
  <tag k="highway" v="bus_stop"/>
  <tag k="name" v="Rua Brigadeiro Eduardo Gomes, 1714-2560"/>
  <tag k="public_transport" v="platform"/>
  <tag k="source:name" v="Superintendência de Trânsito e Transportes Públicos - Campina Grande, PB"/>
 </node>
 <node id="11637834479" visible="true" version="1" changeset="147607711" timestamp="2024-02-18T12:55:44Z" user="elmoneto" uid="1871742" lat="-7.2166280" lon="-35.9057404">
  <tag k="highway" v="bus_stop"/>
  <tag k="name" v="Avenida Dom Pedro II, 250-264"/>
  <tag k="public_transport" v="platform"/>
  <tag k="source:name" v="Superintendência de Trânsito e Transportes Públicos - Campina Grande, PB"/>
 </node>
 <node id="11637834926" visible="true" version="1" changeset="147607711" timestamp="2024-02-18T12:55:44Z" user="elmoneto" uid="1871742" lat="-7.2171670" lon="-35.9090030">
  <tag k="highway" v="bus_stop"/>
  <tag k="name" v="UFCG"/>
  <tag k="public_transport" v="platform"/>
  <tag k="source:name" v="Superintendência de Trânsito e Transportes Públicos - Campina Grande, PB"/>
 </node>
 <node id="11637835095" visible="true" version="1" changeset="147607711" timestamp="2024-02-18T12:55:44Z" user="elmoneto" uid="1871742" lat="-7.2166963" lon="-35.9071342">
  <tag k="highway" v="bus_stop"/>
  <tag k="name" v="Rua Aprígio Veloso, 2-118"/>
  <tag k="public_transport" v="platform"/>
  <tag k="source:name" v="Superintendência de Trânsito e Transportes Públicos - Campina Grande, PB"/>
 </node>
 <node id="11637835171" visible="true" version="1" changeset="147607711" timestamp="2024-02-18T12:55:44Z" user="elmoneto" uid="1871742" lat="-7.2171550" lon="-35.9107530">
  <tag k="highway" v="bus_stop"/>
  <tag k="name" v="Rua Aprígio Veloso, 374-646"/>
  <tag k="public_transport" v="platform"/>
  <tag k="source:name" v="Superintendência de Trânsito e Transportes Públicos - Campina Grande, PB"/>
 </node>
 <node id="12016431880" visible="true" version="1" changeset="153276766" timestamp="2024-06-28T06:34:17Z" user="LakeTaupo" uid="20681087" lat="-7.2114362" lon="-35.9060520"/>
 <node id="12016431881" visible="true" version="1" changeset="153276766" timestamp="2024-06-28T06:34:17Z" user="LakeTaupo" uid="20681087" lat="-7.2113819" lon="-35.9060397"/>
 <node id="12016431882" visible="true" version="1" changeset="153276766" timestamp="2024-06-28T06:34:17Z" user="LakeTaupo" uid="20681087" lat="-7.2113392" lon="-35.9060216"/>
 <node id="12016431883" visible="true" version="1" changeset="153276766" timestamp="2024-06-28T06:34:17Z" user="LakeTaupo" uid="20681087" lat="-7.2113626" lon="-35.9056272"/>
 <node id="12016431884" visible="true" version="1" changeset="153276766" timestamp="2024-06-28T06:34:17Z" user="LakeTaupo" uid="20681087" lat="-7.2113968" lon="-35.9056074"/>
 <node id="12016431885" visible="true" version="1" changeset="153276766" timestamp="2024-06-28T06:34:17Z" user="LakeTaupo" uid="20681087" lat="-7.2118287" lon="-35.9057073"/>
 <node id="12016431886" visible="true" version="1" changeset="153276766" timestamp="2024-06-28T06:34:17Z" user="LakeTaupo" uid="20681087" lat="-7.2118287" lon="-35.9057477"/>
 <node id="12016431887" visible="true" version="1" changeset="153276766" timestamp="2024-06-28T06:34:17Z" user="LakeTaupo" uid="20681087" lat="-7.2114387" lon="-35.9055923"/>
 <node id="12016431888" visible="true" version="1" changeset="153276766" timestamp="2024-06-28T06:34:17Z" user="LakeTaupo" uid="20681087" lat="-7.2113204" lon="-35.9057469"/>
 <node id="12016431889" visible="true" version="1" changeset="153276766" timestamp="2024-06-28T06:34:17Z" user="LakeTaupo" uid="20681087" lat="-7.2113092" lon="-35.9058442"/>
 <node id="12016431890" visible="true" version="1" changeset="153276766" timestamp="2024-06-28T06:34:17Z" user="LakeTaupo" uid="20681087" lat="-7.2112896" lon="-35.9059871"/>
 <node id="12016431891" visible="true" version="1" changeset="153276766" timestamp="2024-06-28T06:34:17Z" user="LakeTaupo" uid="20681087" lat="-7.2113306" lon="-35.9056573"/>
 <node id="12016431892" visible="true" version="1" changeset="153276766" timestamp="2024-06-28T06:34:17Z" user="LakeTaupo" uid="20681087" lat="-7.2112802" lon="-35.9060793"/>
 <node id="12597093109" visible="true" version="1" changeset="162639926" timestamp="2025-02-17T23:55:27Z" user="elmoneto" uid="1871742" lat="-7.2173737" lon="-35.9094559"/>
 <node id="12597093110" visible="true" version="1" changeset="162639926" timestamp="2025-02-17T23:55:27Z" user="elmoneto" uid="1871742" lat="-7.2173125" lon="-35.9101036"/>
 <node id="12597093111" visible="true" version="1" changeset="162639926" timestamp="2025-02-17T23:55:27Z" user="elmoneto" uid="1871742" lat="-7.2172606" lon="-35.9104711"/>
 <node id="12597093112" visible="true" version="1" changeset="162639926" timestamp="2025-02-17T23:55:27Z" user="elmoneto" uid="1871742" lat="-7.2171581" lon="-35.9112194"/>
 <node id="12599764455" visible="true" version="1" changeset="162683269" timestamp="2025-02-19T02:35:31Z" user="pedro_tharg" uid="12892614" lat="-7.2129911" lon="-35.9200400"/>
 <node id="12626103296" visible="true" version="1" changeset="163062630" timestamp="2025-02-28T17:25:56Z" user="LakeManapouri" uid="21827456" lat="-7.2171235" lon="-35.9063284"/>
 <node id="12626103297" visible="true" version="1" changeset="163062630" timestamp="2025-02-28T17:25:56Z" user="LakeManapouri" uid="21827456" lat="-7.2171661" lon="-35.9063365"/>
 <node id="12626103298" visible="true" version="1" changeset="163062630" timestamp="2025-02-28T17:25:56Z" user="LakeManapouri" uid="21827456" lat="-7.2172020" lon="-35.9073034"/>
 <node id="12626103299" visible="true" version="1" changeset="163062630" timestamp="2025-02-28T17:25:56Z" user="LakeManapouri" uid="21827456" lat="-7.2172420" lon="-35.9073222"/>
 <node id="12626103300" visible="true" version="1" changeset="163062630" timestamp="2025-02-28T17:25:56Z" user="LakeManapouri" uid="21827456" lat="-7.2172539" lon="-35.9073624"/>
 <node id="12626147101" visible="true" version="1" changeset="163062630" timestamp="2025-02-28T17:25:56Z" user="LakeManapouri" uid="21827456" lat="-7.2172306" lon="-35.9074712"/>
 <node id="12626147102" visible="true" version="1" changeset="163062630" timestamp="2025-02-28T17:25:56Z" user="LakeManapouri" uid="21827456" lat="-7.2175200" lon="-35.9078224"/>
 <node id="12626147103" visible="true" version="1" changeset="163062630" timestamp="2025-02-28T17:25:56Z" user="LakeManapouri" uid="21827456" lat="-7.2175493" lon="-35.9075743"/>
 <node id="12626147104" visible="true" version="1" changeset="163062630" timestamp="2025-02-28T17:25:56Z" user="LakeManapouri" uid="21827456" lat="-7.2175107" lon="-35.9075233"/>
 <node id="12626147105" visible="true" version="1" changeset="163062630" timestamp="2025-02-28T17:25:56Z" user="LakeManapouri" uid="21827456" lat="-7.2174695" lon="-35.9075086"/>
 <node id="12626147106" visible="true" version="1" changeset="163062630" timestamp="2025-02-28T17:25:56Z" user="LakeManapouri" uid="21827456" lat="-7.2169985" lon="-35.9074348">
  <tag k="barrier" v="gate"/>
 </node>
 <node id="13069358328" visible="true" version="1" changeset="170398331" timestamp="2025-08-13T16:22:30Z" user="Aralqum" uid="10935577" lat="-7.2168631" lon="-35.9086829"/>
 <node id="13069358329" visible="true" version="1" changeset="170398331" timestamp="2025-08-13T16:22:30Z" user="Aralqum" uid="10935577" lat="-7.2162312" lon="-35.9054150"/>
 <node id="13069358330" visible="true" version="1" changeset="170398331" timestamp="2025-08-13T16:22:30Z" user="Aralqum" uid="10935577" lat="-7.2161788" lon="-35.9054954"/>
 <node id="13069358331" visible="true" version="1" changeset="170398331" timestamp="2025-08-13T16:22:30Z" user="Aralqum" uid="10935577" lat="-7.2161109" lon="-35.9055629"/>
 <node id="13069358332" visible="true" version="1" changeset="170398331" timestamp="2025-08-13T16:22:30Z" user="Aralqum" uid="10935577" lat="-7.2160305" lon="-35.9056146"/>
 <node id="13069358333" visible="true" version="1" changeset="170398331" timestamp="2025-08-13T16:22:30Z" user="Aralqum" uid="10935577" lat="-7.2162657" lon="-35.9053254"/>
 <node id="13069358334" visible="true" version="1" changeset="170398331" timestamp="2025-08-13T16:22:30Z" user="Aralqum" uid="10935577" lat="-7.2163048" lon="-35.9055802"/>
 <node id="13304982643" visible="true" version="1" changeset="174657222" timestamp="2025-11-14T16:54:05Z" user="AnnaCatarina" uid="560578" lat="-7.2160250" lon="-35.9130167"/>
 <node id="13304982644" visible="true" version="1" changeset="174657222" timestamp="2025-11-14T16:54:05Z" user="AnnaCatarina" uid="560578" lat="-7.2156037" lon="-35.9124436"/>
 <node id="13304982645" visible="true" version="1" changeset="174657222" timestamp="2025-11-14T16:54:05Z" user="AnnaCatarina" uid="560578" lat="-7.2026095" lon="-35.9099497"/>
 <node id="13355279547" visible="true" version="1" changeset="175542178" timestamp="2025-12-05T10:53:11Z" user="LakeThingvalla" uid="22048964" lat="-7.2164379" lon="-35.9062622"/>
 <node id="13523386027" visible="true" version="1" changeset="178077903" timestamp="2026-02-04T05:23:59Z" user="AbbasiaCanal" uid="22557379" lat="-7.2110093" lon="-35.9096094"/>
 <node id="13523386028" visible="true" version="1" changeset="178077903" timestamp="2026-02-04T05:23:59Z" user="AbbasiaCanal" uid="22557379" lat="-7.2110805" lon="-35.9095746"/>
 <node id="13523386029" visible="true" version="1" changeset="178077903" timestamp="2026-02-04T05:23:59Z" user="AbbasiaCanal" uid="22557379" lat="-7.2113047" lon="-35.9097127"/>
 <node id="13523386030" visible="true" version="1" changeset="178077903" timestamp="2026-02-04T05:23:59Z" user="AbbasiaCanal" uid="22557379" lat="-7.2112767" lon="-35.9096550"/>
 <node id="13523386031" visible="true" version="1" changeset="178077903" timestamp="2026-02-04T05:23:59Z" user="AbbasiaCanal" uid="22557379" lat="-7.2112148" lon="-35.9096054"/>
 <node id="13523386032" visible="true" version="1" changeset="178077903" timestamp="2026-02-04T05:23:59Z" user="AbbasiaCanal" uid="22557379" lat="-7.2111357" lon="-35.9095806"/>
 <node id="13523386033" visible="true" version="1" changeset="178077903" timestamp="2026-02-04T05:23:59Z" user="AbbasiaCanal" uid="22557379" lat="-7.2110485" lon="-35.9095786"/>
 <node id="13986399866" visible="true" version="1" changeset="185052360" timestamp="2026-07-03T17:09:03Z" user="pedro_tharg" uid="12892614" lat="-7.2148983" lon="-35.9147866"/>
 <node id="13986486853" visible="true" version="1" changeset="185054327" timestamp="2026-07-03T17:50:19Z" user="pedro_tharg" uid="12892614" lat="-7.2146395" lon="-35.9138458"/>
 <node id="13986486854" visible="true" version="1" changeset="185054327" timestamp="2026-07-03T17:50:19Z" user="pedro_tharg" uid="12892614" lat="-7.2147365" lon="-35.9142529"/>
 <node id="13986494116" visible="true" version="1" changeset="185054327" timestamp="2026-07-03T17:50:23Z" user="pedro_tharg" uid="12892614" lat="-7.2146395" lon="-35.9141959"/>
 <node id="13986494117" visible="true" version="1" changeset="185054327" timestamp="2026-07-03T17:50:23Z" user="pedro_tharg" uid="12892614" lat="-7.2146658" lon="-35.9142441"/>
 <node id="14017406995" visible="true" version="1" changeset="185780333" timestamp="2026-07-15T12:18:46Z" user="Profª_Sara" uid="24314371" lat="-7.2166458" lon="-35.9108248">
  <tag k="access" v="yes"/>
  <tag k="amenity" v="bench"/>
  <tag k="armrest" v="no"/>
  <tag k="backrest" v="yes"/>
  <tag k="lit" v="yes"/>
  <tag k="material" v="concrete"/>
  <tag k="seats" v="4"/>
 </node>
 <node id="14017406996" visible="true" version="1" changeset="185780333" timestamp="2026-07-15T12:18:46Z" user="Profª_Sara" uid="24314371" lat="-7.2166307" lon="-35.9109802">
  <tag k="height" v="2m"/>
  <tag k="natural" v="shrub"/>
  <tag k="reg_name" v="Mangueira"/>
 </node>
 <node id="14017456156" visible="true" version="1" changeset="185780312" timestamp="2026-07-15T12:18:25Z" user="Iran Cavalcanti Wanderley" uid="24314671" lat="-7.2166072" lon="-35.9108196">
  <tag k="natural" v="tree"/>
  <tag k="official_name" v="Craibeira"/>
  <tag k="species" v="tabebuia auera"/>
 </node>
 <node id="14017456157" visible="true" version="1" changeset="185780312" timestamp="2026-07-15T12:18:25Z" user="Iran Cavalcanti Wanderley" uid="24314671" lat="-7.2166978" lon="-35.9107789">
  <tag k="natural" v="tree"/>
  <tag k="official_name" v="Castanhola"/>
  <tag k="species" v="tabebuia auera"/>
 </node>
 <node id="14034697404" visible="true" version="1" changeset="186148502" timestamp="2026-07-22T00:54:53Z" user="Iran Cavalcanti Wanderley" uid="24314671" lat="-7.2166655" lon="-35.9125981">
  <tag k="nat_name" v="Mata fome"/>
  <tag k="natural" v="tree"/>
 </node>
 <node id="14034697405" visible="true" version="1" changeset="186148502" timestamp="2026-07-22T00:54:53Z" user="Iran Cavalcanti Wanderley" uid="24314671" lat="-7.2164649" lon="-35.9125937">
  <tag k="natural" v="shrub"/>
 </node>
 <node id="14034697406" visible="true" version="1" changeset="186148502" timestamp="2026-07-22T00:54:53Z" user="Iran Cavalcanti Wanderley" uid="24314671" lat="-7.2162118" lon="-35.9123218">
  <tag k="amenity" v="parking_space"/>
 </node>
 <node id="14034697407" visible="true" version="1" changeset="186148502" timestamp="2026-07-22T00:54:53Z" user="Iran Cavalcanti Wanderley" uid="24314671" lat="-7.2164365" lon="-35.9115654">
  <tag k="nat_name" v="Flamboyant"/>
  <tag k="natural" v="tree"/>
 </node>
 <node id="14034697408" visible="true" version="1" changeset="186148502" timestamp="2026-07-22T00:54:53Z" user="Iran Cavalcanti Wanderley" uid="24314671" lat="-7.2162284" lon="-35.9115782">
  <tag k="amenity" v="bench"/>
  <tag k="armrest" v="no"/>
  <tag k="backrest" v="no"/>
  <tag k="material" v="concrete"/>
 </node>
 <node id="14207825268" visible="true" version="2" changeset="189521279" timestamp="2026-09-25T00:21:23Z" user="Levisq" uid="24582906" lat="-7.2130103" lon="-35.9060707"/>
 <node id="14207825269" visible="true" version="2" changeset="189521279" timestamp="2026-09-25T00:21:23Z" user="Levisq" uid="24582906" lat="-7.2130112" lon="-35.9062865"/>
 <node id="14207825270" visible="true" version="2" changeset="189521279" timestamp="2026-09-25T00:21:23Z" user="Levisq" uid="24582906" lat="-7.2131277" lon="-35.9060717"/>
 <node id="14207825271" visible="true" version="1" changeset="189421606" timestamp="2026-09-22T21:44:18Z" user="Levisq" uid="24582906" lat="-7.2132288" lon="-35.9073314"/>
 <node id="14207825272" visible="true" version="1" changeset="189421606" timestamp="2026-09-22T21:44:18Z" user="Levisq" uid="24582906" lat="-7.2130447" lon="-35.9073433"/>
 <node id="14207825273" visible="true" version="1" changeset="189421606" timestamp="2026-09-22T21:44:18Z" user="Levisq" uid="24582906" lat="-7.2128333" lon="-35.9073606"/>
 <node id="14207825274" visible="true" version="1" changeset="189421606" timestamp="2026-09-22T21:44:18Z" user="Levisq" uid="24582906" lat="-7.2129532" lon="-35.9073472"/>
 <node id="14207825275" visible="true" version="1" changeset="189421606" timestamp="2026-09-22T21:44:18Z" user="Levisq" uid="24582906" lat="-7.2127968" lon="-35.9070228"/>
 <node id="14207825276" visible="true" version="1" changeset="189421606" timestamp="2026-09-22T21:44:18Z" user="Levisq" uid="24582906" lat="-7.2128304" lon="-35.9072776"/>
 <node id="14207825277" visible="true" version="1" changeset="189421606" timestamp="2026-09-22T21:44:18Z" user="Levisq" uid="24582906" lat="-7.2128298" lon="-35.9073430"/>
 <node id="14207825278" visible="true" version="1" changeset="189421606" timestamp="2026-09-22T21:44:18Z" user="Levisq" uid="24582906" lat="-7.2128378" lon="-35.9073833"/>
 <node id="14207825279" visible="true" version="1" changeset="189421606" timestamp="2026-09-22T21:44:18Z" user="Levisq" uid="24582906" lat="-7.2128145" lon="-35.9076963"/>
 <node id="14207825280" visible="true" version="1" changeset="189421606" timestamp="2026-09-22T21:44:18Z" user="Levisq" uid="24582906" lat="-7.2128435" lon="-35.9076909"/>
 <node id="14207825281" visible="true" version="1" changeset="189421606" timestamp="2026-09-22T21:44:18Z" user="Levisq" uid="24582906" lat="-7.2128070" lon="-35.9087369"/>
 <node id="14207825282" visible="true" version="1" changeset="189421606" timestamp="2026-09-22T21:44:18Z" user="Levisq" uid="24582906" lat="-7.2161383" lon="-35.9078932"/>
 <node id="14207825283" visible="true" version="2" changeset="189521279" timestamp="2026-09-25T00:21:23Z" user="Levisq" uid="24582906" lat="-7.2152714" lon="-35.9080186"/>
 <node id="14207825284" visible="true" version="1" changeset="189421606" timestamp="2026-09-22T21:44:18Z" user="Levisq" uid="24582906" lat="-7.2147918" lon="-35.9081724"/>
 <node id="14207825285" visible="true" version="1" changeset="189421606" timestamp="2026-09-22T21:44:18Z" user="Levisq" uid="24582906" lat="-7.2144004" lon="-35.9082268"/>
 <node id="14207825286" visible="true" version="1" changeset="189421606" timestamp="2026-09-22T21:44:18Z" user="Levisq" uid="24582906" lat="-7.2156772" lon="-35.9079453"/>
 <node id="14207825287" visible="true" version="1" changeset="189421606" timestamp="2026-09-22T21:44:18Z" user="Levisq" uid="24582906" lat="-7.2157877" lon="-35.9079316"/>
 <node id="14207825288" visible="true" version="1" changeset="189421606" timestamp="2026-09-22T21:44:18Z" user="Levisq" uid="24582906" lat="-7.2128290" lon="-35.9076120"/>
 <node id="14207825289" visible="true" version="1" changeset="189421606" timestamp="2026-09-22T21:44:18Z" user="Levisq" uid="24582906" lat="-7.2127879" lon="-35.9079482"/>
 <node id="14207825290" visible="true" version="1" changeset="189421606" timestamp="2026-09-22T21:44:18Z" user="Levisq" uid="24582906" lat="-7.2127957" lon="-35.9082473"/>
 <node id="14213176251" visible="true" version="1" changeset="189521279" timestamp="2026-09-25T00:21:23Z" user="Levisq" uid="24582906" lat="-7.2159516" lon="-35.9078966"/>
 <node id="14213176252" visible="true" version="1" changeset="189521279" timestamp="2026-09-25T00:21:23Z" user="Levisq" uid="24582906" lat="-7.2159903" lon="-35.9079979"/>
 <node id="14213176253" visible="true" version="1" changeset="189521279" timestamp="2026-09-25T00:21:23Z" user="Levisq" uid="24582906" lat="-7.2160658" lon="-35.9080483"/>
 <way id="55897501" visible="true" version="17" changeset="144102717" timestamp="2023-11-16T16:00:34Z" user="AlexandreCastro" uid="17376544">
  <nd ref="1429034876"/>
  <nd ref="1851337258"/>
  <nd ref="3708719714"/>
  <nd ref="3708719721"/>
  <nd ref="3708719718"/>
  <nd ref="6465460025"/>
  <nd ref="1851337240"/>
  <nd ref="11097210960"/>
  <nd ref="1851337237"/>
  <tag k="alt_name" v="Rua Aprígio Veloso"/>
  <tag k="cycleway:left" v="lane"/>
  <tag k="highway" v="primary"/>
  <tag k="lanes" v="2"/>
  <tag k="maxspeed" v="50"/>
  <tag k="name" v="Rua Rodrigues Alves"/>
  <tag k="oneway" v="yes"/>
  <tag k="source" v="GPS"/>
  <tag k="surface" v="asphalt"/>
 </way>
 <way id="138277880" visible="true" version="14" changeset="89571200" timestamp="2020-08-18T11:18:41Z" user="DnieperBasin" uid="10652829">
  <nd ref="1515991108"/>
  <nd ref="7769490356"/>
  <nd ref="7769490355"/>
  <nd ref="7769490348"/>
  <nd ref="5105409137"/>
  <nd ref="5083581149"/>
  <nd ref="5083581148"/>
  <nd ref="1515991116"/>
  <nd ref="2433014697"/>
  <nd ref="2433014699"/>
  <nd ref="7769490354"/>
  <nd ref="7769490353"/>
  <nd ref="7769490352"/>
  <nd ref="2433014700"/>
  <nd ref="7769490351"/>
  <nd ref="7769490350"/>
  <nd ref="1515991113"/>
  <nd ref="7769490349"/>
  <nd ref="1515991118"/>
  <nd ref="2433014704"/>
  <nd ref="2433014703"/>
  <nd ref="1515991105"/>
  <nd ref="2433014706"/>
  <nd ref="2433014705"/>
  <nd ref="1851337129"/>
  <nd ref="7769490345"/>
  <nd ref="1851337136"/>
  <nd ref="1515991112"/>
  <nd ref="1851337191"/>
  <nd ref="7769490359"/>
  <nd ref="7769490357"/>
  <nd ref="7769490358"/>
  <nd ref="2447149665"/>
  <nd ref="1515991117"/>
  <nd ref="1515991109"/>
  <nd ref="1515991110"/>
  <nd ref="2447149664"/>
  <nd ref="1515991107"/>
  <nd ref="5411365426"/>
  <nd ref="2447149662"/>
  <nd ref="7822887940"/>
  <nd ref="7822887939"/>
  <nd ref="7822887938"/>
  <nd ref="7822887937"/>
  <nd ref="7822887935"/>
  <nd ref="7822887936"/>
  <nd ref="2447149663"/>
  <nd ref="1429034681"/>
  <nd ref="2446550300"/>
  <nd ref="2446550301"/>
  <nd ref="7769490347"/>
  <nd ref="324828877"/>
  <nd ref="7769490346"/>
  <nd ref="1515991108"/>
  <tag k="addr:city" v="Campina Grande"/>
  <tag k="addr:housenumber" v="882"/>
  <tag k="addr:postcode" v="58429-900"/>
  <tag k="addr:street" v="Rua Aprígío Veloso"/>
  <tag k="amenity" v="university"/>
  <tag k="name" v="Universidade Federal de Campina Grande"/>
  <tag k="operator" v="UFCG"/>
  <tag k="short_name" v="UFCG"/>
 </way>
 <way id="174445716" visible="true" version="21" changeset="170398331" timestamp="2025-08-13T16:22:30Z" user="Aralqum" uid="10935577">
  <nd ref="2317170191"/>
  <nd ref="7192347179"/>
  <nd ref="7192347178"/>
  <nd ref="7192347177"/>
  <nd ref="2447156228"/>
  <nd ref="5097140896"/>
  <nd ref="5097140894"/>
  <nd ref="2447156221"/>
  <nd ref="7192347176"/>
  <nd ref="7192347175"/>
  <nd ref="7186963740"/>
  <nd ref="7186963741"/>
  <nd ref="7186963742"/>
  <nd ref="1851337112"/>
  <tag k="cycleway:left" v="lane"/>
  <tag k="highway" v="residential"/>
  <tag k="name" v="Rua Lenier Sucupira Meira de Almeida"/>
 </way>
 <way id="206427862" visible="true" version="15" changeset="162683269" timestamp="2025-02-19T02:35:31Z" user="pedro_tharg" uid="12892614">
  <nd ref="6238606789"/>
  <nd ref="6238606790"/>
  <nd ref="4522281851"/>
  <nd ref="4522281852"/>
  <nd ref="4522281853"/>
  <nd ref="4522281854"/>
  <nd ref="4522281855"/>
  <nd ref="4522281856"/>
  <nd ref="6325246141"/>
  <nd ref="2164366099"/>
  <nd ref="4522281857"/>
  <nd ref="6325246142"/>
  <nd ref="4522281858"/>
  <nd ref="4522281859"/>
  <nd ref="4522281860"/>
  <nd ref="4522281861"/>
  <nd ref="4522281862"/>
  <nd ref="6325246140"/>
  <nd ref="4522281863"/>
  <nd ref="6325246139"/>
  <nd ref="2164366113"/>
  <nd ref="4522281864"/>
  <nd ref="4522281865"/>
  <nd ref="2164366094"/>
  <nd ref="6325246138"/>
  <nd ref="2164366115"/>
  <nd ref="2164366111"/>
  <nd ref="2164366108"/>
  <nd ref="2164366082"/>
  <nd ref="4522281871"/>
  <nd ref="4522281870"/>
  <nd ref="4522281869"/>
  <nd ref="4522281868"/>
  <nd ref="2164366097"/>
  <nd ref="2164366090"/>
  <nd ref="2164366156"/>
  <nd ref="4522281866"/>
  <nd ref="6325246137"/>
  <nd ref="6325245613"/>
  <nd ref="4522281867"/>
  <nd ref="2164366103"/>
  <nd ref="2164366104"/>
  <nd ref="2164366120"/>
  <nd ref="2164366060"/>
  <nd ref="6325246310"/>
  <nd ref="2164366137"/>
  <nd ref="6325246311"/>
  <nd ref="6325246312"/>
  <nd ref="2164366154"/>
  <nd ref="2164366088"/>
  <nd ref="4522281825"/>
  <nd ref="4522281824"/>
  <nd ref="2164366068"/>
  <nd ref="6325246252"/>
  <nd ref="2164366101"/>
  <nd ref="4522281823"/>
  <nd ref="4522281822"/>
  <nd ref="4522281821"/>
  <nd ref="4522281820"/>
  <nd ref="4522281819"/>
  <nd ref="6325246259"/>
  <nd ref="4522281818"/>
  <nd ref="6325246143"/>
  <nd ref="6325246144"/>
  <nd ref="6325246262"/>
  <nd ref="5344995896"/>
  <nd ref="6325246264"/>
  <nd ref="5344995897"/>
  <nd ref="6325246266"/>
  <nd ref="6325246267"/>
  <nd ref="4522281806"/>
  <nd ref="6238802198"/>
  <nd ref="6238802200"/>
  <nd ref="6238802201"/>
  <nd ref="6238802202"/>
  <nd ref="6238802199"/>
  <nd ref="2164366151"/>
  <nd ref="2164366128"/>
  <nd ref="3824859289"/>
  <nd ref="3824859288"/>
  <nd ref="3824859287"/>
  <nd ref="3824859284"/>
  <nd ref="2164366133"/>
  <nd ref="2164366124"/>
  <nd ref="2164366085"/>
  <nd ref="2164366129"/>
  <nd ref="2164366144"/>
  <nd ref="6238615891"/>
  <nd ref="2164366076"/>
  <nd ref="4908304707"/>
  <nd ref="6238615892"/>
  <nd ref="2164366063"/>
  <nd ref="6238615893"/>
  <nd ref="7635969615"/>
  <nd ref="2164366106"/>
  <nd ref="7635969605"/>
  <nd ref="7635969623"/>
  <nd ref="2164366079"/>
  <nd ref="7635961243"/>
  <nd ref="6238615897"/>
  <nd ref="9137419720"/>
  <nd ref="9137419721"/>
  <nd ref="9137419722"/>
  <nd ref="9137419723"/>
  <nd ref="9137419724"/>
  <nd ref="9137419725"/>
  <nd ref="9137419726"/>
  <nd ref="9137419729"/>
  <nd ref="9137419728"/>
  <nd ref="9137419730"/>
  <nd ref="9137419727"/>
  <nd ref="4522281836"/>
  <nd ref="6238615896"/>
  <nd ref="6238606794"/>
  <nd ref="9137419731"/>
  <nd ref="6238606795"/>
  <nd ref="9137598477"/>
  <nd ref="9137419732"/>
  <nd ref="4522281837"/>
  <nd ref="9137598478"/>
  <nd ref="9137598479"/>
  <nd ref="6238606681"/>
  <nd ref="6238606682"/>
  <nd ref="6238606683"/>
  <nd ref="9137419733"/>
  <nd ref="6238606785"/>
  <nd ref="12599764455"/>
  <nd ref="6238606786"/>
  <nd ref="6238606787"/>
  <nd ref="6238606789"/>
  <tag k="name" v="Açude de Bodocongó"/>
  <tag k="natural" v="water"/>
  <tag k="water" v="lake"/>
 </way>
 <way id="222779473" visible="true" version="4" changeset="170398331" timestamp="2025-08-13T16:22:30Z" user="Aralqum" uid="10935577">
  <nd ref="2317170191"/>
  <nd ref="2317170190"/>
  <nd ref="7192364035"/>
  <tag k="highway" v="residential"/>
 </way>
 <way id="222782428" visible="true" version="7" changeset="80669478" timestamp="2020-02-07T03:52:24Z" user="PlazaBaquedano" uid="9225258">
  <nd ref="2447213559"/>
  <nd ref="6587886253"/>
  <tag k="highway" v="service"/>
 </way>
 <way id="222782434" visible="true" version="4" changeset="54418304" timestamp="2017-12-07T01:05:29Z" user="Matias_Daniel" uid="7142955">
  <nd ref="2317200582"/>
  <nd ref="5097178791"/>
  <tag k="highway" v="living_street"/>
 </way>
 <way id="222782442" visible="true" version="4" changeset="170398331" timestamp="2025-08-13T16:22:30Z" user="Aralqum" uid="10935577">
  <nd ref="2317200609"/>
  <nd ref="324828852"/>
  <tag k="highway" v="residential"/>
  <tag k="oneway" v="yes"/>
 </way>
 <way id="222782447" visible="true" version="9" changeset="80665677" timestamp="2020-02-07T01:35:58Z" user="PlazaBaquedano" uid="9225258">
  <nd ref="2317200557"/>
  <nd ref="2317200560"/>
  <nd ref="7192248697"/>
  <nd ref="5097178791"/>
  <nd ref="5264926674"/>
  <nd ref="7192248698"/>
  <nd ref="7192248699"/>
  <nd ref="2447219916"/>
  <tag k="highway" v="service"/>
  <tag k="oneway" v="no"/>
 </way>
 <way id="222782449" visible="true" version="9" changeset="144151573" timestamp="2023-11-17T19:13:59Z" user="AlexandreCastro" uid="17376544">
  <nd ref="687796375"/>
  <nd ref="5268183997"/>
  <nd ref="7189871488"/>
  <nd ref="5265057932"/>
  <nd ref="7189871489"/>
  <nd ref="7189871490"/>
  <nd ref="5344877236"/>
  <tag k="cycleway:right" v="lane"/>
  <tag k="highway" v="residential"/>
  <tag k="name" v="Avenida Ricardo Wagner Silva Paz"/>
 </way>
 <way id="222782450" visible="true" version="6" changeset="189421606" timestamp="2026-09-22T21:44:18Z" user="Levisq" uid="24582906">
  <nd ref="2317200593"/>
  <nd ref="4354856301"/>
  <nd ref="4354856302"/>
  <nd ref="4354856303"/>
  <nd ref="2317200568"/>
  <nd ref="14207825282"/>
  <nd ref="5266954682"/>
  <nd ref="2317200574"/>
  <nd ref="2317200591"/>
  <tag k="highway" v="footway"/>
 </way>
 <way id="222782454" visible="true" version="7" changeset="163739917" timestamp="2025-03-17T16:25:35Z" user="Rodrigson" uid="22612012">
  <nd ref="2317200560"/>
  <nd ref="7192248696"/>
  <nd ref="7192248695"/>
  <nd ref="7192248694"/>
  <nd ref="5097331199"/>
  <nd ref="7192248693"/>
  <nd ref="5097331201"/>
  <nd ref="2447227070"/>
  <nd ref="2447227075"/>
  <nd ref="2447227073"/>
  <nd ref="7769590115"/>
  <nd ref="7769590114"/>
  <nd ref="2317200571"/>
  <tag k="highway" v="service"/>
  <tag k="surface" v="sett"/>
 </way>
 <way id="222782455" visible="true" version="4" changeset="41523802" timestamp="2016-08-17T23:42:40Z" user="Caio Juvino" uid="4435590">
  <nd ref="2317200591"/>
  <nd ref="2317200599"/>
  <nd ref="2317200593"/>
  <nd ref="2317200568"/>
  <tag k="highway" v="footway"/>
 </way>
 <way id="223141035" visible="true" version="13" changeset="144099802" timestamp="2023-11-16T14:43:34Z" user="AlexandreCastro" uid="17376544">
  <nd ref="1851337206"/>
  <nd ref="4567726953"/>
  <nd ref="2317200554"/>
  <nd ref="4567726954"/>
  <nd ref="4567726955"/>
  <nd ref="2317200549"/>
  <nd ref="2317200546"/>
  <nd ref="2317200543"/>
  <nd ref="4567726956"/>
  <nd ref="2317200538"/>
  <nd ref="2317200536"/>
  <nd ref="6238606879"/>
  <nd ref="4567726957"/>
  <nd ref="2317200534"/>
  <nd ref="4567726958"/>
  <nd ref="2317200532"/>
  <nd ref="4567726959"/>
  <nd ref="2317200530"/>
  <nd ref="7186877354"/>
  <nd ref="7186877355"/>
  <nd ref="4567726960"/>
  <nd ref="7186877356"/>
  <nd ref="7186877357"/>
  <nd ref="7186877358"/>
  <nd ref="2317200528"/>
  <nd ref="2320730614"/>
  <nd ref="6587896589"/>
  <nd ref="2320730613"/>
  <nd ref="4567726961"/>
  <nd ref="2317287809"/>
  <nd ref="6587896609"/>
  <nd ref="2317287805"/>
  <nd ref="4567726962"/>
  <nd ref="7186877359"/>
  <nd ref="5344995890"/>
  <tag k="alt_name" v="Avenida Industrial Ademar Veloso Silveira"/>
  <tag k="cycleway" v="lane"/>
  <tag k="highway" v="tertiary"/>
  <tag k="name" v="Rua Manoel Gonçalves Melo"/>
 </way>
 <way id="236664128" visible="true" version="3" changeset="52037341" timestamp="2017-09-14T13:20:19Z" user="DEbi_CAS" uid="6608697">
  <nd ref="2446626912"/>
  <nd ref="2446626910"/>
  <nd ref="2446626913"/>
  <nd ref="2446626911"/>
  <nd ref="2446626912"/>
  <tag k="building" v="public"/>
  <tag k="name" v="Bloco AA (Reitoria UFCG)"/>
 </way>
 <way id="236667120" visible="true" version="5" changeset="67474697" timestamp="2019-02-22T17:47:52Z" user="JSilvaBR" uid="9454292">
  <nd ref="2446649775"/>
  <nd ref="2446649776"/>
  <nd ref="2446649777"/>
  <nd ref="2446649778"/>
  <nd ref="2446649779"/>
  <nd ref="2446649780"/>
  <nd ref="2446649781"/>
  <nd ref="2446649782"/>
  <nd ref="2446649783"/>
  <nd ref="2446649784"/>
  <nd ref="2446649785"/>
  <nd ref="2446649786"/>
  <nd ref="2446649787"/>
  <nd ref="2446649788"/>
  <nd ref="2446649789"/>
  <nd ref="2446649790"/>
  <nd ref="2446649791"/>
  <nd ref="2446649792"/>
  <nd ref="2446649793"/>
  <nd ref="2446649794"/>
  <nd ref="2446649775"/>
  <tag k="amenity" v="library"/>
  <tag k="building" v="yes"/>
  <tag k="name" v="Biblioteca Central (UFCG)"/>
  <tag k="name:pt" v="Biblioteca central"/>
  <tag k="toilets:wheelchair" v="yes"/>
  <tag k="wheelchair" v="yes"/>
 </way>
 <way id="236668151" visible="true" version="5" changeset="67750496" timestamp="2019-03-04T00:32:39Z" user="b-jazz-bot" uid="9451067">
  <nd ref="2446657731"/>
  <nd ref="2446657732"/>
  <nd ref="2446657733"/>
  <nd ref="2446657736"/>
  <nd ref="2446657735"/>
  <nd ref="2446657734"/>
  <nd ref="2446657731"/>
  <tag k="building" v="yes"/>
  <tag k="building:levels" v="0"/>
  <tag k="name" v="Laboratório de Sistemas Distribuidos (UFCG)"/>
  <tag k="name:en" v="Distributed Systems Laboratory - UFCG"/>
  <tag k="website" v="https://www.lsd.ufcg.edu.br/"/>
 </way>
 <way id="236668365" visible="true" version="5" changeset="31864044" timestamp="2015-06-10T17:18:08Z" user="wheelmap_visitor" uid="290680">
  <nd ref="2446658587"/>
  <nd ref="2446658588"/>
  <nd ref="2446658589"/>
  <nd ref="2446658590"/>
  <nd ref="2446658587"/>
  <tag k="leisure" v="pitch"/>
  <tag k="sport" v="soccer"/>
  <tag k="toilets:wheelchair" v="yes"/>
  <tag k="wheelchair" v="yes"/>
 </way>
 <way id="236728653" visible="true" version="8" changeset="170398331" timestamp="2025-08-13T16:22:30Z" user="Aralqum" uid="10935577">
  <nd ref="687796418"/>
  <nd ref="6587886253"/>
  <tag k="highway" v="residential"/>
  <tag k="name" v="Rua Abel Costa"/>
  <tag k="oneway" v="yes"/>
 </way>
 <way id="236728654" visible="true" version="11" changeset="144102717" timestamp="2023-11-16T16:00:34Z" user="AlexandreCastro" uid="17376544">
  <nd ref="6587886253"/>
  <nd ref="1429034876"/>
  <tag k="alt_name" v="Rua Silva Barbosa"/>
  <tag k="cycleway:left" v="lane"/>
  <tag k="highway" v="primary"/>
  <tag k="lanes" v="2"/>
  <tag k="maxspeed" v="30"/>
  <tag k="name" v="Rua Aprígio Veloso"/>
  <tag k="oneway" v="yes"/>
  <tag k="surface" v="asphalt"/>
 </way>
 <way id="236729259" visible="true" version="8" changeset="139568816" timestamp="2023-08-07T14:40:39Z" user="Raphaelkaart" uid="12468685">
  <nd ref="7189408503"/>
  <nd ref="7189408500"/>
  <nd ref="5345015173"/>
  <nd ref="7189408501"/>
  <nd ref="1851337218"/>
  <nd ref="7189408502"/>
  <tag k="alt_name" v="Rua Vinte e Sete de Julho"/>
  <tag k="highway" v="tertiary_link"/>
  <tag k="lanes" v="2"/>
  <tag k="name" v="Rua 27 de Julho"/>
  <tag k="oneway" v="yes"/>
  <tag k="surface" v="asphalt"/>
 </way>
 <way id="236729260" visible="true" version="9" changeset="139568816" timestamp="2023-08-07T14:40:39Z" user="Raphaelkaart" uid="12468685">
  <nd ref="1851337236"/>
  <nd ref="2447149658"/>
  <nd ref="7189408498"/>
  <nd ref="7189408497"/>
  <nd ref="7189408499"/>
  <nd ref="2447149659"/>
  <nd ref="1851337210"/>
  <tag k="alt_name" v="Rua Vinte e Sete de Julho"/>
  <tag k="highway" v="tertiary"/>
  <tag k="name" v="Rua 27 de Julho"/>
  <tag k="oneway" v="yes"/>
  <tag k="source" v="GPS"/>
 </way>
 <way id="236730460" visible="true" version="15" changeset="163742759" timestamp="2025-03-17T17:30:20Z" user="Rodrigson" uid="22612012">
  <nd ref="5097194817"/>
  <nd ref="2317200571"/>
  <nd ref="5382219798"/>
  <nd ref="7769590119"/>
  <nd ref="5097178785"/>
  <nd ref="5362733707"/>
  <nd ref="5264926668"/>
  <nd ref="5097178780"/>
  <nd ref="5097091464"/>
  <nd ref="2447219912"/>
  <tag k="highway" v="service"/>
  <tag k="surface" v="sett"/>
 </way>
 <way id="236733534" visible="true" version="5" changeset="41523802" timestamp="2016-08-17T23:42:40Z" user="Caio Juvino" uid="4435590">
  <nd ref="2447213559"/>
  <nd ref="2317200591"/>
  <tag k="highway" v="footway"/>
 </way>
 <way id="236736608" visible="true" version="1" changeset="17689151" timestamp="2013-09-05T15:07:23Z" user="Gabriel Bezerra" uid="1734614">
  <nd ref="2447213558"/>
  <nd ref="2447213559"/>
  <tag k="highway" v="footway"/>
 </way>
 <way id="236736620" visible="true" version="7" changeset="189421606" timestamp="2026-09-22T21:44:18Z" user="Levisq" uid="24582906">
  <nd ref="2447156224"/>
  <nd ref="7192210678"/>
  <nd ref="7192210679"/>
  <nd ref="2447213591"/>
  <nd ref="7192210680"/>
  <nd ref="7192210681"/>
  <nd ref="5097178772"/>
  <nd ref="2447213592"/>
  <nd ref="7192210682"/>
  <nd ref="7192210683"/>
  <nd ref="2447213593"/>
  <nd ref="7192210684"/>
  <nd ref="7192248685"/>
  <nd ref="14207825285"/>
  <nd ref="7192248686"/>
  <nd ref="7192248687"/>
  <nd ref="7192248688"/>
  <nd ref="5097140890"/>
  <tag k="highway" v="service"/>
 </way>
 <way id="236737671" visible="true" version="6" changeset="163460051" timestamp="2025-03-10T20:57:28Z" user="Rodrigson" uid="22612012">
  <nd ref="5097091464"/>
  <nd ref="7192512313"/>
  <nd ref="7192512314"/>
  <nd ref="7192512315"/>
  <nd ref="7769590112"/>
  <nd ref="7769590113"/>
  <nd ref="2447219921"/>
  <nd ref="7192512316"/>
  <nd ref="7192512317"/>
  <nd ref="2447219916"/>
  <tag k="highway" v="service"/>
  <tag k="service" v="parking_aisle"/>
  <tag k="surface" v="sett"/>
 </way>
 <way id="236738845" visible="true" version="8" changeset="163739917" timestamp="2025-03-17T16:24:06Z" user="Rodrigson" uid="22612012">
  <nd ref="2447227070"/>
  <nd ref="7192210656"/>
  <nd ref="2447227071"/>
  <nd ref="7192512309"/>
  <nd ref="7192210657"/>
  <nd ref="2447227074"/>
  <tag k="covered" v="no"/>
  <tag k="highway" v="service"/>
  <tag k="oneway" v="yes"/>
  <tag k="service" v="parking_aisle"/>
  <tag k="surface" v="sett"/>
 </way>
 <way id="236738846" visible="true" version="7" changeset="163739917" timestamp="2025-03-17T16:24:07Z" user="Rodrigson" uid="22612012">
  <nd ref="2447227074"/>
  <nd ref="2447227075"/>
  <tag k="covered" v="no"/>
  <tag k="highway" v="service"/>
  <tag k="oneway" v="yes"/>
  <tag k="service" v="parking_aisle"/>
  <tag k="surface" v="sett"/>
 </way>
 <way id="236765481" visible="true" version="3" changeset="52037341" timestamp="2017-09-14T13:20:19Z" user="DEbi_CAS" uid="6608697">
  <nd ref="2447434369"/>
  <nd ref="2447765122"/>
  <nd ref="2447765123"/>
  <nd ref="2447434373"/>
  <nd ref="2447434369"/>
  <tag k="building" v="yes"/>
  <tag k="building:levels" v="3"/>
  <tag k="name" v="Bloco AB (UFCG)"/>
  <tag k="wheelchair" v="limited"/>
 </way>
 <way id="236765783" visible="true" version="5" changeset="52037341" timestamp="2017-09-14T13:20:22Z" user="DEbi_CAS" uid="6608697">
  <nd ref="2447437083"/>
  <nd ref="2447437084"/>
  <nd ref="2447437085"/>
  <nd ref="5099982319"/>
  <nd ref="2447437086"/>
  <nd ref="2447437083"/>
  <tag k="building" v="yes"/>
  <tag k="building:levels" v="1"/>
  <tag k="name" v="Bloco AE (Ginásio de Esportes - UFCG)"/>
 </way>
 <way id="236765835" visible="true" version="4" changeset="52037341" timestamp="2017-09-14T13:20:22Z" user="DEbi_CAS" uid="6608697">
  <nd ref="2447437465"/>
  <nd ref="2447437466"/>
  <nd ref="2447437467"/>
  <nd ref="2750811244"/>
  <nd ref="2750811243"/>
  <nd ref="2447437468"/>
  <nd ref="2750811240"/>
  <nd ref="2750811241"/>
  <nd ref="2447437469"/>
  <nd ref="2447437470"/>
  <nd ref="2447437465"/>
  <tag k="amenity" v="restaurant"/>
  <tag k="building" v="yes"/>
  <tag k="cuisine" v="regional"/>
  <tag k="name" v="Bloco AC (Restaurante Universitário - UFCG)"/>
 </way>
 <way id="236765945" visible="true" version="4" changeset="52037341" timestamp="2017-09-14T13:20:22Z" user="DEbi_CAS" uid="6608697">
  <nd ref="2447438696"/>
  <nd ref="2447438698"/>
  <nd ref="2447438702"/>
  <nd ref="5088845385"/>
  <nd ref="5088845386"/>
  <nd ref="2447438706"/>
  <nd ref="2447438696"/>
  <tag k="building" v="yes"/>
  <tag k="name" v="Bloco AL (Centro de Extensão - UFCG)"/>
 </way>
 <way id="236766016" visible="true" version="2" changeset="52037341" timestamp="2017-09-14T13:20:22Z" user="DEbi_CAS" uid="6608697">
  <nd ref="2447440339"/>
  <nd ref="2447440340"/>
  <nd ref="2447440341"/>
  <nd ref="2447440342"/>
  <nd ref="2447440339"/>
  <tag k="building" v="yes"/>
  <tag k="name" v="Bloco AO (UFCG)"/>
 </way>
 <way id="236766038" visible="true" version="2" changeset="52037341" timestamp="2017-09-14T13:20:23Z" user="DEbi_CAS" uid="6608697">
  <nd ref="2447440476"/>
  <nd ref="2447440477"/>
  <nd ref="2447440478"/>
  <nd ref="2447440479"/>
  <nd ref="2447440476"/>
  <tag k="building" v="yes"/>
  <tag k="building:levels" v="1"/>
  <tag k="name" v="Bloco AJ (UFCG)"/>
 </way>
 <way id="236766114" visible="true" version="2" changeset="52037341" timestamp="2017-09-14T13:20:23Z" user="DEbi_CAS" uid="6608697">
  <nd ref="2447441294"/>
  <nd ref="2447441295"/>
  <nd ref="2447441296"/>
  <nd ref="2447441297"/>
  <nd ref="2447441294"/>
  <tag k="building" v="yes"/>
  <tag k="name" v="Bloco AK (Creduni - UFCG)"/>
 </way>
 <way id="258784116" visible="true" version="2" changeset="54918895" timestamp="2017-12-26T01:28:37Z" user="UsuárioPar" uid="367813">
  <nd ref="2641071113"/>
  <nd ref="2641071114"/>
  <nd ref="2641071115"/>
  <nd ref="2641071116"/>
  <nd ref="2641071113"/>
  <tag k="leisure" v="pitch"/>
  <tag k="sport" v="soccer"/>
  <tag k="surface" v="grass"/>
 </way>
 <way id="269975155" visible="true" version="2" changeset="52037341" timestamp="2017-09-14T13:20:19Z" user="DEbi_CAS" uid="6608697">
  <nd ref="2750819598"/>
  <nd ref="2750819601"/>
  <nd ref="2750819604"/>
  <nd ref="2750819607"/>
  <nd ref="2750819609"/>
  <nd ref="2750819612"/>
  <nd ref="2750819615"/>
  <nd ref="2750819618"/>
  <nd ref="2750819598"/>
  <tag k="building" v="yes"/>
  <tag k="building:levels" v="1"/>
  <tag k="name" v="Bloco BC (Central de Aulas - UFCG)"/>
 </way>
 <way id="295944621" visible="true" version="8" changeset="162639926" timestamp="2025-02-17T23:55:27Z" user="elmoneto" uid="1871742">
  <nd ref="6585791781"/>
  <nd ref="6585791774"/>
  <nd ref="7189408496"/>
  <nd ref="6585791775"/>
  <nd ref="2997053146"/>
  <nd ref="2997053147"/>
  <nd ref="2261848274"/>
  <nd ref="4811846287"/>
  <nd ref="7189408488"/>
  <nd ref="2997053148"/>
  <nd ref="7189408485"/>
  <nd ref="7189408487"/>
  <nd ref="1851337248"/>
  <nd ref="6585791783"/>
  <nd ref="2997053149"/>
  <nd ref="7189408486"/>
  <nd ref="1851337237"/>
  <nd ref="1851337236"/>
  <nd ref="7189408504"/>
  <nd ref="6585791782"/>
  <nd ref="2997053151"/>
  <nd ref="2997053144"/>
  <nd ref="7189408506"/>
  <nd ref="687796409"/>
  <tag k="highway" v="primary"/>
  <tag k="junction" v="roundabout"/>
  <tag k="lanes" v="1"/>
  <tag k="surface" v="asphalt"/>
 </way>
 <way id="366023044" visible="true" version="5" changeset="163062630" timestamp="2025-02-28T17:25:56Z" user="LakeManapouri" uid="21827456">
  <nd ref="2317200633"/>
  <nd ref="3700161224"/>
  <nd ref="3700162925"/>
  <nd ref="3700162926"/>
  <nd ref="3700162927"/>
  <nd ref="12626103297"/>
  <nd ref="12626103296"/>
  <nd ref="3700162928"/>
  <tag k="highway" v="path"/>
  <tag k="motor_vehicle" v="yes"/>
  <tag k="surface" v="earth"/>
 </way>
 <way id="366855776" visible="true" version="9" changeset="163739917" timestamp="2025-03-17T16:24:06Z" user="Rodrigson" uid="22612012">
  <nd ref="2447227073"/>
  <nd ref="7192210659"/>
  <nd ref="7192210661"/>
  <nd ref="2447227072"/>
  <nd ref="2447227074"/>
  <tag k="covered" v="no"/>
  <tag k="highway" v="service"/>
  <tag k="oneway" v="yes"/>
  <tag k="service" v="parking_aisle"/>
  <tag k="surface" v="sett"/>
 </way>
 <way id="366856007" visible="true" version="3" changeset="81684456" timestamp="2020-03-02T14:05:58Z" user="GfcA" uid="3118453">
  <nd ref="3708375872"/>
  <nd ref="3708375873"/>
  <nd ref="3708375874"/>
  <nd ref="3708375875"/>
  <nd ref="3708375872"/>
  <tag k="building" v="university"/>
  <tag k="building:levels" v="2"/>
  <tag k="description" v="Pró-Reitoria de Ensino&#10;Serviço de Tecnologia da Informação"/>
  <tag k="name" v="Bloco BB (PRE e STI)"/>
 </way>
 <way id="366858682" visible="true" version="3" changeset="139498249" timestamp="2023-08-05T23:05:17Z" user="AjBelnuovo" uid="1799626">
  <nd ref="3708407995"/>
  <nd ref="3708407996"/>
  <nd ref="3708407997"/>
  <nd ref="3708407998"/>
  <nd ref="3708407995"/>
  <tag k="addr:housenumber" v="334"/>
  <tag k="addr:postcode" v="58429-170"/>
  <tag k="addr:street" v="Rua Aprígio Veloso"/>
  <tag k="addr:suburb" v="Universitário"/>
  <tag k="amenity" v="fuel"/>
  <tag k="brand" v="Ipiranga"/>
  <tag k="brand:wikidata" v="Q2081136"/>
  <tag k="building" v="roof"/>
  <tag k="fuel:etanol_comum" v="yes"/>
  <tag k="fuel:gasoline_87" v="yes"/>
  <tag k="name" v="Posto Bodocongó"/>
  <tag k="operator" v="Ipiranga"/>
  <tag k="self_service" v="no"/>
 </way>
 <way id="366859093" visible="true" version="4" changeset="139498249" timestamp="2023-08-05T23:05:17Z" user="AjBelnuovo" uid="1799626">
  <nd ref="3708417253"/>
  <nd ref="3708417254"/>
  <nd ref="3708417255"/>
  <nd ref="3708417256"/>
  <nd ref="3708417253"/>
  <tag k="addr:city" v="Campina Grande"/>
  <tag k="addr:housenumber" v="175"/>
  <tag k="addr:postcode" v="58429-170"/>
  <tag k="addr:street" v="Rua Aprígio Veloso"/>
  <tag k="addr:suburb" v="Universitário"/>
  <tag k="building" v="apartments"/>
  <tag k="building:levels" v="17"/>
  <tag k="building:levels:underground" v="1"/>
  <tag k="height" v="50"/>
  <tag k="name" v="Benvenuto Residenziale"/>
  <tag k="start_date" v="2020"/>
 </way>
 <way id="366859405" visible="true" version="1" changeset="33490656" timestamp="2015-08-21T18:59:41Z" user="GfcA" uid="3118453">
  <nd ref="3708420735"/>
  <nd ref="3708420736"/>
  <nd ref="3708420737"/>
  <nd ref="3708420738"/>
  <nd ref="3708420735"/>
  <tag k="building" v="industrial"/>
  <tag k="name" v="Atecel - Geotecnia"/>
 </way>
 <way id="366895783" visible="true" version="2" changeset="54611271" timestamp="2017-12-14T00:22:24Z" user="Matias_Daniel" uid="7142955">
  <nd ref="2447219912"/>
  <nd ref="3708719714"/>
  <tag k="highway" v="service"/>
  <tag k="oneway" v="yes"/>
 </way>
 <way id="366895784" visible="true" version="3" changeset="55760845" timestamp="2018-01-26T05:22:09Z" user="Matias_Daniel" uid="7142955">
  <nd ref="1851337258"/>
  <nd ref="2447219912"/>
  <tag k="highway" v="service"/>
  <tag k="oneway" v="yes"/>
 </way>
 <way id="366895785" visible="true" version="2" changeset="89569671" timestamp="2020-08-18T10:52:33Z" user="DnieperBasin" uid="10652829">
  <nd ref="2447219916"/>
  <nd ref="3708719716"/>
  <tag k="highway" v="service"/>
  <tag k="service" v="parking_aisle"/>
 </way>
 <way id="366895786" visible="true" version="2" changeset="80669515" timestamp="2020-02-07T03:53:43Z" user="PlazaBaquedano" uid="9225258">
  <nd ref="3708719718"/>
  <nd ref="7192376867"/>
  <nd ref="3708719719"/>
  <nd ref="7192376866"/>
  <nd ref="3708719720"/>
  <nd ref="7192376865"/>
  <nd ref="7192376864"/>
  <nd ref="3708719721"/>
  <tag k="highway" v="service"/>
 </way>
 <way id="366895872" visible="true" version="5" changeset="189421606" timestamp="2026-09-22T21:44:18Z" user="Levisq" uid="24582906">
  <nd ref="3708720941"/>
  <nd ref="3708720942"/>
  <nd ref="3708720943"/>
  <nd ref="3708720944"/>
  <nd ref="3708720941"/>
  <tag k="area" v="yes"/>
  <tag k="brand:wikidata" v="Q5835668"/>
  <tag k="name" v="Smart Campus"/>
 </way>
 <way id="366895873" visible="true" version="3" changeset="126802188" timestamp="2022-09-30T01:34:19Z" user="Gustavo22Soares" uid="10460642">
  <nd ref="3708720945"/>
  <nd ref="3708720946"/>
  <nd ref="3708720947"/>
  <nd ref="3708720948"/>
  <nd ref="3708720945"/>
  <tag k="amenity" v="bank"/>
  <tag k="atm" v="yes"/>
  <tag k="brand" v="Caixa Econômica Federal"/>
  <tag k="brand:wikidata" v="Q835283"/>
  <tag k="building" v="yes"/>
  <tag k="drive_through" v="no"/>
  <tag k="name" v="Caixa Econômica Federal"/>
 </way>
 <way id="366895874" visible="true" version="3" changeset="126802188" timestamp="2022-09-30T01:34:19Z" user="Gustavo22Soares" uid="10460642">
  <nd ref="3708720949"/>
  <nd ref="3708720950"/>
  <nd ref="3708720951"/>
  <nd ref="3708720952"/>
  <nd ref="3708720953"/>
  <nd ref="3708720954"/>
  <nd ref="3708720949"/>
  <tag k="amenity" v="bank"/>
  <tag k="atm" v="yes"/>
  <tag k="brand" v="Banco do Brasil"/>
  <tag k="brand:wikidata" v="Q610817"/>
  <tag k="building" v="yes"/>
  <tag k="drive_through" v="no"/>
  <tag k="name" v="Banco do Brasil"/>
 </way>
 <way id="379125408" visible="true" version="13" changeset="144298589" timestamp="2023-11-21T18:28:27Z" user="tg4567" uid="12500589">
  <nd ref="3824859268"/>
  <nd ref="6238802197"/>
  <nd ref="6238802196"/>
  <nd ref="6238802195"/>
  <nd ref="6238802192"/>
  <nd ref="9134955542"/>
  <nd ref="9134955543"/>
  <nd ref="6238802193"/>
  <nd ref="9134955583"/>
  <nd ref="9134955564"/>
  <nd ref="6238802194"/>
  <nd ref="6238802191"/>
  <nd ref="9134955565"/>
  <nd ref="3824859269"/>
  <nd ref="9120249216"/>
  <nd ref="3824859271"/>
  <nd ref="9208686348"/>
  <nd ref="3824859272"/>
  <nd ref="3824859273"/>
  <nd ref="3824859274"/>
  <nd ref="3824859275"/>
  <nd ref="3824859276"/>
  <nd ref="3824859277"/>
  <nd ref="6238615903"/>
  <nd ref="2164366076"/>
  <nd ref="6238615891"/>
  <nd ref="2164366144"/>
  <nd ref="2164366129"/>
  <nd ref="2164366085"/>
  <nd ref="2164366124"/>
  <nd ref="2164366133"/>
  <nd ref="3824859284"/>
  <nd ref="3824859287"/>
  <nd ref="3824859288"/>
  <nd ref="3824859289"/>
  <nd ref="2164366128"/>
  <nd ref="6325246131"/>
  <nd ref="6325246130"/>
  <nd ref="6325246129"/>
  <nd ref="6325246126"/>
  <nd ref="6325246125"/>
  <nd ref="3824859293"/>
  <nd ref="3824859294"/>
  <nd ref="3824859295"/>
  <nd ref="3824859296"/>
  <nd ref="3824859297"/>
  <nd ref="3824859298"/>
  <nd ref="9135309111"/>
  <nd ref="3824859299"/>
  <nd ref="3824859268"/>
  <tag k="addr:city" v="Campina Grande"/>
  <tag k="addr:housenumber" v="351"/>
  <tag k="addr:postcode" v="58429-500"/>
  <tag k="addr:street" v="Rua Baraúnas"/>
  <tag k="addr:suburb" v="Universitário"/>
  <tag k="amenity" v="university"/>
  <tag k="internet_access" v="yes"/>
  <tag k="internet_access:fee" v="no"/>
  <tag k="name" v="UEPB - Universidade Estadual da Paraíba"/>
  <tag k="phone" v="+55 83 3315-3300"/>
  <tag k="source" v="http://www.uepb.edu.br/"/>
  <tag k="website" v="http://www.uepb.edu.br/"/>
  <tag k="wikidata" v="Q4984567"/>
  <tag k="wikimedia_commons" v="Category:Universidade Estadual da Paraíba"/>
  <tag k="wikipedia" v="pt:Universidade Estadual da Paraíba"/>
 </way>
 <way id="379136353" visible="true" version="3" changeset="116148010" timestamp="2022-01-14T13:35:04Z" user="andrewamaro" uid="9089009">
  <nd ref="3824919479"/>
  <nd ref="9418002429"/>
  <nd ref="3824919480"/>
  <tag k="highway" v="residential"/>
 </way>
 <way id="437689890" visible="true" version="3" changeset="89569671" timestamp="2020-08-18T10:52:33Z" user="DnieperBasin" uid="10652829">
  <nd ref="4354856297"/>
  <nd ref="4354856298"/>
  <nd ref="4354856299"/>
  <nd ref="4354856300"/>
  <nd ref="5266954677"/>
  <nd ref="4354856297"/>
  <tag k="leisure" v="pitch"/>
  <tag k="name" v="Mini Campo"/>
  <tag k="sport" v="soccer"/>
 </way>
 <way id="488898396" visible="true" version="2" changeset="72904355" timestamp="2019-08-01T15:19:49Z" user="mr_et" uid="9565107">
  <nd ref="3700162928"/>
  <nd ref="4811800439"/>
  <tag k="highway" v="residential"/>
  <tag k="name" v="Travessa Conego Pequeno"/>
 </way>
 <way id="488901773" visible="true" version="1" changeset="48066302" timestamp="2017-04-23T17:07:01Z" user="patodiez" uid="1856060">
  <nd ref="4811846288"/>
  <nd ref="4811846301"/>
  <nd ref="4811846289"/>
  <nd ref="4811846290"/>
  <nd ref="4811846291"/>
  <nd ref="4811846292"/>
  <nd ref="4811846293"/>
  <nd ref="4811846294"/>
  <nd ref="4811846295"/>
  <nd ref="4811846296"/>
  <nd ref="4811846297"/>
  <nd ref="4811846298"/>
  <nd ref="4811846299"/>
  <nd ref="4811846300"/>
  <nd ref="4811846288"/>
  <tag k="leisure" v="park"/>
 </way>
 <way id="521752276" visible="true" version="5" changeset="81288613" timestamp="2020-02-20T19:35:03Z" user="overture" uid="8701980">
  <nd ref="5083293564"/>
  <nd ref="5083293563"/>
  <nd ref="5083293562"/>
  <nd ref="5083293561"/>
  <nd ref="5083293560"/>
  <nd ref="5083293564"/>
  <tag k="building" v="yes"/>
  <tag k="name" v="Centro de Engenharia Elétrica e Informática - UFCG"/>
  <tag k="name:en" v="Electrical Engineering and Computer Center - UFCG"/>
  <tag k="short_name" v="CEEI"/>
 </way>
 <way id="521759335" visible="true" version="3" changeset="51976071" timestamp="2017-09-12T14:55:14Z" user="DEbi_CAS" uid="6608697">
  <nd ref="5083342825"/>
  <nd ref="5083342826"/>
  <nd ref="5083342827"/>
  <nd ref="5083342828"/>
  <nd ref="5083342825"/>
  <tag k="building" v="yes"/>
  <tag k="name" v="Central de Laboratórios do DEE (UFCG)"/>
 </way>
 <way id="521780381" visible="true" version="8" changeset="87001003" timestamp="2020-06-22T22:37:41Z" user="Pedro Serey" uid="11372350">
  <nd ref="5083505328"/>
  <nd ref="5083505327"/>
  <nd ref="5083505326"/>
  <nd ref="5083505325"/>
  <nd ref="5083505324"/>
  <nd ref="5083505323"/>
  <nd ref="7644626107"/>
  <nd ref="5083505322"/>
  <nd ref="5083505321"/>
  <nd ref="6670471087"/>
  <nd ref="7644626106"/>
  <nd ref="6297414862"/>
  <nd ref="5083503717"/>
  <nd ref="7644626109"/>
  <nd ref="7644626108"/>
  <nd ref="5083505328"/>
  <tag k="building" v="yes"/>
  <tag k="name" v="Bloco CL (UFCG)"/>
 </way>
 <way id="521781124" visible="true" version="4" changeset="67493231" timestamp="2019-02-23T12:58:05Z" user="JSilvaBR" uid="9454292">
  <nd ref="5083510436"/>
  <nd ref="5083510435"/>
  <nd ref="5083510434"/>
  <nd ref="5083510433"/>
  <nd ref="5083510432"/>
  <nd ref="6297414853"/>
  <nd ref="5083510431"/>
  <nd ref="5083510430"/>
  <nd ref="5083510429"/>
  <nd ref="5083510428"/>
  <nd ref="6297414851"/>
  <nd ref="5083510427"/>
  <nd ref="5083510426"/>
  <nd ref="5083510436"/>
  <tag k="building" v="yes"/>
  <tag k="name" v="Bloco CM (UFCG)"/>
 </way>
 <way id="521782111" visible="true" version="6" changeset="67493231" timestamp="2019-02-23T12:58:05Z" user="JSilvaBR" uid="9454292">
  <nd ref="5083517751"/>
  <nd ref="5083517750"/>
  <nd ref="5083517749"/>
  <nd ref="5083517748"/>
  <nd ref="5083517747"/>
  <nd ref="6297414852"/>
  <nd ref="5083517746"/>
  <nd ref="5083517745"/>
  <nd ref="5083517744"/>
  <nd ref="5083517743"/>
  <nd ref="5083517742"/>
  <nd ref="5083517741"/>
  <nd ref="6296190473"/>
  <nd ref="5083543837"/>
  <nd ref="5083517740"/>
  <nd ref="5083517739"/>
  <nd ref="5083517751"/>
  <tag k="building" v="yes"/>
  <tag k="name" v="Bloco CN (UFCG)"/>
 </way>
 <way id="521787939" visible="true" version="8" changeset="163451018" timestamp="2025-03-10T16:45:31Z" user="Rodrigson" uid="22612012">
  <nd ref="5083560637"/>
  <nd ref="6465460011"/>
  <nd ref="5264927447"/>
  <nd ref="5083560640"/>
  <nd ref="5579445530"/>
  <nd ref="2447160363"/>
  <nd ref="2447160371"/>
  <nd ref="2447160368"/>
  <nd ref="5083560641"/>
  <nd ref="5083560642"/>
  <nd ref="5083560643"/>
  <nd ref="2447160365"/>
  <nd ref="5083560644"/>
  <nd ref="5083560637"/>
  <tag k="amenity" v="parking"/>
  <tag k="operator" v="UFCG"/>
  <tag k="parking" v="surface"/>
 </way>
 <way id="521791199" visible="true" version="4" changeset="163460079" timestamp="2025-03-10T21:08:49Z" user="Rodrigson" uid="22612012">
  <nd ref="5083589725"/>
  <nd ref="5083589726"/>
  <nd ref="5083589727"/>
  <nd ref="5083589728"/>
  <nd ref="5083589725"/>
  <tag k="access" v="yes"/>
  <tag k="amenity" v="parking"/>
  <tag k="fee" v="no"/>
  <tag k="name" v="Estacionamento CCT / CTRN"/>
  <tag k="parking" v="surface"/>
 </way>
 <way id="522454211" visible="true" version="4" changeset="57803643" timestamp="2018-04-04T13:25:05Z" user="viniciusxda" uid="8063978">
  <nd ref="5088489327"/>
  <nd ref="5088489328"/>
  <nd ref="5088489329"/>
  <nd ref="5088489330"/>
  <nd ref="5088489331"/>
  <nd ref="5088489332"/>
  <nd ref="5088489333"/>
  <nd ref="5088489334"/>
  <nd ref="5088489335"/>
  <nd ref="5088489336"/>
  <nd ref="5088489337"/>
  <nd ref="5088489338"/>
  <nd ref="5088489339"/>
  <nd ref="5088489340"/>
  <nd ref="5088489341"/>
  <nd ref="5088489342"/>
  <nd ref="5088489343"/>
  <nd ref="5088489344"/>
  <nd ref="5088489345"/>
  <nd ref="5088489346"/>
  <nd ref="5088489347"/>
  <nd ref="5088489348"/>
  <nd ref="5088489349"/>
  <nd ref="5088489350"/>
  <nd ref="5088489351"/>
  <nd ref="5088489352"/>
  <nd ref="5088489353"/>
  <nd ref="5088489354"/>
  <nd ref="5088489355"/>
  <nd ref="5088489356"/>
  <nd ref="5088489357"/>
  <nd ref="5088489358"/>
  <nd ref="5088489359"/>
  <nd ref="5088489360"/>
  <nd ref="5088489361"/>
  <nd ref="5088489362"/>
  <nd ref="5088489363"/>
  <nd ref="5088489364"/>
  <nd ref="5088489365"/>
  <nd ref="5088489366"/>
  <nd ref="5088489327"/>
  <tag k="building" v="yes"/>
  <tag k="name" v="Bloco CAA (UFCG)"/>
 </way>
 <way id="522455039" visible="true" version="2" changeset="52037341" timestamp="2017-09-14T13:20:24Z" user="DEbi_CAS" uid="6608697">
  <nd ref="5088501323"/>
  <nd ref="5088501324"/>
  <nd ref="5088501325"/>
  <nd ref="5088501326"/>
  <nd ref="5088501323"/>
  <tag k="building" v="yes"/>
  <tag k="name" v="Bloco CD1 (UFCG)"/>
 </way>
 <way id="522457334" visible="true" version="3" changeset="89571200" timestamp="2020-08-18T11:18:41Z" user="DnieperBasin" uid="10652829">
  <nd ref="5088519820"/>
  <nd ref="5088520021"/>
  <nd ref="7822887941"/>
  <nd ref="5088520022"/>
  <nd ref="5088520023"/>
  <nd ref="5088520024"/>
  <nd ref="5088520025"/>
  <nd ref="5088520026"/>
  <nd ref="5088520027"/>
  <nd ref="7822887942"/>
  <nd ref="5088520028"/>
  <nd ref="5088520029"/>
  <nd ref="5088520030"/>
  <nd ref="5088520031"/>
  <nd ref="5088519820"/>
  <tag k="building" v="yes"/>
  <tag k="name" v="Bloco CD (UFCG)"/>
 </way>
 <way id="522458887" visible="true" version="4" changeset="67475137" timestamp="2019-02-22T18:02:45Z" user="JSilvaBR" uid="9454292">
  <nd ref="5088533846"/>
  <nd ref="5088533847"/>
  <nd ref="5088533848"/>
  <nd ref="5088533849"/>
  <nd ref="5088533850"/>
  <nd ref="5088533851"/>
  <nd ref="5088533852"/>
  <nd ref="5088533853"/>
  <nd ref="5344042446"/>
  <nd ref="5088533854"/>
  <nd ref="5088533855"/>
  <nd ref="5088533856"/>
  <nd ref="5088533857"/>
  <nd ref="5088533858"/>
  <nd ref="5088533859"/>
  <nd ref="5088533846"/>
  <tag k="building" v="yes"/>
  <tag k="name" v="Bloco CA (UFCG)"/>
 </way>
 <way id="522460857" visible="true" version="2" changeset="52037341" timestamp="2017-09-14T13:20:23Z" user="DEbi_CAS" uid="6608697">
  <nd ref="5088546189"/>
  <nd ref="5088546190"/>
  <nd ref="5088546191"/>
  <nd ref="5088546192"/>
  <nd ref="5088546193"/>
  <nd ref="5088546194"/>
  <nd ref="5088546189"/>
  <tag k="building" v="yes"/>
  <tag k="name" v="Bloco CE (UFCG)"/>
 </way>
 <way id="522461272" visible="true" version="4" changeset="67493231" timestamp="2019-02-23T12:58:05Z" user="JSilvaBR" uid="9454292">
  <nd ref="5088550926"/>
  <nd ref="5088550927"/>
  <nd ref="5344042447"/>
  <nd ref="5088550928"/>
  <nd ref="5088550929"/>
  <nd ref="5088550930"/>
  <nd ref="5088550931"/>
  <nd ref="5088550932"/>
  <nd ref="5088550933"/>
  <nd ref="5088550934"/>
  <nd ref="5088550935"/>
  <nd ref="5088550936"/>
  <nd ref="5088550937"/>
  <nd ref="5088550938"/>
  <nd ref="5088550939"/>
  <nd ref="5088550926"/>
  <tag k="building" v="yes"/>
  <tag k="name" v="Bloco CB - REENGE (UFCG)"/>
 </way>
 <way id="522461742" visible="true" version="4" changeset="119489113" timestamp="2022-04-09T01:01:57Z" user="Apois diga que valeu" uid="13338999">
  <nd ref="5088559199"/>
  <nd ref="5088559200"/>
  <nd ref="5088559201"/>
  <nd ref="5088559202"/>
  <nd ref="5088559199"/>
  <tag k="building" v="yes"/>
  <tag k="name" v="Bloco CH (UFCG)"/>
  <tag k="office" v="educational_institution"/>
 </way>
 <way id="522461879" visible="true" version="2" changeset="52037341" timestamp="2017-09-14T13:20:26Z" user="DEbi_CAS" uid="6608697">
  <nd ref="5088562224"/>
  <nd ref="5088562225"/>
  <nd ref="5088562226"/>
  <nd ref="5088562227"/>
  <nd ref="5088562224"/>
  <tag k="building" v="yes"/>
  <tag k="name" v="Bloco CI (UFCG)"/>
 </way>
 <way id="522462705" visible="true" version="2" changeset="52037341" timestamp="2017-09-14T13:20:26Z" user="DEbi_CAS" uid="6608697">
  <nd ref="5088566925"/>
  <nd ref="5088566926"/>
  <nd ref="5088566927"/>
  <nd ref="5088566928"/>
  <nd ref="5088566925"/>
  <tag k="building" v="yes"/>
  <tag k="name" v="Bloco CH1 (UFCG)"/>
 </way>
 <way id="522463710" visible="true" version="3" changeset="67474697" timestamp="2019-02-22T17:47:52Z" user="JSilvaBR" uid="9454292">
  <nd ref="5088570201"/>
  <nd ref="5088570202"/>
  <nd ref="5088570203"/>
  <nd ref="5088570204"/>
  <nd ref="5088570201"/>
  <tag k="building" v="yes"/>
  <tag k="name" v="Embedded-LIEC (UFCG)"/>
 </way>
 <way id="522464919" visible="true" version="6" changeset="67750496" timestamp="2019-03-04T00:32:35Z" user="b-jazz-bot" uid="9451067">
  <nd ref="5088576171"/>
  <nd ref="5088576172"/>
  <nd ref="5088576173"/>
  <nd ref="5088576174"/>
  <nd ref="5088576175"/>
  <nd ref="5088576176"/>
  <nd ref="5088576180"/>
  <nd ref="5088576171"/>
  <tag k="building" v="yes"/>
  <tag k="name" v="SPLAB (UFCG)"/>
  <tag k="website" v="https://splab.computacao.ufcg.edu.br/"/>
 </way>
 <way id="522465718" visible="true" version="3" changeset="67474697" timestamp="2019-02-22T17:47:51Z" user="JSilvaBR" uid="9454292">
  <nd ref="5088581304"/>
  <nd ref="5088581310"/>
  <nd ref="6296169409"/>
  <nd ref="5088581311"/>
  <nd ref="5088581312"/>
  <nd ref="5088581313"/>
  <nd ref="5088581314"/>
  <nd ref="5088581315"/>
  <nd ref="5088581304"/>
  <tag k="building" v="yes"/>
  <tag k="name" v="Laboratório de Ciências e Tecnologias Agroambientais - LICTA (UFCG)"/>
  <tag k="website" v="www.deag.ufcg.edu.br"/>
 </way>
 <way id="522466753" visible="true" version="3" changeset="67474697" timestamp="2019-02-22T17:47:51Z" user="JSilvaBR" uid="9454292">
  <nd ref="5088590550"/>
  <nd ref="5088590551"/>
  <nd ref="5088590552"/>
  <nd ref="5088590553"/>
  <nd ref="5088590554"/>
  <nd ref="5088590555"/>
  <nd ref="5088590556"/>
  <nd ref="5088590557"/>
  <nd ref="5088590558"/>
  <nd ref="5088590559"/>
  <nd ref="5088590550"/>
  <tag k="building" v="yes"/>
  <tag k="name" v="CertBio (UFCG)"/>
 </way>
 <way id="522467752" visible="true" version="3" changeset="52037341" timestamp="2017-09-14T13:20:26Z" user="DEbi_CAS" uid="6608697">
  <nd ref="5088587288"/>
  <nd ref="5088587289"/>
  <nd ref="5088587290"/>
  <nd ref="5088587291"/>
  <nd ref="5088587292"/>
  <nd ref="5088587293"/>
  <nd ref="5088587294"/>
  <nd ref="5088587295"/>
  <nd ref="5088587288"/>
  <tag k="building" v="yes"/>
  <tag k="name" v="Agro Industrial (UFCG)"/>
 </way>
 <way id="522471054" visible="true" version="3" changeset="52037341" timestamp="2017-09-14T13:20:26Z" user="DEbi_CAS" uid="6608697">
  <nd ref="5088610755"/>
  <nd ref="5088610756"/>
  <nd ref="5088610757"/>
  <nd ref="5088610758"/>
  <nd ref="5088610755"/>
  <tag k="building" v="yes"/>
  <tag k="name" v="Bloco CG (UFCG)"/>
 </way>
 <way id="522472117" visible="true" version="2" changeset="52037341" timestamp="2017-09-14T13:20:26Z" user="DEbi_CAS" uid="6608697">
  <nd ref="5088616408"/>
  <nd ref="5088616409"/>
  <nd ref="5088616410"/>
  <nd ref="5088616411"/>
  <nd ref="5088616412"/>
  <nd ref="5088616413"/>
  <nd ref="5088616414"/>
  <nd ref="5088616415"/>
  <nd ref="5088616408"/>
  <tag k="building" v="yes"/>
  <tag k="name" v="Fontes Renovaveis"/>
 </way>
 <way id="522472763" visible="true" version="1" changeset="51843989" timestamp="2017-09-08T12:42:35Z" user="DEbi_CAS" uid="6608697">
  <nd ref="5088624387"/>
  <nd ref="5088624388"/>
  <nd ref="5088624389"/>
  <nd ref="5088624390"/>
  <nd ref="5088624387"/>
  <tag k="building" v="yes"/>
 </way>
 <way id="522474936" visible="true" version="2" changeset="52037341" timestamp="2017-09-14T13:20:26Z" user="DEbi_CAS" uid="6608697">
  <nd ref="5088641627"/>
  <nd ref="5088641628"/>
  <nd ref="5088641629"/>
  <nd ref="5088641630"/>
  <nd ref="5088641631"/>
  <nd ref="5088641632"/>
  <nd ref="5088641633"/>
  <nd ref="5088641634"/>
  <nd ref="5088641635"/>
  <nd ref="5088641636"/>
  <nd ref="5088641637"/>
  <nd ref="5088641638"/>
  <nd ref="5088641639"/>
  <nd ref="5088641640"/>
  <nd ref="5088641627"/>
  <tag k="building" v="yes"/>
  <tag k="name" v="IECOM (UFCG)"/>
 </way>
 <way id="522476389" visible="true" version="2" changeset="52037341" timestamp="2017-09-14T13:20:27Z" user="DEbi_CAS" uid="6608697">
  <nd ref="5088655247"/>
  <nd ref="5088655248"/>
  <nd ref="5088655249"/>
  <nd ref="5088655250"/>
  <nd ref="5088655251"/>
  <nd ref="5088655252"/>
  <nd ref="5088655253"/>
  <nd ref="5088655254"/>
  <nd ref="5088655255"/>
  <nd ref="5088655256"/>
  <nd ref="5088655257"/>
  <nd ref="5088655258"/>
  <nd ref="5088655247"/>
  <tag k="building" v="yes"/>
  <tag k="name" v="Bloco CJ / CJ1 (UFCG)"/>
 </way>
 <way id="522477208" visible="true" version="3" changeset="141794259" timestamp="2023-09-26T22:48:24Z" user="BravoBraz" uid="2351371">
  <nd ref="5088633008"/>
  <nd ref="5088633009"/>
  <nd ref="5088633010"/>
  <nd ref="5088633011"/>
  <nd ref="5088633012"/>
  <nd ref="5088633013"/>
  <nd ref="5088633014"/>
  <nd ref="5088633015"/>
  <nd ref="5088633016"/>
  <nd ref="5088633017"/>
  <nd ref="5088633008"/>
  <tag k="building" v="yes"/>
  <tag k="name" v="LabMet Metrologia (UFCG)"/>
 </way>
 <way id="522477681" visible="true" version="3" changeset="52037341" timestamp="2017-09-14T13:20:24Z" user="DEbi_CAS" uid="6608697">
  <nd ref="5088666871"/>
  <nd ref="5088666872"/>
  <nd ref="5088666873"/>
  <nd ref="5088666874"/>
  <nd ref="5088666871"/>
  <tag k="building" v="yes"/>
  <tag k="name" v="Bloco CS (UFCG)"/>
 </way>
 <way id="522477858" visible="true" version="4" changeset="52037341" timestamp="2017-09-14T13:20:24Z" user="DEbi_CAS" uid="6608697">
  <nd ref="5088669248"/>
  <nd ref="5088669249"/>
  <nd ref="5088669250"/>
  <nd ref="5088669251"/>
  <nd ref="5088669252"/>
  <nd ref="5088669253"/>
  <nd ref="5088669254"/>
  <nd ref="5088669255"/>
  <nd ref="5088669248"/>
  <tag k="building" v="yes"/>
  <tag k="name" v="LABDES (UFCG)"/>
 </way>
 <way id="522478801" visible="true" version="4" changeset="52037341" timestamp="2017-09-14T13:20:25Z" user="DEbi_CAS" uid="6608697">
  <nd ref="5088678600"/>
  <nd ref="5088678601"/>
  <nd ref="5088678602"/>
  <nd ref="5088678603"/>
  <nd ref="5088678600"/>
  <tag k="building" v="yes"/>
  <tag k="name" v="Bloco CT (UFCG)"/>
 </way>
 <way id="522479148" visible="true" version="3" changeset="52037341" timestamp="2017-09-14T13:20:25Z" user="DEbi_CAS" uid="6608697">
  <nd ref="5088680777"/>
  <nd ref="5088680778"/>
  <nd ref="5088680779"/>
  <nd ref="5088680780"/>
  <nd ref="5088680781"/>
  <nd ref="5088680782"/>
  <nd ref="5088680777"/>
  <tag k="building" v="yes"/>
  <tag k="name" v="Bloco CW (UFCG)"/>
 </way>
 <way id="522483007" visible="true" version="3" changeset="52037341" timestamp="2017-09-14T13:20:25Z" user="DEbi_CAS" uid="6608697">
  <nd ref="5088708074"/>
  <nd ref="5088708075"/>
  <nd ref="5088708076"/>
  <nd ref="5088708077"/>
  <nd ref="5088708074"/>
  <tag k="building" v="yes"/>
  <tag k="name" v="Bloco CV (UFCG)"/>
 </way>
 <way id="522483190" visible="true" version="4" changeset="52037341" timestamp="2017-09-14T13:20:25Z" user="DEbi_CAS" uid="6608697">
  <nd ref="5088706879"/>
  <nd ref="5088706880"/>
  <nd ref="5088706881"/>
  <nd ref="5088706882"/>
  <nd ref="5088706879"/>
  <tag k="building" v="yes"/>
  <tag k="name" v="Bloco CV1 (UFCG)"/>
  <tag k="website" v="www.uaema.ufcg.edu.br"/>
 </way>
 <way id="522483331" visible="true" version="3" changeset="52037341" timestamp="2017-09-14T13:20:25Z" user="DEbi_CAS" uid="6608697">
  <nd ref="5088706880"/>
  <nd ref="5088710082"/>
  <nd ref="5088710083"/>
  <nd ref="5088706881"/>
  <nd ref="5088706880"/>
  <tag k="building" v="yes"/>
  <tag k="name" v="Bloco CV2 (UFCG)"/>
 </way>
 <way id="522483718" visible="true" version="2" changeset="52037341" timestamp="2017-09-14T13:20:25Z" user="DEbi_CAS" uid="6608697">
  <nd ref="5088712189"/>
  <nd ref="5088712190"/>
  <nd ref="5088712191"/>
  <nd ref="5088712192"/>
  <nd ref="5088712193"/>
  <nd ref="5088712194"/>
  <nd ref="5088712195"/>
  <nd ref="5088712196"/>
  <nd ref="5088712197"/>
  <nd ref="5088712198"/>
  <nd ref="5088712199"/>
  <nd ref="5088712200"/>
  <nd ref="5088712201"/>
  <nd ref="5088712202"/>
  <nd ref="5088712203"/>
  <nd ref="5088712204"/>
  <nd ref="5088712189"/>
  <tag k="building" v="yes"/>
  <tag k="name" v="Bloco CX / CX1 (UFCG)"/>
 </way>
 <way id="522484295" visible="true" version="3" changeset="52037341" timestamp="2017-09-14T13:20:25Z" user="DEbi_CAS" uid="6608697">
  <nd ref="5088717467"/>
  <nd ref="5088719013"/>
  <nd ref="5088717468"/>
  <nd ref="5088717469"/>
  <nd ref="5088717470"/>
  <nd ref="5088717467"/>
  <tag k="building" v="yes"/>
  <tag k="name" v="Bloco CY1 (UFCG)"/>
 </way>
 <way id="522484455" visible="true" version="2" changeset="52037341" timestamp="2017-09-14T13:20:25Z" user="DEbi_CAS" uid="6608697">
  <nd ref="5088719011"/>
  <nd ref="5088719012"/>
  <nd ref="5088717467"/>
  <nd ref="5088719013"/>
  <nd ref="5088719014"/>
  <nd ref="5088719011"/>
  <tag k="building" v="yes"/>
  <tag k="name" v="Bloco CY (UFCG)"/>
 </way>
 <way id="522485894" visible="true" version="3" changeset="52037341" timestamp="2017-09-14T13:20:25Z" user="DEbi_CAS" uid="6608697">
  <nd ref="5088729853"/>
  <nd ref="5088729854"/>
  <nd ref="5088729855"/>
  <nd ref="5088729856"/>
  <nd ref="5088729859"/>
  <nd ref="5088729860"/>
  <nd ref="5088729853"/>
  <tag k="building" v="yes"/>
  <tag k="name" v="Bloco CZ (UFCG)"/>
 </way>
 <way id="522486631" visible="true" version="3" changeset="52037341" timestamp="2017-09-14T13:20:25Z" user="DEbi_CAS" uid="6608697">
  <nd ref="5088736929"/>
  <nd ref="5088736930"/>
  <nd ref="5088736931"/>
  <nd ref="5088736932"/>
  <nd ref="5088736929"/>
  <tag k="building" v="yes"/>
  <tag k="name" v="Eng. de Alimentos (UFCG)"/>
  <tag k="name:en" v="Food Engineering Laboratory - UFCG"/>
 </way>
 <way id="522486833" visible="true" version="2" changeset="52037341" timestamp="2017-09-14T13:20:26Z" user="DEbi_CAS" uid="6608697">
  <nd ref="5088738198"/>
  <nd ref="5088738199"/>
  <nd ref="5088738200"/>
  <nd ref="5088738201"/>
  <nd ref="5088738198"/>
  <tag k="building" v="yes"/>
  <tag k="name" v="Bloco CZ1 (UFCG)"/>
 </way>
 <way id="522488777" visible="true" version="5" changeset="121322100" timestamp="2022-05-22T14:52:14Z" user="b-jazz-bot" uid="9451067">
  <nd ref="5088755730"/>
  <nd ref="5088755731"/>
  <nd ref="5088756467"/>
  <nd ref="5088755732"/>
  <nd ref="5088755733"/>
  <nd ref="5088755730"/>
  <tag k="building" v="yes"/>
  <tag k="name" v="Laboratório de Alta Tensão (UFCG)"/>
  <tag k="short_name" v="LAT"/>
  <tag k="website" v="https://www.lat.dee.ufcg.edu.br/"/>
 </way>
 <way id="522488856" visible="true" version="1" changeset="51845967" timestamp="2017-09-08T13:42:54Z" user="DEbi_CAS" uid="6608697">
  <nd ref="5088755732"/>
  <nd ref="5088756463"/>
  <nd ref="5088756464"/>
  <nd ref="5088756465"/>
  <nd ref="5088756466"/>
  <nd ref="5088756467"/>
  <nd ref="5088755732"/>
  <tag k="building" v="yes"/>
 </way>
 <way id="522489538" visible="true" version="3" changeset="155156666" timestamp="2024-08-12T16:01:46Z" user="Karoline Souto" uid="21842478">
  <nd ref="5088762995"/>
  <nd ref="5088762996"/>
  <nd ref="5088762997"/>
  <nd ref="5088763002"/>
  <nd ref="5088762995"/>
  <tag k="building" v="yes"/>
  <tag k="name" v="Bloco CR (UFCG)"/>
 </way>
 <way id="522489713" visible="true" version="1" changeset="51846110" timestamp="2017-09-08T13:47:37Z" user="DEbi_CAS" uid="6608697">
  <nd ref="5088763007"/>
  <nd ref="5088763008"/>
  <nd ref="5088763009"/>
  <nd ref="5088763010"/>
  <nd ref="5088763011"/>
  <nd ref="5088763012"/>
  <nd ref="5088763007"/>
  <tag k="building" v="yes"/>
 </way>
 <way id="522491005" visible="true" version="2" changeset="52037341" timestamp="2017-09-14T13:20:24Z" user="DEbi_CAS" uid="6608697">
  <nd ref="5088772680"/>
  <nd ref="5088772681"/>
  <nd ref="5088772682"/>
  <nd ref="5088772683"/>
  <nd ref="5088772684"/>
  <nd ref="5088772685"/>
  <nd ref="5088772686"/>
  <nd ref="5088772687"/>
  <nd ref="5088772688"/>
  <nd ref="5088772689"/>
  <nd ref="5088772690"/>
  <nd ref="5088772691"/>
  <nd ref="5088772692"/>
  <nd ref="5088772693"/>
  <nd ref="5088772694"/>
  <nd ref="5088772695"/>
  <nd ref="5088772680"/>
  <tag k="building" v="yes"/>
  <tag k="name" v="Bloco CQ (UFCG)"/>
  <tag k="office" v="government"/>
 </way>
 <way id="522491319" visible="true" version="4" changeset="52037341" timestamp="2017-09-14T13:20:24Z" user="DEbi_CAS" uid="6608697">
  <nd ref="5088774353"/>
  <nd ref="5088774354"/>
  <nd ref="5088774355"/>
  <nd ref="5088774356"/>
  <nd ref="5088774353"/>
  <tag k="building" v="yes"/>
  <tag k="name" v="ESTUFA (UFCG)"/>
 </way>
 <way id="522491712" visible="true" version="2" changeset="52037341" timestamp="2017-09-14T13:20:24Z" user="DEbi_CAS" uid="6608697">
  <nd ref="5088774400"/>
  <nd ref="5088774401"/>
  <nd ref="5088774402"/>
  <nd ref="5088774403"/>
  <nd ref="5088774400"/>
  <tag k="building" v="yes"/>
  <tag k="name" v="ESTUFA (UFCG)"/>
 </way>
 <way id="522491933" visible="true" version="3" changeset="52037341" timestamp="2017-09-14T13:20:24Z" user="DEbi_CAS" uid="6608697">
  <nd ref="5088779663"/>
  <nd ref="5088779664"/>
  <nd ref="5088779665"/>
  <nd ref="5088779666"/>
  <nd ref="5088779663"/>
  <tag k="building" v="yes"/>
 </way>
 <way id="522492468" visible="true" version="3" changeset="52037341" timestamp="2017-09-14T13:20:24Z" user="DEbi_CAS" uid="6608697">
  <nd ref="5088784765"/>
  <nd ref="5088784766"/>
  <nd ref="5088784767"/>
  <nd ref="5088784768"/>
  <nd ref="5088784769"/>
  <nd ref="5088784770"/>
  <nd ref="5088784771"/>
  <nd ref="5088784772"/>
  <nd ref="5088784765"/>
  <tag k="building" v="yes"/>
  <tag k="name" v="Bloco CK (UFCG)"/>
 </way>
 <way id="522494214" visible="true" version="3" changeset="52037341" timestamp="2017-09-14T13:20:23Z" user="DEbi_CAS" uid="6608697">
  <nd ref="5088800400"/>
  <nd ref="5088800401"/>
  <nd ref="5088800402"/>
  <nd ref="5088800403"/>
  <nd ref="5088800404"/>
  <nd ref="5088800405"/>
  <nd ref="5088800406"/>
  <nd ref="5088800407"/>
  <nd ref="5088800408"/>
  <nd ref="5088800409"/>
  <nd ref="5088800410"/>
  <nd ref="5088800411"/>
  <nd ref="5088800412"/>
  <nd ref="5088800400"/>
  <tag k="building" v="yes"/>
  <tag k="name" v="SIASS (UFCG)"/>
 </way>
 <way id="522497090" visible="true" version="2" changeset="52037341" timestamp="2017-09-14T13:20:23Z" user="DEbi_CAS" uid="6608697">
  <nd ref="5088830756"/>
  <nd ref="5088830757"/>
  <nd ref="5088830758"/>
  <nd ref="5088830759"/>
  <nd ref="5088830756"/>
  <tag k="building" v="yes"/>
  <tag k="name" v="Arquivo Setorial (UFCG)"/>
 </way>
 <way id="522497375" visible="true" version="2" changeset="52037341" timestamp="2017-09-14T13:20:23Z" user="DEbi_CAS" uid="6608697">
  <nd ref="5088831850"/>
  <nd ref="5088831851"/>
  <nd ref="5088831852"/>
  <nd ref="5088831853"/>
  <nd ref="5088831850"/>
  <tag k="building" v="yes"/>
  <tag k="name" v="Bloco AJ1 (UFCG)"/>
 </way>
 <way id="522497983" visible="true" version="3" changeset="139498388" timestamp="2023-08-05T23:16:46Z" user="AjBelnuovo" uid="1799626">
  <nd ref="5088797482"/>
  <nd ref="5088797483"/>
  <nd ref="5088797484"/>
  <nd ref="5088797487"/>
  <nd ref="5088797482"/>
  <tag k="building" v="yes"/>
  <tag k="name" v="Bloco AL1 (Centro de Extensão - UFCG)"/>
 </way>
 <way id="522499319" visible="true" version="2" changeset="52037341" timestamp="2017-09-14T13:20:22Z" user="DEbi_CAS" uid="6608697">
  <nd ref="5088836070"/>
  <nd ref="5088836071"/>
  <nd ref="5088836072"/>
  <nd ref="5088836073"/>
  <nd ref="5088836070"/>
  <tag k="building" v="yes"/>
  <tag k="name" v="Bloco AG (UFCG)"/>
 </way>
 <way id="523603115" visible="true" version="5" changeset="89569671" timestamp="2020-08-18T10:52:33Z" user="DnieperBasin" uid="10652829">
  <nd ref="5097091464"/>
  <nd ref="7192512312"/>
  <nd ref="7192512311"/>
  <nd ref="5097091465"/>
  <nd ref="7192512310"/>
  <nd ref="5097091466"/>
  <nd ref="5097091468"/>
  <nd ref="5097091467"/>
  <nd ref="5097178778"/>
  <tag k="highway" v="service"/>
  <tag k="service" v="parking_aisle"/>
 </way>
 <way id="523604263" visible="true" version="8" changeset="88726579" timestamp="2020-07-30T10:25:56Z" user="DnieperBasin" uid="10652829">
  <nd ref="2447156224"/>
  <nd ref="7192210677"/>
  <nd ref="5097140883"/>
  <nd ref="5097140853"/>
  <nd ref="7769609775"/>
  <nd ref="5097140855"/>
  <nd ref="5417477372"/>
  <nd ref="6465460021"/>
  <tag k="highway" v="service"/>
 </way>
 <way id="523610682" visible="true" version="5" changeset="163460051" timestamp="2025-03-10T21:09:08Z" user="Rodrigson" uid="22612012">
  <nd ref="5097140853"/>
  <nd ref="7192210675"/>
  <nd ref="7192210674"/>
  <nd ref="7192210673"/>
  <nd ref="7192210672"/>
  <nd ref="7192210671"/>
  <nd ref="7192210670"/>
  <nd ref="7192210669"/>
  <nd ref="5097140854"/>
  <tag k="highway" v="service"/>
  <tag k="oneway" v="yes"/>
  <tag k="service" v="parking_aisle"/>
  <tag k="surface" v="sett"/>
 </way>
 <way id="523610683" visible="true" version="5" changeset="163460051" timestamp="2025-03-10T21:09:04Z" user="Rodrigson" uid="22612012">
  <nd ref="5097140856"/>
  <nd ref="7192210676"/>
  <nd ref="5097140855"/>
  <tag k="highway" v="service"/>
  <tag k="oneway" v="yes"/>
  <tag k="service" v="parking_aisle"/>
  <tag k="surface" v="sett"/>
 </way>
 <way id="523610684" visible="true" version="3" changeset="88726579" timestamp="2020-07-30T10:25:56Z" user="DnieperBasin" uid="10652829">
  <nd ref="5097140854"/>
  <nd ref="5097140895"/>
  <nd ref="7769609774"/>
  <nd ref="5097140893"/>
  <nd ref="5097140856"/>
  <nd ref="5097140882"/>
  <nd ref="5097140876"/>
  <nd ref="5097140857"/>
  <tag k="highway" v="service"/>
 </way>
 <way id="523610685" visible="true" version="4" changeset="80574648" timestamp="2020-02-05T08:10:29Z" user="PlazaBaquedano" uid="9225258">
  <nd ref="5097140857"/>
  <nd ref="5097140858"/>
  <nd ref="5097140859"/>
  <nd ref="5097140860"/>
  <nd ref="7187135710"/>
  <nd ref="5097140861"/>
  <nd ref="7187135711"/>
  <nd ref="5097140862"/>
  <nd ref="5097140863"/>
  <nd ref="7187135712"/>
  <nd ref="5097140864"/>
  <tag k="highway" v="service"/>
 </way>
 <way id="523610686" visible="true" version="4" changeset="80574648" timestamp="2020-02-05T08:10:29Z" user="PlazaBaquedano" uid="9225258">
  <nd ref="5097140861"/>
  <nd ref="5097140866"/>
  <nd ref="5097140867"/>
  <nd ref="7187135709"/>
  <nd ref="5097140868"/>
  <tag k="highway" v="service"/>
 </way>
 <way id="523610687" visible="true" version="4" changeset="80574648" timestamp="2020-02-05T08:10:29Z" user="PlazaBaquedano" uid="9225258">
  <nd ref="5097140864"/>
  <nd ref="5097140869"/>
  <nd ref="7187135720"/>
  <nd ref="5097140870"/>
  <nd ref="5097140871"/>
  <nd ref="7187135721"/>
  <nd ref="7187135722"/>
  <nd ref="6465460020"/>
  <nd ref="7187135723"/>
  <nd ref="6465460022"/>
  <nd ref="5097098294"/>
  <tag k="highway" v="service"/>
  <tag k="oneway" v="no"/>
 </way>
 <way id="523610688" visible="true" version="5" changeset="80574648" timestamp="2020-02-05T08:10:29Z" user="PlazaBaquedano" uid="9225258">
  <nd ref="5097140864"/>
  <nd ref="7187135713"/>
  <nd ref="5097140873"/>
  <nd ref="7187135714"/>
  <nd ref="7187135715"/>
  <nd ref="7187135716"/>
  <nd ref="7187135717"/>
  <nd ref="7187135718"/>
  <nd ref="5097140874"/>
  <nd ref="7187135719"/>
  <nd ref="5097140875"/>
  <nd ref="5097098294"/>
  <tag k="highway" v="service"/>
 </way>
 <way id="523610689" visible="true" version="3" changeset="89569671" timestamp="2020-08-18T10:52:33Z" user="DnieperBasin" uid="10652829">
  <nd ref="5097140876"/>
  <nd ref="5097140877"/>
  <nd ref="5097140881"/>
  <nd ref="5097140878"/>
  <nd ref="5097140879"/>
  <nd ref="5097140880"/>
  <tag k="highway" v="service"/>
  <tag k="service" v="parking_aisle"/>
 </way>
 <way id="523610691" visible="true" version="2" changeset="67475137" timestamp="2019-02-22T18:02:45Z" user="JSilvaBR" uid="9454292">
  <nd ref="2447213592"/>
  <nd ref="5097140887"/>
  <nd ref="6296190484"/>
  <nd ref="5097140885"/>
  <tag k="highway" v="footway"/>
 </way>
 <way id="523610692" visible="true" version="3" changeset="55773353" timestamp="2018-01-26T14:17:54Z" user="Matias_Daniel" uid="7142955">
  <nd ref="5097140886"/>
  <nd ref="5097140887"/>
  <nd ref="5264927444"/>
  <nd ref="5097140888"/>
  <nd ref="5097140890"/>
  <tag k="highway" v="footway"/>
 </way>
 <way id="523610693" visible="true" version="3" changeset="87001003" timestamp="2020-06-22T22:37:41Z" user="Pedro Serey" uid="11372350">
  <nd ref="5097140890"/>
  <nd ref="7644626100"/>
  <nd ref="5097140891"/>
  <tag k="highway" v="footway"/>
 </way>
 <way id="523610694" visible="true" version="2" changeset="54418304" timestamp="2017-12-07T01:05:31Z" user="Matias_Daniel" uid="7142955">
  <nd ref="5097140894"/>
  <nd ref="5097140893"/>
  <tag k="highway" v="service"/>
  <tag k="oneway" v="yes"/>
 </way>
 <way id="523610695" visible="true" version="2" changeset="54418304" timestamp="2017-12-07T01:05:31Z" user="Matias_Daniel" uid="7142955">
  <nd ref="5097140895"/>
  <nd ref="5097140896"/>
  <tag k="highway" v="service"/>
  <tag k="oneway" v="yes"/>
 </way>
 <way id="523610696" visible="true" version="1" changeset="51929447" timestamp="2017-09-11T07:11:46Z" user="DEbi_CAS" uid="6608697">
  <nd ref="5097140897"/>
  <nd ref="5097140898"/>
  <nd ref="5097140899"/>
  <nd ref="5097140900"/>
  <nd ref="5097140897"/>
  <tag k="building" v="yes"/>
 </way>
 <way id="523616047" visible="true" version="3" changeset="67475137" timestamp="2019-02-22T18:02:45Z" user="JSilvaBR" uid="9454292">
  <nd ref="5097140888"/>
  <nd ref="5097178771"/>
  <nd ref="5264927445"/>
  <nd ref="6296192685"/>
  <nd ref="5097140885"/>
  <tag k="highway" v="footway"/>
 </way>
 <way id="523616048" visible="true" version="5" changeset="89569671" timestamp="2020-08-18T10:52:33Z" user="DnieperBasin" uid="10652829">
  <nd ref="5097178773"/>
  <nd ref="5257731424"/>
  <nd ref="5257731426"/>
  <nd ref="5257731425"/>
  <nd ref="5097178775"/>
  <nd ref="5257731423"/>
  <nd ref="5257731422"/>
  <nd ref="5257731421"/>
  <nd ref="5097178776"/>
  <nd ref="5097178777"/>
  <nd ref="7822838330"/>
  <nd ref="7822838336"/>
  <nd ref="5097194817"/>
  <tag k="highway" v="service"/>
  <tag k="oneway" v="no"/>
 </way>
 <way id="523616050" visible="true" version="4" changeset="89569671" timestamp="2020-08-18T10:52:33Z" user="DnieperBasin" uid="10652829">
  <nd ref="5097178778"/>
  <nd ref="5097178779"/>
  <nd ref="5097194813"/>
  <nd ref="5097178780"/>
  <tag k="highway" v="service"/>
  <tag k="service" v="parking_aisle"/>
 </way>
 <way id="523616052" visible="true" version="4" changeset="89569671" timestamp="2020-08-18T10:52:33Z" user="DnieperBasin" uid="10652829">
  <nd ref="5097178781"/>
  <nd ref="5097178782"/>
  <nd ref="5097178783"/>
  <nd ref="5363630700"/>
  <nd ref="5363630701"/>
  <nd ref="5363630697"/>
  <nd ref="5264860053"/>
  <nd ref="5097178784"/>
  <nd ref="5097178786"/>
  <nd ref="5097178787"/>
  <nd ref="7822838337"/>
  <nd ref="5097178781"/>
  <tag k="amenity" v="parking"/>
  <tag k="name" v="Estacionamento - Setor A"/>
 </way>
 <way id="523616056" visible="true" version="4" changeset="89569671" timestamp="2020-08-18T10:52:33Z" user="DnieperBasin" uid="10652829">
  <nd ref="5097178785"/>
  <nd ref="5382219799"/>
  <nd ref="5382219797"/>
  <nd ref="7192210668"/>
  <nd ref="7192210666"/>
  <nd ref="7192210667"/>
  <nd ref="5382219795"/>
  <nd ref="7192210665"/>
  <nd ref="5382219794"/>
  <nd ref="7192210663"/>
  <nd ref="7192210664"/>
  <nd ref="7192210662"/>
  <nd ref="5382219793"/>
  <nd ref="5382219798"/>
  <tag k="highway" v="service"/>
  <tag k="oneway" v="yes"/>
  <tag k="service" v="parking_aisle"/>
 </way>
 <way id="523616058" visible="true" version="5" changeset="89569671" timestamp="2020-08-18T10:52:33Z" user="DnieperBasin" uid="10652829">
  <nd ref="7769590119"/>
  <nd ref="5382219796"/>
  <tag k="highway" v="service"/>
  <tag k="oneway" v="yes"/>
  <tag k="service" v="parking_aisle"/>
 </way>
 <way id="523616060" visible="true" version="4" changeset="89569671" timestamp="2020-08-18T10:52:33Z" user="DnieperBasin" uid="10652829">
  <nd ref="5097091469"/>
  <nd ref="5097178789"/>
  <nd ref="5097178790"/>
  <nd ref="5371172124"/>
  <nd ref="6465460010"/>
  <nd ref="7822838329"/>
  <nd ref="5097091469"/>
  <tag k="amenity" v="parking"/>
  <tag k="name" v="Estacionamento - Setor C"/>
 </way>
 <way id="523616064" visible="true" version="3" changeset="87001003" timestamp="2020-06-22T22:37:41Z" user="Pedro Serey" uid="11372350">
  <nd ref="5097178792"/>
  <nd ref="5363630706"/>
  <nd ref="5097140891"/>
  <nd ref="5097178794"/>
  <nd ref="5097178793"/>
  <tag k="highway" v="footway"/>
 </way>
 <way id="523616065" visible="true" version="1" changeset="51929958" timestamp="2017-09-11T07:31:00Z" user="DEbi_CAS" uid="6608697">
  <nd ref="5097178794"/>
  <nd ref="5097178796"/>
  <nd ref="5097178795"/>
  <tag k="highway" v="footway"/>
 </way>
 <way id="523616067" visible="true" version="1" changeset="51929958" timestamp="2017-09-11T07:31:00Z" user="DEbi_CAS" uid="6608697">
  <nd ref="5097178796"/>
  <nd ref="5097178797"/>
  <nd ref="5097178798"/>
  <nd ref="5097178799"/>
  <nd ref="5097178800"/>
  <nd ref="5097178801"/>
  <tag k="highway" v="footway"/>
 </way>
 <way id="523616069" visible="true" version="6" changeset="170398331" timestamp="2025-08-13T16:22:30Z" user="Aralqum" uid="10935577">
  <nd ref="5097178778"/>
  <nd ref="13069358328"/>
  <nd ref="5264860050"/>
  <nd ref="2447213558"/>
  <nd ref="5264926690"/>
  <nd ref="5097194816"/>
  <nd ref="5371172123"/>
  <nd ref="5264927442"/>
  <nd ref="5097178802"/>
  <tag k="highway" v="footway"/>
  <tag k="lit" v="yes"/>
 </way>
 <way id="523616071" visible="true" version="7" changeset="163823857" timestamp="2025-03-19T16:16:05Z" user="Rodrigson" uid="22612012">
  <nd ref="2447160361"/>
  <nd ref="7822838345"/>
  <nd ref="7822838341"/>
  <nd ref="7822838338"/>
  <nd ref="5097178804"/>
  <nd ref="7192248690"/>
  <nd ref="7192248691"/>
  <nd ref="5097178805"/>
  <nd ref="5257730615"/>
  <nd ref="5257730616"/>
  <nd ref="5257730605"/>
  <nd ref="5257730606"/>
  <nd ref="5257730607"/>
  <nd ref="5257730614"/>
  <nd ref="5257730608"/>
  <nd ref="5257730613"/>
  <nd ref="5257730609"/>
  <nd ref="7192248692"/>
  <nd ref="5257730610"/>
  <nd ref="5257730612"/>
  <nd ref="5257730611"/>
  <nd ref="5097178773"/>
  <tag k="highway" v="service"/>
  <tag k="surface" v="sett"/>
 </way>
 <way id="523616073" visible="true" version="8" changeset="80665677" timestamp="2020-02-07T01:35:58Z" user="PlazaBaquedano" uid="9225258">
  <nd ref="5097178804"/>
  <nd ref="5579445529"/>
  <nd ref="7192248689"/>
  <nd ref="7187135743"/>
  <nd ref="7187135742"/>
  <nd ref="7187135741"/>
  <nd ref="5257730617"/>
  <tag k="highway" v="service"/>
 </way>
 <way id="523620012" visible="true" version="3" changeset="89569671" timestamp="2020-08-18T10:52:33Z" user="DnieperBasin" uid="10652829">
  <nd ref="5097091465"/>
  <nd ref="5097194814"/>
  <nd ref="5097194812"/>
  <nd ref="5097194815"/>
  <nd ref="5097194813"/>
  <tag k="highway" v="service"/>
  <tag k="service" v="parking_aisle"/>
 </way>
 <way id="523620013" visible="true" version="3" changeset="55873220" timestamp="2018-01-29T21:14:16Z" user="Matias_Daniel" uid="7142955">
  <nd ref="5097194816"/>
  <nd ref="5264926694"/>
  <nd ref="5264926692"/>
  <tag k="highway" v="footway"/>
  <tag k="lit" v="yes"/>
 </way>
 <way id="523620014" visible="true" version="3" changeset="80673983" timestamp="2020-02-07T06:05:09Z" user="PlazaBaquedano" uid="9225258">
  <nd ref="2317200582"/>
  <nd ref="7192513857"/>
  <nd ref="5097194818"/>
  <nd ref="5097194819"/>
  <nd ref="5097194820"/>
  <nd ref="7192513858"/>
  <nd ref="5097195121"/>
  <nd ref="5097195122"/>
  <nd ref="5097195123"/>
  <tag k="highway" v="living_street"/>
 </way>
 <way id="523629144" visible="true" version="3" changeset="55757821" timestamp="2018-01-26T00:53:28Z" user="Jaum Neto" uid="7285669">
  <nd ref="5097257314"/>
  <nd ref="5097257316"/>
  <nd ref="5097257317"/>
  <nd ref="5097257318"/>
  <nd ref="5097257319"/>
  <nd ref="5097257320"/>
  <nd ref="5097260121"/>
  <nd ref="5097260127"/>
  <nd ref="5097260122"/>
  <nd ref="5097260123"/>
  <nd ref="5097260124"/>
  <nd ref="5097260125"/>
  <nd ref="5097260126"/>
  <nd ref="5362491083"/>
  <nd ref="5362491084"/>
  <nd ref="5097257314"/>
  <tag k="building" v="yes"/>
  <tag k="name" v="Bloco CH (UFCG)"/>
 </way>
 <way id="523629145" visible="true" version="2" changeset="52037341" timestamp="2017-09-14T13:20:20Z" user="DEbi_CAS" uid="6608697">
  <nd ref="5097260128"/>
  <nd ref="5097260129"/>
  <nd ref="5097260130"/>
  <nd ref="5097260131"/>
  <nd ref="5097260128"/>
  <tag k="building" v="yes"/>
  <tag k="name" v="Bloco BG (UFCG)"/>
 </way>
 <way id="523629146" visible="true" version="2" changeset="52037341" timestamp="2017-09-14T13:20:19Z" user="DEbi_CAS" uid="6608697">
  <nd ref="5097260132"/>
  <nd ref="5097260133"/>
  <nd ref="5097260134"/>
  <nd ref="5097260135"/>
  <nd ref="5097260132"/>
  <tag k="building" v="yes"/>
  <tag k="name" v="Bloco BD (UFCG)"/>
 </way>
 <way id="523629147" visible="true" version="3" changeset="52037341" timestamp="2017-09-14T13:20:19Z" user="DEbi_CAS" uid="6608697">
  <nd ref="5097260136"/>
  <nd ref="5097260137"/>
  <nd ref="5097260138"/>
  <nd ref="5100015320"/>
  <nd ref="5100015319"/>
  <nd ref="5100015318"/>
  <nd ref="5100016521"/>
  <nd ref="5097260139"/>
  <nd ref="5097260136"/>
  <tag k="building" v="yes"/>
  <tag k="name" v="Bloco BV (UFCG)"/>
 </way>
 <way id="523629148" visible="true" version="3" changeset="55760756" timestamp="2018-01-26T05:16:11Z" user="Matias_Daniel" uid="7142955">
  <nd ref="5097260140"/>
  <nd ref="5097260141"/>
  <nd ref="5097260148"/>
  <nd ref="5097260143"/>
  <nd ref="5097260140"/>
  <tag k="building" v="yes"/>
  <tag k="name" v="Centro de Humanidade (UFCG)"/>
 </way>
 <way id="523629149" visible="true" version="3" changeset="55760756" timestamp="2018-01-26T05:16:11Z" user="Matias_Daniel" uid="7142955">
  <nd ref="5362734783"/>
  <nd ref="5097260145"/>
  <nd ref="5097260146"/>
  <nd ref="5097260147"/>
  <nd ref="5362734781"/>
  <nd ref="5362734782"/>
  <nd ref="5362734783"/>
  <tag k="building" v="yes"/>
  <tag k="name" v="Centro de Humanidade (UFCG)"/>
 </way>
 <way id="523629150" visible="true" version="3" changeset="55760756" timestamp="2018-01-26T05:16:11Z" user="Matias_Daniel" uid="7142955">
  <nd ref="5097260150"/>
  <nd ref="5097260151"/>
  <nd ref="5097260152"/>
  <nd ref="5097260153"/>
  <nd ref="5097260150"/>
  <tag k="building" v="yes"/>
  <tag k="name" v="Bloco BA (UFCG)"/>
 </way>
 <way id="523629151" visible="true" version="2" changeset="52037341" timestamp="2017-09-14T13:20:19Z" user="DEbi_CAS" uid="6608697">
  <nd ref="5097260155"/>
  <nd ref="5097260156"/>
  <nd ref="5097260157"/>
  <nd ref="5097260158"/>
  <nd ref="5097260155"/>
  <tag k="building" v="yes"/>
  <tag k="name" v="Central de Línguas (UFCG)"/>
 </way>
 <way id="523638453" visible="true" version="2" changeset="52037341" timestamp="2017-09-14T13:20:22Z" user="DEbi_CAS" uid="6608697">
  <nd ref="5097331123"/>
  <nd ref="5097331124"/>
  <nd ref="5097331125"/>
  <nd ref="5097331126"/>
  <nd ref="5097331127"/>
  <nd ref="5097331128"/>
  <nd ref="5097331129"/>
  <nd ref="5097331130"/>
  <nd ref="5097331123"/>
  <tag k="building" v="yes"/>
  <tag k="name" v="Bloco BU (UFCG)"/>
 </way>
 <way id="523638456" visible="true" version="2" changeset="52037341" timestamp="2017-09-14T13:20:22Z" user="DEbi_CAS" uid="6608697">
  <nd ref="5097331131"/>
  <nd ref="5097331132"/>
  <nd ref="5097331133"/>
  <nd ref="5097331134"/>
  <nd ref="5097331131"/>
  <tag k="building" v="yes"/>
  <tag k="name" v="Bloco BT (UFCG)"/>
 </way>
 <way id="523638458" visible="true" version="2" changeset="52037341" timestamp="2017-09-14T13:20:21Z" user="DEbi_CAS" uid="6608697">
  <nd ref="5097331135"/>
  <nd ref="5097331136"/>
  <nd ref="5097331137"/>
  <nd ref="5097331138"/>
  <nd ref="5097331135"/>
  <tag k="building" v="yes"/>
  <tag k="name" v="Bloco BS (UFCG)"/>
 </way>
 <way id="523638459" visible="true" version="2" changeset="52037341" timestamp="2017-09-14T13:20:21Z" user="DEbi_CAS" uid="6608697">
  <nd ref="5097331139"/>
  <nd ref="5097331140"/>
  <nd ref="5097331141"/>
  <nd ref="5097331142"/>
  <nd ref="5097331139"/>
  <tag k="building" v="yes"/>
  <tag k="name" v="Bloco BR (UFCG)"/>
 </way>
 <way id="523638461" visible="true" version="3" changeset="52037341" timestamp="2017-09-14T13:20:21Z" user="DEbi_CAS" uid="6608697">
  <nd ref="5097331143"/>
  <nd ref="5097331144"/>
  <nd ref="5097331145"/>
  <nd ref="5097331146"/>
  <nd ref="5097331143"/>
  <tag k="building" v="yes"/>
  <tag k="name" v="Bloco BQ (UFCG)"/>
 </way>
 <way id="523638462" visible="true" version="2" changeset="52037341" timestamp="2017-09-14T13:20:21Z" user="DEbi_CAS" uid="6608697">
  <nd ref="5097331147"/>
  <nd ref="5097331148"/>
  <nd ref="5097331149"/>
  <nd ref="5097331150"/>
  <nd ref="5097331147"/>
  <tag k="building" v="yes"/>
  <tag k="name" v="Bloco BP (UFCG)"/>
 </way>
 <way id="523638464" visible="true" version="2" changeset="52037341" timestamp="2017-09-14T13:20:21Z" user="DEbi_CAS" uid="6608697">
  <nd ref="5097331151"/>
  <nd ref="5097331152"/>
  <nd ref="5097331153"/>
  <nd ref="5097331154"/>
  <nd ref="5097331151"/>
  <tag k="building" v="yes"/>
  <tag k="name" v="Bloko BK1 (UFCG)"/>
 </way>
 <way id="523638465" visible="true" version="2" changeset="52037341" timestamp="2017-09-14T13:20:21Z" user="DEbi_CAS" uid="6608697">
  <nd ref="5097331155"/>
  <nd ref="5097331156"/>
  <nd ref="5097331157"/>
  <nd ref="5097331158"/>
  <nd ref="5097331155"/>
  <tag k="building" v="yes"/>
  <tag k="name" v="Bloco BK (UFCG)"/>
 </way>
 <way id="523638467" visible="true" version="2" changeset="52037341" timestamp="2017-09-14T13:20:21Z" user="DEbi_CAS" uid="6608697">
  <nd ref="5097331159"/>
  <nd ref="5097331160"/>
  <nd ref="5097331161"/>
  <nd ref="5097331162"/>
  <nd ref="5097331159"/>
  <tag k="building" v="yes"/>
  <tag k="name" v="Bloco BL (UFCG)"/>
 </way>
 <way id="523638468" visible="true" version="3" changeset="52037341" timestamp="2017-09-14T13:20:21Z" user="DEbi_CAS" uid="6608697">
  <nd ref="5097331163"/>
  <nd ref="5097331164"/>
  <nd ref="5097331165"/>
  <nd ref="5097331166"/>
  <nd ref="5097331163"/>
  <tag k="building" v="yes"/>
  <tag k="name" v="Bloco BM (UFCG)"/>
 </way>
 <way id="523638470" visible="true" version="2" changeset="52037341" timestamp="2017-09-14T13:20:21Z" user="DEbi_CAS" uid="6608697">
  <nd ref="5097331167"/>
  <nd ref="5097331168"/>
  <nd ref="5097331169"/>
  <nd ref="5097331170"/>
  <nd ref="5097331167"/>
  <tag k="building" v="yes"/>
  <tag k="name" v="Bloco BN (UFCG)"/>
 </way>
 <way id="523638471" visible="true" version="3" changeset="52037341" timestamp="2017-09-14T13:20:21Z" user="DEbi_CAS" uid="6608697">
  <nd ref="5097331171"/>
  <nd ref="5097331178"/>
  <nd ref="5097331177"/>
  <nd ref="5097331176"/>
  <nd ref="5097331175"/>
  <nd ref="5097331172"/>
  <nd ref="5097331173"/>
  <nd ref="5097331174"/>
  <nd ref="5097331171"/>
  <tag k="building" v="yes"/>
  <tag k="name" v="Bloco BO (UFCG)"/>
 </way>
 <way id="523638473" visible="true" version="2" changeset="51969442" timestamp="2017-09-12T11:16:05Z" user="DEbi_CAS" uid="6608697">
  <nd ref="5097331179"/>
  <nd ref="5097331180"/>
  <nd ref="5097331181"/>
  <nd ref="5097331182"/>
  <nd ref="5097331179"/>
  <tag k="building" v="yes"/>
  <tag k="name" v="Unidade de coleta CONTRAMARE"/>
 </way>
 <way id="523638474" visible="true" version="4" changeset="141957503" timestamp="2023-09-30T15:54:36Z" user="b-jazz-bot" uid="9451067">
  <nd ref="5097331183"/>
  <nd ref="5097331184"/>
  <nd ref="5097331185"/>
  <nd ref="5097331186"/>
  <nd ref="5097331183"/>
  <tag k="building" v="yes"/>
  <tag k="name" v="Bloco BH (UFCG)"/>
  <tag k="website" v="https://peasa.ufcg.edu.br/"/>
 </way>
 <way id="523638476" visible="true" version="3" changeset="52037341" timestamp="2017-09-14T13:20:21Z" user="DEbi_CAS" uid="6608697">
  <nd ref="5097331187"/>
  <nd ref="5097331188"/>
  <nd ref="5097331189"/>
  <nd ref="5097331190"/>
  <nd ref="5097331187"/>
  <tag k="building" v="yes"/>
  <tag k="name" v="Bloco BX (UFCG)"/>
  <tag k="website" v="www.lablibras.ufcg.edu.br"/>
 </way>
 <way id="523638477" visible="true" version="3" changeset="52037341" timestamp="2017-09-14T13:20:21Z" user="DEbi_CAS" uid="6608697">
  <nd ref="5097331191"/>
  <nd ref="5097331192"/>
  <nd ref="5097331193"/>
  <nd ref="5097331194"/>
  <nd ref="5097331191"/>
  <tag k="building" v="yes"/>
  <tag k="name" v="Bloco BI (UFCG)"/>
 </way>
 <way id="523638478" visible="true" version="2" changeset="52037341" timestamp="2017-09-14T13:20:21Z" user="DEbi_CAS" uid="6608697">
  <nd ref="5097331195"/>
  <nd ref="5097331196"/>
  <nd ref="5097331197"/>
  <nd ref="5097331198"/>
  <nd ref="5097331195"/>
  <tag k="building" v="yes"/>
  <tag k="name" v="Bloco BJ (UFCG)"/>
 </way>
 <way id="523638480" visible="true" version="3" changeset="163823857" timestamp="2025-03-19T16:15:45Z" user="Rodrigson" uid="22612012">
  <nd ref="5097331199"/>
  <nd ref="5097331200"/>
  <tag k="highway" v="service"/>
  <tag k="surface" v="sett"/>
 </way>
 <way id="523638481" visible="true" version="3" changeset="163823857" timestamp="2025-03-19T16:15:48Z" user="Rodrigson" uid="22612012">
  <nd ref="5097331201"/>
  <nd ref="5097331202"/>
  <tag k="highway" v="service"/>
  <tag k="surface" v="sett"/>
 </way>
 <way id="523638483" visible="true" version="3" changeset="52037341" timestamp="2017-09-14T13:20:20Z" user="DEbi_CAS" uid="6608697">
  <nd ref="5097331203"/>
  <nd ref="5097331204"/>
  <nd ref="5097331205"/>
  <nd ref="5097331206"/>
  <nd ref="5097331207"/>
  <nd ref="5097331208"/>
  <nd ref="5097331209"/>
  <nd ref="5097331210"/>
  <nd ref="5097331203"/>
  <tag k="building" v="yes"/>
  <tag k="name" v="Bloco BZ (Central de Aula - UFCG)"/>
 </way>
 <way id="523638484" visible="true" version="3" changeset="54104365" timestamp="2017-11-26T20:11:05Z" user="André Alvarenga" uid="94659">
  <nd ref="5097331211"/>
  <nd ref="5097331212"/>
  <nd ref="5097331213"/>
  <nd ref="5097331214"/>
  <nd ref="5097331211"/>
  <tag k="building" v="yes"/>
  <tag k="name" v="Bloco BW1 (UFCG)"/>
 </way>
 <way id="523638487" visible="true" version="2" changeset="52037341" timestamp="2017-09-14T13:20:20Z" user="DEbi_CAS" uid="6608697">
  <nd ref="5097331215"/>
  <nd ref="5097331216"/>
  <nd ref="5097331217"/>
  <nd ref="5097331218"/>
  <nd ref="5097331219"/>
  <nd ref="5097331220"/>
  <nd ref="5097331221"/>
  <nd ref="5097331222"/>
  <nd ref="5097331215"/>
  <tag k="building" v="yes"/>
  <tag k="name" v="LABINF (UFCG)"/>
 </way>
 <way id="523638488" visible="true" version="3" changeset="54104365" timestamp="2017-11-26T20:11:05Z" user="André Alvarenga" uid="94659">
  <nd ref="5097331223"/>
  <nd ref="5097331224"/>
  <nd ref="5097331225"/>
  <nd ref="5097331226"/>
  <nd ref="5097331227"/>
  <nd ref="5097331228"/>
  <nd ref="5097331229"/>
  <nd ref="5097331230"/>
  <nd ref="5097331223"/>
  <tag k="building" v="yes"/>
  <tag k="name" v="Bloco BF (UFCG)"/>
 </way>
 <way id="523638490" visible="true" version="3" changeset="52037341" timestamp="2017-09-14T13:20:20Z" user="DEbi_CAS" uid="6608697">
  <nd ref="5097331231"/>
  <nd ref="5097331232"/>
  <nd ref="5097331233"/>
  <nd ref="5097331234"/>
  <nd ref="5097331231"/>
  <tag k="building" v="yes"/>
  <tag k="name" v="Bloco BF2 (UFCG)"/>
 </way>
 <way id="523638491" visible="true" version="1" changeset="51931744" timestamp="2017-09-11T08:36:09Z" user="DEbi_CAS" uid="6608697">
  <nd ref="5097331235"/>
  <nd ref="5097331236"/>
  <nd ref="5097331237"/>
  <nd ref="5097331238"/>
  <nd ref="5097331280"/>
  <nd ref="5097331235"/>
  <tag k="building" v="yes"/>
 </way>
 <way id="523638493" visible="true" version="2" changeset="51970155" timestamp="2017-09-12T11:40:13Z" user="DEbi_CAS" uid="6608697">
  <nd ref="5097331239"/>
  <nd ref="5097331240"/>
  <nd ref="5097331241"/>
  <nd ref="5097331242"/>
  <nd ref="5097331243"/>
  <nd ref="5097331244"/>
  <nd ref="5097331245"/>
  <nd ref="5097331246"/>
  <nd ref="5097331239"/>
  <tag k="building" v="yes"/>
  <tag k="name" v="Unidade Acadêmica de Arte e Mídia (UAAMI)"/>
 </way>
 <way id="523638494" visible="true" version="1" changeset="51931744" timestamp="2017-09-11T08:36:09Z" user="DEbi_CAS" uid="6608697">
  <nd ref="5097331247"/>
  <nd ref="5097331248"/>
  <nd ref="5097331249"/>
  <nd ref="5097331250"/>
  <nd ref="5097331247"/>
  <tag k="building" v="yes"/>
 </way>
 <way id="523638496" visible="true" version="2" changeset="52037341" timestamp="2017-09-14T13:20:20Z" user="DEbi_CAS" uid="6608697">
  <nd ref="5097331247"/>
  <nd ref="5097331251"/>
  <nd ref="5097331252"/>
  <nd ref="5097331255"/>
  <nd ref="5097331250"/>
  <nd ref="5097331247"/>
  <tag k="building" v="yes"/>
  <tag k="name" v="Bloco BE (UFCG)"/>
 </way>
 <way id="523638497" visible="true" version="2" changeset="52037341" timestamp="2017-09-14T13:20:20Z" user="DEbi_CAS" uid="6608697">
  <nd ref="5097331252"/>
  <nd ref="5097331253"/>
  <nd ref="5097331254"/>
  <nd ref="5097331255"/>
  <nd ref="5097331252"/>
  <tag k="building" v="yes"/>
  <tag k="name" v="Bloco BE (UFCG)"/>
 </way>
 <way id="523638499" visible="true" version="2" changeset="52037341" timestamp="2017-09-14T13:20:20Z" user="DEbi_CAS" uid="6608697">
  <nd ref="5097331254"/>
  <nd ref="5097331256"/>
  <nd ref="5097331257"/>
  <nd ref="5097331258"/>
  <nd ref="5097331259"/>
  <nd ref="5097331260"/>
  <nd ref="5097331254"/>
  <tag k="building" v="yes"/>
  <tag k="name" v="Bloco BE (UFCG)"/>
 </way>
 <way id="523638500" visible="true" version="3" changeset="88726216" timestamp="2020-07-30T10:20:10Z" user="DnieperBasin" uid="10652829">
  <nd ref="5097331259"/>
  <nd ref="5097331258"/>
  <nd ref="5097331257"/>
  <nd ref="5097331261"/>
  <nd ref="5097331262"/>
  <nd ref="5097331263"/>
  <nd ref="5097331264"/>
  <nd ref="5097331260"/>
  <nd ref="5097331259"/>
  <tag k="building" v="yes"/>
  <tag k="name" v="Bloco BE (UFCG)"/>
 </way>
 <way id="523638502" visible="true" version="1" changeset="51931744" timestamp="2017-09-11T08:36:10Z" user="DEbi_CAS" uid="6608697">
  <nd ref="5097331265"/>
  <nd ref="5097331266"/>
  <nd ref="5097331267"/>
  <nd ref="5097331268"/>
  <nd ref="5097331265"/>
  <tag k="building" v="yes"/>
 </way>
 <way id="523638503" visible="true" version="2" changeset="51970463" timestamp="2017-09-12T11:52:25Z" user="DEbi_CAS" uid="6608697">
  <nd ref="5097331269"/>
  <nd ref="5097331270"/>
  <nd ref="5097331271"/>
  <nd ref="5097331272"/>
  <nd ref="5097331269"/>
  <tag k="amenity" v="childcare"/>
  <tag k="building" v="yes"/>
  <tag k="name" v="Creche"/>
 </way>
 <way id="523638505" visible="true" version="4" changeset="56020696" timestamp="2018-02-03T04:15:46Z" user="Matias_Daniel" uid="7142955">
  <nd ref="5097331273"/>
  <nd ref="5097331274"/>
  <nd ref="5097331275"/>
  <nd ref="5097331276"/>
  <nd ref="5097331277"/>
  <nd ref="5097331278"/>
  <nd ref="5097331279"/>
  <nd ref="5382219800"/>
  <nd ref="5097331281"/>
  <nd ref="5097331282"/>
  <nd ref="5097331273"/>
  <tag k="building" v="yes"/>
  <tag k="name" v="Museu do Semi-árido (UFCG)"/>
 </way>
 <way id="523987158" visible="true" version="1" changeset="51962292" timestamp="2017-09-12T06:58:55Z" user="DEbi_CAS" uid="6608697">
  <nd ref="5099982315"/>
  <nd ref="5099982316"/>
  <nd ref="5099982317"/>
  <nd ref="5099982318"/>
  <nd ref="5099982315"/>
  <tag k="building" v="yes"/>
 </way>
 <way id="523987159" visible="true" version="2" changeset="87001003" timestamp="2020-06-22T22:37:41Z" user="Pedro Serey" uid="11372350">
  <nd ref="5099982319"/>
  <nd ref="2447437085"/>
  <nd ref="5099988321"/>
  <nd ref="5099988322"/>
  <nd ref="5099988323"/>
  <nd ref="5099982319"/>
  <tag k="building" v="yes"/>
 </way>
 <way id="523988998" visible="true" version="4" changeset="163739920" timestamp="2025-03-17T16:24:09Z" user="Rodrigson" uid="22612012">
  <nd ref="5100005030"/>
  <nd ref="5100005031"/>
  <nd ref="5100005032"/>
  <nd ref="5100005033"/>
  <nd ref="5100005030"/>
  <tag k="amenity" v="restaurant"/>
  <tag k="building" v="yes"/>
  <tag k="name" v="Praça de Alimentação (UFCG)"/>
  <tag k="opening_hours" v="Mo-Sa 07:00-19:00"/>
 </way>
 <way id="524312145" visible="true" version="3" changeset="52037341" timestamp="2017-09-14T13:20:19Z" user="DEbi_CAS" uid="6608697">
  <nd ref="5102598368"/>
  <nd ref="5102598369"/>
  <nd ref="5102598370"/>
  <nd ref="5102598371"/>
  <nd ref="5102598368"/>
  <tag k="building" v="yes"/>
  <tag k="name" v="Bloco BV1 (UFCG)"/>
 </way>
 <way id="524328904" visible="true" version="2" changeset="67493231" timestamp="2019-02-23T12:58:05Z" user="JSilvaBR" uid="9454292">
  <nd ref="5102726494"/>
  <nd ref="5102726495"/>
  <nd ref="5102726496"/>
  <nd ref="5102726497"/>
  <nd ref="5102726494"/>
  <tag k="building" v="yes"/>
  <tag k="name" v="Praça das Profissões"/>
 </way>
 <way id="524425927" visible="true" version="1" changeset="52009942" timestamp="2017-09-13T15:03:20Z" user="DEbi_CAS" uid="6608697">
  <nd ref="5103479749"/>
  <nd ref="5103479750"/>
  <nd ref="5103479751"/>
  <nd ref="5103479752"/>
  <nd ref="5103479749"/>
  <tag k="building" v="yes"/>
  <tag k="name" v="Alojamaneto - Campo de Futebol (UFCG)"/>
 </way>
 <way id="524653896" visible="true" version="1" changeset="52037341" timestamp="2017-09-14T13:20:18Z" user="DEbi_CAS" uid="6608697">
  <nd ref="5105322809"/>
  <nd ref="5105322810"/>
  <nd ref="5105322811"/>
  <nd ref="5105322812"/>
  <nd ref="5105322809"/>
  <tag k="building" v="yes"/>
  <tag k="name" v="Bloco AH (Posto Médico - UFCG)"/>
 </way>
 <way id="524653897" visible="true" version="2" changeset="55872619" timestamp="2018-01-29T20:53:10Z" user="Matias_Daniel" uid="7142955">
  <nd ref="5105322813"/>
  <nd ref="5105322814"/>
  <nd ref="5105322815"/>
  <nd ref="5371119934"/>
  <nd ref="5105322813"/>
  <tag k="building" v="yes"/>
  <tag k="name" v="Bloco CA1 (UFCG)"/>
 </way>
 <way id="524653898" visible="true" version="1" changeset="52037341" timestamp="2017-09-14T13:20:18Z" user="DEbi_CAS" uid="6608697">
  <nd ref="5105322817"/>
  <nd ref="5105322818"/>
  <nd ref="5105322819"/>
  <nd ref="5105322820"/>
  <nd ref="5105322817"/>
  <tag k="building" v="yes"/>
  <tag k="name" v="ESTUFA (UFCG)"/>
 </way>
 <way id="543873254" visible="true" version="8" changeset="87062255" timestamp="2020-06-24T05:31:15Z" user="gscholz" uid="109705">
  <nd ref="5257539211"/>
  <nd ref="5257539219"/>
  <nd ref="5257715674"/>
  <nd ref="5257539171"/>
  <nd ref="5257715675"/>
  <nd ref="5257539177"/>
  <nd ref="5257715676"/>
  <nd ref="5257715677"/>
  <nd ref="5257715678"/>
  <nd ref="5257539167"/>
  <nd ref="5257539169"/>
  <nd ref="5257539194"/>
  <nd ref="5257539164"/>
  <nd ref="5257539195"/>
  <nd ref="5257539198"/>
  <nd ref="5257539180"/>
  <nd ref="5257539208"/>
  <nd ref="5257539212"/>
  <nd ref="5257539173"/>
  <nd ref="5257539178"/>
  <nd ref="5257539184"/>
  <nd ref="5257539170"/>
  <nd ref="5257539168"/>
  <nd ref="5257539185"/>
  <nd ref="5257539204"/>
  <nd ref="5399072395"/>
  <nd ref="5257539179"/>
  <nd ref="5257539181"/>
  <nd ref="5257539176"/>
  <nd ref="5257539209"/>
  <nd ref="5257539220"/>
  <nd ref="5257539421"/>
  <nd ref="5257539217"/>
  <nd ref="5257539205"/>
  <nd ref="5257539207"/>
  <nd ref="5257539190"/>
  <nd ref="5257539202"/>
  <nd ref="5257539215"/>
  <nd ref="5257715673"/>
  <nd ref="5257715672"/>
  <nd ref="5257715671"/>
  <nd ref="5257539192"/>
  <nd ref="5257715667"/>
  <nd ref="5257715668"/>
  <nd ref="5257715669"/>
  <nd ref="5257715670"/>
  <nd ref="5257539172"/>
  <nd ref="5257539197"/>
  <nd ref="5257715666"/>
  <nd ref="5257715665"/>
  <nd ref="5257715663"/>
  <nd ref="5257715664"/>
  <nd ref="5257715662"/>
  <nd ref="5257715661"/>
  <nd ref="5257715660"/>
  <nd ref="5257539216"/>
  <nd ref="5257539211"/>
  <tag k="boat" v="permissive"/>
  <tag k="description" v="Lago da UFCG que serve para armazenamento de águas oriundas da chuva e ainda recebe águas de alguns afluentes, como por exemplo o Rio das Piabas que nasce Mata do Louzeiro"/>
  <tag k="intermittent" v="no"/>
  <tag k="name" v="Lago da UFCG"/>
  <tag k="natural" v="water"/>
  <tag k="water" v="lake"/>
 </way>
 <way id="544664987" visible="true" version="6" changeset="163739911" timestamp="2025-03-17T16:24:02Z" user="Rodrigson" uid="22612012">
  <nd ref="5264926668"/>
  <nd ref="5264926669"/>
  <nd ref="5264926664"/>
  <tag k="bicycle" v="no"/>
  <tag k="highway" v="footway"/>
  <tag k="horse" v="no"/>
  <tag k="lit" v="yes"/>
  <tag k="surface" v="paving_stones"/>
 </way>
 <way id="544664991" visible="true" version="3" changeset="163739920" timestamp="2025-03-17T16:24:35Z" user="Rodrigson" uid="22612012">
  <nd ref="5264860034"/>
  <nd ref="5264860040"/>
  <nd ref="5264860041"/>
  <nd ref="5264860035"/>
  <nd ref="5264860034"/>
  <tag k="amenity" v="food_court"/>
  <tag k="building" v="yes"/>
  <tag k="name" v="Praça de alimentação (UFCG)"/>
  <tag k="opening_hours" v="Mo-Sa 07:00-19:00+"/>
 </way>
 <way id="544664995" visible="true" version="3" changeset="163739920" timestamp="2025-03-17T16:25:30Z" user="Rodrigson" uid="22612012">
  <nd ref="5264860046"/>
  <nd ref="5264860047"/>
  <nd ref="5264860048"/>
  <nd ref="5264860049"/>
  <nd ref="5264860046"/>
  <tag k="building" v="yes"/>
  <tag k="check_date:opening_hours" v="2025-03-17"/>
  <tag k="name:signed" v="no"/>
  <tag k="opening_hours:signed" v="no"/>
  <tag k="shop" v="copyshop"/>
 </way>
 <way id="544664996" visible="true" version="1" changeset="54349332" timestamp="2017-12-05T00:29:26Z" user="Matias_Daniel" uid="7142955">
  <nd ref="5264860050"/>
  <nd ref="5264860051"/>
  <tag k="highway" v="footway"/>
 </way>
 <way id="544664998" visible="true" version="4" changeset="88726216" timestamp="2020-07-30T10:20:10Z" user="DnieperBasin" uid="10652829">
  <nd ref="5264860052"/>
  <nd ref="5097178784"/>
  <nd ref="5264860053"/>
  <nd ref="5363630697"/>
  <nd ref="5363630701"/>
  <nd ref="5363630700"/>
  <nd ref="5363630702"/>
  <nd ref="5264860054"/>
  <nd ref="5264860055"/>
  <nd ref="5363630699"/>
  <nd ref="5363630698"/>
  <nd ref="5264860052"/>
  <tag k="leisure" v="park"/>
  <tag k="name" v="Praça Mural das Flores"/>
 </way>
 <way id="544664999" visible="true" version="2" changeset="89569671" timestamp="2020-08-18T10:52:33Z" user="DnieperBasin" uid="10652829">
  <nd ref="5264860056"/>
  <nd ref="5264860057"/>
  <nd ref="5264860058"/>
  <nd ref="5264860059"/>
  <nd ref="7822838327"/>
  <nd ref="5264860060"/>
  <nd ref="5264860061"/>
  <nd ref="5264860062"/>
  <nd ref="5264860056"/>
  <tag k="amenity" v="parking"/>
 </way>
 <way id="544665001" visible="true" version="5" changeset="163739916" timestamp="2025-03-17T16:24:05Z" user="Rodrigson" uid="22612012">
  <nd ref="5264860063"/>
  <nd ref="5264860064"/>
  <nd ref="5363630696"/>
  <nd ref="5363630695"/>
  <nd ref="5264860063"/>
  <tag k="access" v="yes"/>
  <tag k="amenity" v="parking"/>
  <tag k="fee" v="no"/>
  <tag k="parking" v="surface"/>
 </way>
 <way id="544669837" visible="true" version="3" changeset="55963178" timestamp="2018-02-01T11:40:05Z" user="jfelintonetto" uid="7357230">
  <nd ref="5264926666"/>
  <nd ref="5264926667"/>
  <nd ref="5362733706"/>
  <nd ref="5362733705"/>
  <nd ref="5264926666"/>
  <tag k="leisure" v="park"/>
  <tag k="name" v="Praça Pedra do Sapo"/>
 </way>
 <way id="544669838" visible="true" version="1" changeset="54350407" timestamp="2017-12-05T01:26:54Z" user="Matias_Daniel" uid="7142955">
  <nd ref="5264926670"/>
  <nd ref="5264926671"/>
  <nd ref="5264926672"/>
  <nd ref="5264926673"/>
  <nd ref="5264926670"/>
  <tag k="building" v="yes"/>
  <tag k="leisure" v="sports_centre"/>
 </way>
 <way id="544669840" visible="true" version="3" changeset="70121587" timestamp="2019-05-10T19:07:28Z" user="Matias_Daniel" uid="7142955">
  <nd ref="5264926674"/>
  <nd ref="5264926675"/>
  <tag k="highway" v="footway"/>
 </way>
 <way id="544669841" visible="true" version="7" changeset="70121587" timestamp="2019-05-10T19:07:28Z" user="Matias_Daniel" uid="7142955">
  <nd ref="5264860045"/>
  <nd ref="5264926680"/>
  <nd ref="5264926681"/>
  <nd ref="5264926682"/>
  <nd ref="5264860035"/>
  <nd ref="5264860034"/>
  <nd ref="5264926665"/>
  <nd ref="5362733703"/>
  <nd ref="5362733702"/>
  <nd ref="5264860033"/>
  <nd ref="5264860036"/>
  <nd ref="5264926683"/>
  <nd ref="5264926684"/>
  <nd ref="5264926685"/>
  <nd ref="5264926686"/>
  <nd ref="5264860039"/>
  <nd ref="5264860038"/>
  <nd ref="6465460009"/>
  <nd ref="6465460008"/>
  <nd ref="5264926678"/>
  <nd ref="5264926677"/>
  <nd ref="5264926687"/>
  <nd ref="5264926688"/>
  <nd ref="5264926689"/>
  <nd ref="5264860045"/>
  <tag k="leisure" v="park"/>
  <tag k="name" v="Praça das Humanidades"/>
 </way>
 <way id="544669842" visible="true" version="2" changeset="55873220" timestamp="2018-01-29T21:14:16Z" user="Matias_Daniel" uid="7142955">
  <nd ref="5264926690"/>
  <nd ref="5264926693"/>
  <nd ref="5264926691"/>
  <nd ref="5264926692"/>
  <tag k="highway" v="footway"/>
  <tag k="lit" v="yes"/>
 </way>
 <way id="544669843" visible="true" version="2" changeset="55873220" timestamp="2018-01-29T21:14:16Z" user="Matias_Daniel" uid="7142955">
  <nd ref="5264926693"/>
  <nd ref="5264926694"/>
  <tag k="highway" v="footway"/>
  <tag k="lit" v="no"/>
 </way>
 <way id="544669844" visible="true" version="3" changeset="55963178" timestamp="2018-02-01T11:40:05Z" user="jfelintonetto" uid="7357230">
  <nd ref="5264926695"/>
  <nd ref="5264926696"/>
  <nd ref="5264926697"/>
  <nd ref="5264926698"/>
  <nd ref="5264926699"/>
  <nd ref="5266954687"/>
  <nd ref="5264926695"/>
  <tag k="leisure" v="park"/>
  <tag k="name" v="Praça do CA"/>
 </way>
 <way id="544669845" visible="true" version="4" changeset="72904355" timestamp="2019-08-01T15:19:49Z" user="mr_et" uid="9565107">
  <nd ref="5097178792"/>
  <nd ref="6670471088"/>
  <nd ref="5097178801"/>
  <tag k="highway" v="footway"/>
  <tag k="lit" v="yes"/>
 </way>
 <way id="544669846" visible="true" version="5" changeset="67493231" timestamp="2019-02-23T12:58:05Z" user="JSilvaBR" uid="9454292">
  <nd ref="5264926700"/>
  <nd ref="5264926701"/>
  <nd ref="5264926702"/>
  <nd ref="5363630704"/>
  <nd ref="5363630705"/>
  <nd ref="5264926700"/>
  <tag k="leisure" v="park"/>
  <tag k="name" v="Praça das Engenharias"/>
 </way>
 <way id="544669847" visible="true" version="2" changeset="55963178" timestamp="2018-02-01T11:40:05Z" user="jfelintonetto" uid="7357230">
  <nd ref="5264926704"/>
  <nd ref="5264926705"/>
  <nd ref="5264926706"/>
  <nd ref="5264926707"/>
  <nd ref="5264926704"/>
  <tag k="leisure" v="park"/>
  <tag k="name" v="Coreto do CAA"/>
 </way>
 <way id="544669848" visible="true" version="1" changeset="54350407" timestamp="2017-12-05T01:26:55Z" user="Matias_Daniel" uid="7142955">
  <nd ref="5264926708"/>
  <nd ref="5264926711"/>
  <nd ref="5264926709"/>
  <nd ref="5264926710"/>
  <nd ref="5264926708"/>
  <tag k="leisure" v="park"/>
 </way>
 <way id="544669849" visible="true" version="7" changeset="189421606" timestamp="2026-09-22T21:44:18Z" user="Levisq" uid="24582906">
  <nd ref="5097140886"/>
  <nd ref="5264926712"/>
  <nd ref="5264926714"/>
  <nd ref="5417477373"/>
  <nd ref="6297414858"/>
  <nd ref="5264926713"/>
  <nd ref="6297414861"/>
  <nd ref="14207825275"/>
  <nd ref="5268935699"/>
  <nd ref="5268935701"/>
  <tag k="highway" v="footway"/>
  <tag k="surface" v="paving_stones"/>
 </way>
 <way id="544669850" visible="true" version="3" changeset="87001003" timestamp="2020-06-22T22:37:41Z" user="Pedro Serey" uid="11372350">
  <nd ref="5264926714"/>
  <nd ref="6297414854"/>
  <nd ref="5083503720"/>
  <tag k="highway" v="footway"/>
 </way>
 <way id="544669851" visible="true" version="1" changeset="54350407" timestamp="2017-12-05T01:26:55Z" user="Matias_Daniel" uid="7142955">
  <nd ref="5264926716"/>
  <nd ref="5264926717"/>
  <nd ref="5264926718"/>
  <nd ref="5264926719"/>
  <nd ref="5264926716"/>
  <tag k="building" v="yes"/>
  <tag k="shop" v="copyshop"/>
 </way>
 <way id="544669852" visible="true" version="1" changeset="54350407" timestamp="2017-12-05T01:26:55Z" user="Matias_Daniel" uid="7142955">
  <nd ref="5264926717"/>
  <nd ref="5264926720"/>
  <nd ref="5264927421"/>
  <nd ref="5264926718"/>
  <nd ref="5264926717"/>
  <tag k="amenity" v="fast_food"/>
  <tag k="building" v="yes"/>
 </way>
 <way id="544669853" visible="true" version="2" changeset="54418304" timestamp="2017-12-07T01:05:31Z" user="Matias_Daniel" uid="7142955">
  <nd ref="5264927423"/>
  <nd ref="5264927426"/>
  <nd ref="5264927429"/>
  <nd ref="5264927424"/>
  <tag k="highway" v="footway"/>
 </way>
 <way id="544669854" visible="true" version="1" changeset="54350407" timestamp="2017-12-05T01:26:55Z" user="Matias_Daniel" uid="7142955">
  <nd ref="5264927426"/>
  <nd ref="5264927427"/>
  <nd ref="5264927428"/>
  <tag k="highway" v="footway"/>
 </way>
 <way id="544669855" visible="true" version="1" changeset="54350407" timestamp="2017-12-05T01:26:55Z" user="Matias_Daniel" uid="7142955">
  <nd ref="5264927429"/>
  <nd ref="5264927430"/>
  <tag k="highway" v="footway"/>
 </way>
 <way id="544669856" visible="true" version="2" changeset="54418304" timestamp="2017-12-07T01:05:31Z" user="Matias_Daniel" uid="7142955">
  <nd ref="5264927431"/>
  <nd ref="5264927430"/>
  <nd ref="5268935697"/>
  <tag k="highway" v="footway"/>
 </way>
 <way id="544669859" visible="true" version="3" changeset="87001003" timestamp="2020-06-22T22:37:41Z" user="Pedro Serey" uid="11372350">
  <nd ref="5097178795"/>
  <nd ref="7644626105"/>
  <nd ref="7644626104"/>
  <nd ref="7644626103"/>
  <nd ref="7644626102"/>
  <nd ref="7644626101"/>
  <nd ref="5105322816"/>
  <nd ref="5264927439"/>
  <nd ref="5264927440"/>
  <nd ref="5264927441"/>
  <nd ref="5264927443"/>
  <nd ref="5371172122"/>
  <tag k="highway" v="footway"/>
  <tag k="layer" v="-1"/>
  <tag k="lit" v="no"/>
 </way>
 <way id="544669860" visible="true" version="2" changeset="89571200" timestamp="2020-08-18T11:18:41Z" user="DnieperBasin" uid="10652829">
  <nd ref="5264927444"/>
  <nd ref="7822887941"/>
  <tag k="highway" v="footway"/>
 </way>
 <way id="544669861" visible="true" version="4" changeset="189421606" timestamp="2026-09-22T21:44:18Z" user="Levisq" uid="24582906">
  <nd ref="5097178771"/>
  <nd ref="5097178793"/>
  <nd ref="5264927446"/>
  <nd ref="6296192689"/>
  <nd ref="14207825281"/>
  <nd ref="5579445522"/>
  <nd ref="5579445521"/>
  <nd ref="5579445523"/>
  <nd ref="5264927448"/>
  <tag k="highway" v="footway"/>
 </way>
 <way id="544669862" visible="true" version="6" changeset="80575058" timestamp="2020-02-05T08:19:05Z" user="PlazaBaquedano" uid="9225258">
  <nd ref="5097098294"/>
  <nd ref="7187135724"/>
  <nd ref="6465460021"/>
  <nd ref="7187135725"/>
  <nd ref="7187135726"/>
  <nd ref="7187135727"/>
  <nd ref="6465460019"/>
  <nd ref="7187135728"/>
  <nd ref="6465460018"/>
  <nd ref="7187135729"/>
  <nd ref="7187135730"/>
  <nd ref="7187135731"/>
  <nd ref="6465460017"/>
  <nd ref="7187135732"/>
  <nd ref="6465460016"/>
  <nd ref="7187135733"/>
  <nd ref="7187135734"/>
  <nd ref="7187135735"/>
  <nd ref="6465460015"/>
  <nd ref="7187135736"/>
  <nd ref="6465460014"/>
  <nd ref="7187135737"/>
  <nd ref="7187135738"/>
  <nd ref="7187135739"/>
  <nd ref="7187135740"/>
  <nd ref="5264927448"/>
  <nd ref="6465460012"/>
  <nd ref="6465460013"/>
  <nd ref="5257730617"/>
  <tag k="highway" v="service"/>
 </way>
 <way id="544669863" visible="true" version="2" changeset="67475137" timestamp="2019-02-22T18:02:45Z" user="JSilvaBR" uid="9454292">
  <nd ref="5264927455"/>
  <nd ref="5264927456"/>
  <nd ref="5264927457"/>
  <nd ref="5264927458"/>
  <nd ref="5264927459"/>
  <nd ref="5264927460"/>
  <nd ref="5264927461"/>
  <nd ref="5264927462"/>
  <nd ref="5264927463"/>
  <nd ref="5264927464"/>
  <nd ref="6296190479"/>
  <nd ref="5264927455"/>
  <tag k="natural" v="wood"/>
 </way>
 <way id="544676960" visible="true" version="5" changeset="87062255" timestamp="2020-06-24T05:31:15Z" user="gscholz" uid="109705">
  <nd ref="5265006587"/>
  <nd ref="5265006595"/>
  <nd ref="5399072396"/>
  <nd ref="5257539204"/>
  <tag k="intermittent" v="no"/>
  <tag k="waterway" v="stream"/>
 </way>
 <way id="544676961" visible="true" version="2" changeset="65252727" timestamp="2018-12-06T21:57:26Z" user="UsuárioPar" uid="367813">
  <nd ref="5265006589"/>
  <nd ref="5265006596"/>
  <nd ref="5265006588"/>
  <nd ref="5265006587"/>
  <tag k="waterway" v="stream"/>
 </way>
 <way id="544676962" visible="true" version="2" changeset="65252727" timestamp="2018-12-06T21:57:26Z" user="UsuárioPar" uid="367813">
  <nd ref="5265006594"/>
  <nd ref="5265006593"/>
  <nd ref="5265006592"/>
  <nd ref="5265006591"/>
  <nd ref="5265006590"/>
  <nd ref="5265006589"/>
  <tag k="waterway" v="stream"/>
 </way>
 <way id="544676963" visible="true" version="4" changeset="189421606" timestamp="2026-09-22T21:44:18Z" user="Levisq" uid="24582906">
  <nd ref="5265006597"/>
  <nd ref="5265006598"/>
  <nd ref="5265006599"/>
  <nd ref="5265006600"/>
  <nd ref="5265006601"/>
  <nd ref="5265006602"/>
  <nd ref="5265006603"/>
  <nd ref="5265006604"/>
  <nd ref="5265006605"/>
  <nd ref="5265006610"/>
  <nd ref="5265006611"/>
  <nd ref="5265006612"/>
  <nd ref="5265006613"/>
  <nd ref="5265006614"/>
  <nd ref="5265006615"/>
  <nd ref="5265006597"/>
  <tag k="leaf_cycle" v="evergreen"/>
  <tag k="leaf_type" v="mixed"/>
  <tag k="name" v="Bosque da UFCG"/>
  <tag k="natural" v="wood"/>
 </way>
 <way id="544905103" visible="true" version="3" changeset="189421606" timestamp="2026-09-22T21:44:18Z" user="Levisq" uid="24582906">
  <nd ref="5266954666"/>
  <nd ref="5266954667"/>
  <nd ref="5266954668"/>
  <nd ref="5266954669"/>
  <nd ref="5266954670"/>
  <nd ref="5266954671"/>
  <nd ref="5266954672"/>
  <nd ref="5266954674"/>
  <nd ref="5266954673"/>
  <nd ref="5266954675"/>
  <nd ref="5266954676"/>
  <nd ref="4354856297"/>
  <nd ref="5266954677"/>
  <nd ref="5266954678"/>
  <nd ref="5266954679"/>
  <nd ref="14207825282"/>
  <nd ref="5266954680"/>
  <nd ref="5266954681"/>
  <nd ref="7822838328"/>
  <nd ref="5266954666"/>
  <tag k="amenity" v="parking"/>
 </way>
 <way id="544905104" visible="true" version="1" changeset="54385525" timestamp="2017-12-05T23:43:40Z" user="Matias_Daniel" uid="7142955">
  <nd ref="5266954683"/>
  <nd ref="5266954684"/>
  <nd ref="5266954685"/>
  <nd ref="5266954686"/>
  <nd ref="5266954683"/>
  <tag k="leisure" v="pitch"/>
  <tag k="sport" v="beachvolleyball"/>
  <tag k="surface" v="sand"/>
 </way>
 <way id="545128828" visible="true" version="2" changeset="56020696" timestamp="2018-02-03T04:15:46Z" user="Matias_Daniel" uid="7142955">
  <nd ref="5097195123"/>
  <nd ref="5268935692"/>
  <nd ref="5268935694"/>
  <nd ref="5268935689"/>
  <nd ref="5268935693"/>
  <nd ref="5268935690"/>
  <nd ref="5382219801"/>
  <nd ref="5268935691"/>
  <tag k="highway" v="living_street"/>
 </way>
 <way id="545128829" visible="true" version="1" changeset="54418304" timestamp="2017-12-07T01:05:27Z" user="Matias_Daniel" uid="7142955">
  <nd ref="5264927424"/>
  <nd ref="5264927428"/>
  <nd ref="5264927425"/>
  <tag k="highway" v="footway"/>
 </way>
 <way id="545128830" visible="true" version="2" changeset="56428311" timestamp="2018-02-16T23:07:43Z" user="UsuárioPar" uid="367813">
  <nd ref="5268935695"/>
  <nd ref="5417477371"/>
  <nd ref="5268935697"/>
  <nd ref="5264927424"/>
  <tag k="highway" v="footway"/>
 </way>
 <way id="545128831" visible="true" version="1" changeset="54418304" timestamp="2017-12-07T01:05:27Z" user="Matias_Daniel" uid="7142955">
  <nd ref="5268935695"/>
  <nd ref="5268935696"/>
  <tag k="highway" v="footway"/>
 </way>
 <way id="545128832" visible="true" version="2" changeset="56428311" timestamp="2018-02-16T23:07:43Z" user="UsuárioPar" uid="367813">
  <nd ref="5417477371"/>
  <nd ref="5417477372"/>
  <nd ref="5268935699"/>
  <tag k="highway" v="footway"/>
 </way>
 <way id="545128833" visible="true" version="1" changeset="54418304" timestamp="2017-12-07T01:05:28Z" user="Matias_Daniel" uid="7142955">
  <nd ref="5268935708"/>
  <nd ref="5268935701"/>
  <nd ref="5268935709"/>
  <nd ref="5268935705"/>
  <nd ref="5268935706"/>
  <tag k="highway" v="footway"/>
 </way>
 <way id="545128834" visible="true" version="2" changeset="58426367" timestamp="2018-04-26T00:13:24Z" user="Matias_Daniel" uid="7142955">
  <nd ref="5579445521"/>
  <nd ref="5579445525"/>
  <nd ref="5268935706"/>
  <nd ref="5579445527"/>
  <nd ref="5268935708"/>
  <nd ref="5268935707"/>
  <tag k="highway" v="footway"/>
 </way>
 <way id="545128835" visible="true" version="2" changeset="87001003" timestamp="2020-06-22T22:37:41Z" user="Pedro Serey" uid="11372350">
  <nd ref="5268935707"/>
  <nd ref="5268935702"/>
  <nd ref="7644626098"/>
  <nd ref="5268935703"/>
  <nd ref="5268935704"/>
  <nd ref="5268935698"/>
  <tag k="highway" v="footway"/>
 </way>
 <way id="546703053" visible="true" version="2" changeset="139577206" timestamp="2023-08-07T17:53:34Z" user="Raphaelkaart" uid="12468685">
  <nd ref="5282977565"/>
  <nd ref="5282977566"/>
  <nd ref="5282977567"/>
  <nd ref="11097593954"/>
  <nd ref="5282977568"/>
  <nd ref="5282977569"/>
  <nd ref="5282977570"/>
  <nd ref="5282977571"/>
  <nd ref="5282977572"/>
  <nd ref="5282977573"/>
  <nd ref="5282977574"/>
  <nd ref="5282977575"/>
  <nd ref="5282977576"/>
  <nd ref="5282977577"/>
  <nd ref="5282977578"/>
  <nd ref="5282977579"/>
  <nd ref="5282977580"/>
  <nd ref="5282977581"/>
  <nd ref="5282977582"/>
  <nd ref="5282977583"/>
  <nd ref="5282977584"/>
  <nd ref="5282977585"/>
  <nd ref="5282977586"/>
  <nd ref="5282977587"/>
  <nd ref="5282977588"/>
  <nd ref="5282977589"/>
  <nd ref="5282977590"/>
  <nd ref="5282977591"/>
  <nd ref="5282977592"/>
  <nd ref="5282977593"/>
  <nd ref="5282977594"/>
  <nd ref="5282977565"/>
  <tag k="landuse" v="brownfield"/>
 </way>
 <way id="549070981" visible="true" version="1" changeset="54919872" timestamp="2017-12-26T03:37:29Z" user="jfelintonetto" uid="7357230">
  <nd ref="5304084161"/>
  <nd ref="5304084162"/>
  <nd ref="5304084163"/>
  <nd ref="5304084164"/>
  <nd ref="5304084161"/>
  <tag k="natural" v="yes"/>
 </way>
 <way id="549070982" visible="true" version="1" changeset="54919872" timestamp="2017-12-26T03:37:29Z" user="jfelintonetto" uid="7357230">
  <nd ref="5304084165"/>
  <nd ref="5304084166"/>
  <nd ref="5304084167"/>
  <nd ref="5304084168"/>
  <nd ref="5304084165"/>
  <tag k="natural" v="yes"/>
 </way>
 <way id="549070983" visible="true" version="1" changeset="54919872" timestamp="2017-12-26T03:37:29Z" user="jfelintonetto" uid="7357230">
  <nd ref="5304084169"/>
  <nd ref="5304084170"/>
  <nd ref="5304084171"/>
  <nd ref="5304084172"/>
  <nd ref="5304084169"/>
  <tag k="natural" v="yes"/>
 </way>
 <way id="549070984" visible="true" version="1" changeset="54919872" timestamp="2017-12-26T03:37:29Z" user="jfelintonetto" uid="7357230">
  <nd ref="5304084173"/>
  <nd ref="5304084174"/>
  <nd ref="5304084175"/>
  <nd ref="5304084176"/>
  <nd ref="5304084173"/>
  <tag k="natural" v="yes"/>
 </way>
 <way id="549070985" visible="true" version="1" changeset="54919872" timestamp="2017-12-26T03:37:29Z" user="jfelintonetto" uid="7357230">
  <nd ref="5304084177"/>
  <nd ref="5304084178"/>
  <nd ref="5304084179"/>
  <nd ref="5304084180"/>
  <nd ref="5304084177"/>
  <tag k="natural" v="yes"/>
 </way>
 <way id="549070986" visible="true" version="1" changeset="54919872" timestamp="2017-12-26T03:37:29Z" user="jfelintonetto" uid="7357230">
  <nd ref="5304084181"/>
  <nd ref="5304084182"/>
  <nd ref="5304084183"/>
  <nd ref="5304084184"/>
  <nd ref="5304084185"/>
  <nd ref="5304084186"/>
  <nd ref="5304084181"/>
  <tag k="natural" v="yes"/>
 </way>
 <way id="549070987" visible="true" version="2" changeset="55963178" timestamp="2018-02-01T11:40:05Z" user="jfelintonetto" uid="7357230">
  <nd ref="5304084187"/>
  <nd ref="5304084188"/>
  <nd ref="5304084189"/>
  <nd ref="5304084190"/>
  <nd ref="5304084191"/>
  <nd ref="5304084192"/>
  <nd ref="5304084193"/>
  <nd ref="5304084194"/>
  <nd ref="5304084195"/>
  <nd ref="5304084196"/>
  <nd ref="5304084187"/>
  <tag k="landuse" v="farmland"/>
  <tag k="name" v="Local de culturas e experimentos agrícolas."/>
 </way>
 <way id="553656147" visible="true" version="7" changeset="163460079" timestamp="2025-03-10T20:57:58Z" user="Rodrigson" uid="22612012">
  <nd ref="5344042122"/>
  <nd ref="5344041717"/>
  <nd ref="7822838326"/>
  <nd ref="7822838325"/>
  <nd ref="5344042142"/>
  <nd ref="5344042141"/>
  <nd ref="5344042140"/>
  <nd ref="5344042128"/>
  <nd ref="7822887936"/>
  <nd ref="7822887935"/>
  <nd ref="7822887937"/>
  <nd ref="7822887938"/>
  <nd ref="7822887939"/>
  <nd ref="5344042122"/>
  <tag k="access" v="yes"/>
  <tag k="amenity" v="parking"/>
  <tag k="fee" v="no"/>
  <tag k="parking" v="surface"/>
 </way>
 <way id="553656165" visible="true" version="3" changeset="72904355" timestamp="2019-08-01T15:19:49Z" user="mr_et" uid="9565107">
  <nd ref="5344042447"/>
  <nd ref="6670471086"/>
  <tag k="highway" v="path"/>
 </way>
 <way id="553656166" visible="true" version="2" changeset="55773353" timestamp="2018-01-26T14:17:54Z" user="Matias_Daniel" uid="7142955">
  <nd ref="5264926703"/>
  <nd ref="5344042450"/>
  <nd ref="5363630703"/>
  <nd ref="5344042449"/>
  <nd ref="5344042448"/>
  <nd ref="5264926703"/>
  <tag k="landuse" v="grass"/>
 </way>
 <way id="553770634" visible="true" version="6" changeset="163450838" timestamp="2025-03-10T16:46:05Z" user="Rodrigson" uid="22612012">
  <nd ref="1851337210"/>
  <nd ref="7189408503"/>
  <nd ref="7189408507"/>
  <nd ref="5345015172"/>
  <nd ref="11097210961"/>
  <nd ref="7189408506"/>
  <tag k="alt_name" v="Rua Vinte e Sete de Julho"/>
  <tag k="highway" v="tertiary"/>
  <tag k="name" v="Rua 27 de Julho"/>
  <tag k="oneway" v="yes"/>
  <tag k="surface" v="asphalt"/>
 </way>
 <way id="555997808" visible="true" version="1" changeset="55773353" timestamp="2018-01-26T14:17:51Z" user="Matias_Daniel" uid="7142955">
  <nd ref="5363630686"/>
  <nd ref="5363630687"/>
  <nd ref="5363630688"/>
  <nd ref="5363630689"/>
  <nd ref="5363630690"/>
  <nd ref="5363630691"/>
  <nd ref="5363630692"/>
  <nd ref="5363630693"/>
  <nd ref="5363630694"/>
  <nd ref="5363630686"/>
  <tag k="leisure" v="garden"/>
 </way>
 <way id="555997809" visible="true" version="1" changeset="55773353" timestamp="2018-01-26T14:17:51Z" user="Matias_Daniel" uid="7142955">
  <nd ref="5363630706"/>
  <nd ref="5363630707"/>
  <nd ref="5097140890"/>
  <tag k="highway" v="footway"/>
 </way>
 <way id="556845103" visible="true" version="1" changeset="55872619" timestamp="2018-01-29T20:53:09Z" user="Matias_Daniel" uid="7142955">
  <nd ref="5371119935"/>
  <nd ref="5371119936"/>
  <nd ref="5371119937"/>
  <nd ref="5371119938"/>
  <nd ref="5371119939"/>
  <nd ref="5371119940"/>
  <nd ref="5371119941"/>
  <nd ref="5371119942"/>
  <nd ref="5371119943"/>
  <nd ref="5371119944"/>
  <nd ref="5371119945"/>
  <nd ref="5371119946"/>
  <nd ref="5371119947"/>
  <nd ref="5371119948"/>
  <nd ref="5371119949"/>
  <nd ref="5371119950"/>
  <nd ref="5371119951"/>
  <nd ref="5371119952"/>
  <nd ref="5371119953"/>
  <nd ref="5371119954"/>
  <nd ref="5371119955"/>
  <nd ref="5371119956"/>
  <nd ref="5371119957"/>
  <nd ref="5371119958"/>
  <nd ref="5371119959"/>
  <nd ref="5371119960"/>
  <nd ref="5371119961"/>
  <nd ref="5371119962"/>
  <nd ref="5371119963"/>
  <nd ref="5371119964"/>
  <nd ref="5371119965"/>
  <nd ref="5371119966"/>
  <nd ref="5371119967"/>
  <nd ref="5371119935"/>
 </way>
 <way id="556845104" visible="true" version="2" changeset="189421606" timestamp="2026-09-22T21:44:18Z" user="Levisq" uid="24582906">
  <nd ref="5371119981"/>
  <nd ref="5371119982"/>
  <nd ref="5371119983"/>
  <nd ref="5371119984"/>
  <nd ref="5371119985"/>
  <nd ref="5371119986"/>
  <nd ref="5371119968"/>
  <nd ref="5371119969"/>
  <nd ref="5371119970"/>
  <nd ref="5371119975"/>
  <nd ref="5371119976"/>
  <nd ref="5371119977"/>
  <nd ref="5371119978"/>
  <nd ref="5371119979"/>
  <nd ref="5371119980"/>
  <nd ref="5371119971"/>
  <nd ref="5371119972"/>
  <nd ref="5371119973"/>
  <nd ref="5371119974"/>
  <nd ref="5371119981"/>
  <tag k="amenity" v="fast_food"/>
  <tag k="building" v="yes"/>
  <tag k="name" v="Quiosque do Helhão"/>
 </way>
 <way id="556850174" visible="true" version="1" changeset="55873220" timestamp="2018-01-29T21:14:15Z" user="Matias_Daniel" uid="7142955">
  <nd ref="5371172019"/>
  <nd ref="5371172020"/>
  <nd ref="5371172121"/>
  <nd ref="5371172019"/>
  <tag k="leisure" v="park"/>
  <tag k="name" v="Praça do Coreto do laguinho"/>
 </way>
 <way id="556850175" visible="true" version="1" changeset="55873220" timestamp="2018-01-29T21:14:15Z" user="Matias_Daniel" uid="7142955">
  <nd ref="5097178802"/>
  <nd ref="5264927443"/>
  <tag k="highway" v="footway"/>
 </way>
 <way id="556850176" visible="true" version="2" changeset="87001003" timestamp="2020-06-22T22:37:41Z" user="Pedro Serey" uid="11372350">
  <nd ref="5371172123"/>
  <nd ref="5371172122"/>
  <nd ref="7644626099"/>
  <nd ref="5264927442"/>
  <tag k="highway" v="footway"/>
 </way>
 <way id="556850177" visible="true" version="1" changeset="55873220" timestamp="2018-01-29T21:14:15Z" user="Matias_Daniel" uid="7142955">
  <nd ref="5371172125"/>
  <nd ref="5097178802"/>
  <tag k="bridge" v="yes"/>
  <tag k="highway" v="footway"/>
  <tag k="layer" v="1"/>
  <tag k="lit" v="yes"/>
 </way>
 <way id="556850178" visible="true" version="1" changeset="55873220" timestamp="2018-01-29T21:14:15Z" user="Matias_Daniel" uid="7142955">
  <nd ref="5371172125"/>
  <nd ref="5097178801"/>
  <tag k="highway" v="footway"/>
  <tag k="lit" v="yes"/>
 </way>
 <way id="556850179" visible="true" version="1" changeset="55873220" timestamp="2018-01-29T21:14:15Z" user="Matias_Daniel" uid="7142955">
  <nd ref="5264926692"/>
  <nd ref="5097194817"/>
  <tag k="highway" v="footway"/>
  <tag k="lit" v="no"/>
 </way>
 <way id="557630218" visible="true" version="1" changeset="55963178" timestamp="2018-02-01T11:40:04Z" user="jfelintonetto" uid="7357230">
  <nd ref="5377755751"/>
  <nd ref="5377755752"/>
  <nd ref="5377755753"/>
  <nd ref="5377755754"/>
  <nd ref="5377755751"/>
  <tag k="leisure" v="park"/>
  <tag k="name" v="Praça do Coreto da Reitoria"/>
 </way>
 <way id="558156749" visible="true" version="3" changeset="88726579" timestamp="2020-07-30T10:25:56Z" user="DnieperBasin" uid="10652829">
  <nd ref="5382219796"/>
  <nd ref="7769590116"/>
  <nd ref="7769590118"/>
  <nd ref="7769590117"/>
  <nd ref="5382219795"/>
  <tag k="highway" v="service"/>
  <tag k="oneway" v="yes"/>
  <tag k="service" v="parking_aisle"/>
 </way>
 <way id="559847188" visible="true" version="4" changeset="189421606" timestamp="2026-09-22T21:44:18Z" user="Levisq" uid="24582906">
  <nd ref="5257539204"/>
  <nd ref="5399072378"/>
  <nd ref="5399072379"/>
  <nd ref="5399072380"/>
  <nd ref="5399072381"/>
  <nd ref="5399072382"/>
  <nd ref="5399072383"/>
  <nd ref="5399072384"/>
  <nd ref="5399072385"/>
  <nd ref="5399072386"/>
  <nd ref="5399072397"/>
  <nd ref="5399072387"/>
  <nd ref="5399072388"/>
  <nd ref="5399072389"/>
  <nd ref="5265006592"/>
  <nd ref="5399072390"/>
  <nd ref="5399072391"/>
  <nd ref="5399072392"/>
  <nd ref="5399072393"/>
  <nd ref="5399072394"/>
  <nd ref="5399072395"/>
  <nd ref="5257539204"/>
  <tag k="intermittent" v="no"/>
  <tag k="name" v="Canal da UFCG"/>
  <tag k="natural" v="water"/>
  <tag k="salt" v="no"/>
  <tag k="water" v="canal"/>
 </way>
 <way id="561899038" visible="true" version="1" changeset="56428311" timestamp="2018-02-16T23:07:38Z" user="UsuárioPar" uid="367813">
  <nd ref="5268935699"/>
  <nd ref="5268935698"/>
  <tag k="highway" v="footway"/>
 </way>
 <way id="561899039" visible="true" version="2" changeset="163460422" timestamp="2025-03-10T21:09:22Z" user="Rodrigson" uid="22612012">
  <nd ref="5417477373"/>
  <nd ref="5097140855"/>
  <tag k="highway" v="footway"/>
  <tag k="surface" v="concrete"/>
 </way>
 <way id="583600165" visible="true" version="1" changeset="58426367" timestamp="2018-04-26T00:13:21Z" user="Matias_Daniel" uid="7142955">
  <nd ref="5268935705"/>
  <nd ref="5579445522"/>
  <tag k="highway" v="footway"/>
 </way>
 <way id="583600166" visible="true" version="2" changeset="88726216" timestamp="2020-07-30T10:20:10Z" user="DnieperBasin" uid="10652829">
  <nd ref="5579445523"/>
  <nd ref="5579445526"/>
  <nd ref="5579445528"/>
  <nd ref="5579445524"/>
  <nd ref="7769590111"/>
  <nd ref="7644626098"/>
  <tag k="highway" v="footway"/>
 </way>
 <way id="583600168" visible="true" version="1" changeset="58426367" timestamp="2018-04-26T00:13:21Z" user="Matias_Daniel" uid="7142955">
  <nd ref="5579445525"/>
  <nd ref="5579445526"/>
  <tag k="highway" v="footway"/>
 </way>
 <way id="583600169" visible="true" version="1" changeset="58426367" timestamp="2018-04-26T00:13:21Z" user="Matias_Daniel" uid="7142955">
  <nd ref="5579445527"/>
  <nd ref="5579445528"/>
  <tag k="highway" v="footway"/>
 </way>
 <way id="583600170" visible="true" version="1" changeset="58426367" timestamp="2018-04-26T00:13:21Z" user="Matias_Daniel" uid="7142955">
  <nd ref="5579445531"/>
  <nd ref="5579445532"/>
  <nd ref="5579445533"/>
  <nd ref="5579445534"/>
  <nd ref="5579445535"/>
  <nd ref="5579445536"/>
  <nd ref="5579445537"/>
  <nd ref="5579445538"/>
  <nd ref="5579445539"/>
  <nd ref="5579445540"/>
  <nd ref="5579445531"/>
  <tag k="amenity" v="parking"/>
 </way>
 <way id="595926332" visible="true" version="1" changeset="59698956" timestamp="2018-06-09T20:19:33Z" user="UsuárioPar" uid="367813">
  <nd ref="5678417724"/>
  <nd ref="5678417723"/>
  <nd ref="5678417722"/>
  <nd ref="5678417721"/>
  <nd ref="5678417724"/>
  <tag k="leisure" v="pitch"/>
  <tag k="source" v="Bing"/>
  <tag k="sport" v="soccer"/>
  <tag k="surface" v="dirt"/>
 </way>
 <way id="595926334" visible="true" version="1" changeset="59698956" timestamp="2018-06-09T20:19:33Z" user="UsuárioPar" uid="367813">
  <nd ref="5678417732"/>
  <nd ref="5678417731"/>
  <nd ref="5678417730"/>
  <nd ref="5678417729"/>
  <nd ref="5678417732"/>
  <tag k="leisure" v="pitch"/>
  <tag k="source" v="Bing"/>
  <tag k="sport" v="soccer"/>
  <tag k="surface" v="dirt"/>
 </way>
 <way id="612096876" visible="true" version="4" changeset="116309583" timestamp="2022-01-18T17:48:21Z" user="DressyPear4" uid="3984659">
  <nd ref="5794682302"/>
  <nd ref="5794682301"/>
  <nd ref="5794682300"/>
  <nd ref="5794682299"/>
  <nd ref="5794682298"/>
  <nd ref="5794682297"/>
  <nd ref="5794682296"/>
  <nd ref="5794682295"/>
  <nd ref="5794682294"/>
  <nd ref="5794682293"/>
  <nd ref="5794682292"/>
  <nd ref="5794682291"/>
  <nd ref="5794682290"/>
  <nd ref="5794682289"/>
  <nd ref="5794682288"/>
  <nd ref="5794682287"/>
  <nd ref="5794682286"/>
  <nd ref="5794682285"/>
  <nd ref="5794682284"/>
  <nd ref="5794682283"/>
  <nd ref="5794682282"/>
  <nd ref="5794682281"/>
  <nd ref="5794682280"/>
  <nd ref="5794682279"/>
  <nd ref="5794682278"/>
  <nd ref="5794682277"/>
  <nd ref="5794682276"/>
  <nd ref="5794682275"/>
  <nd ref="5794682274"/>
  <nd ref="5794682273"/>
  <nd ref="5794682272"/>
  <nd ref="5794682271"/>
  <nd ref="5794682270"/>
  <nd ref="5794682269"/>
  <nd ref="5794682268"/>
  <nd ref="5794682267"/>
  <nd ref="5794682266"/>
  <nd ref="5794682265"/>
  <nd ref="5794682264"/>
  <nd ref="5794682263"/>
  <nd ref="5794682262"/>
  <nd ref="5794682261"/>
  <nd ref="5794682260"/>
  <nd ref="5794682259"/>
  <nd ref="5794682258"/>
  <nd ref="5794682257"/>
  <nd ref="5794682256"/>
  <nd ref="5794682255"/>
  <nd ref="5794682254"/>
  <nd ref="5794682253"/>
  <nd ref="5794681852"/>
  <nd ref="5794681851"/>
  <nd ref="5794681850"/>
  <nd ref="5794681849"/>
  <nd ref="5794681848"/>
  <nd ref="5794681847"/>
  <nd ref="5794681846"/>
  <nd ref="5794681845"/>
  <nd ref="5794681844"/>
  <nd ref="5794681843"/>
  <nd ref="5794681842"/>
  <nd ref="5794681841"/>
  <nd ref="5794681840"/>
  <nd ref="5794681839"/>
  <nd ref="5794681838"/>
  <nd ref="5794681837"/>
  <nd ref="5794681836"/>
  <nd ref="5794681835"/>
  <nd ref="5794681834"/>
  <nd ref="5794681833"/>
  <nd ref="5794681832"/>
  <nd ref="5794681831"/>
  <nd ref="5794681830"/>
  <nd ref="5794681829"/>
  <nd ref="5794681828"/>
  <nd ref="5794681827"/>
  <nd ref="5794681826"/>
  <nd ref="5794681825"/>
  <nd ref="5794681824"/>
  <nd ref="5794681823"/>
  <nd ref="5794681822"/>
  <nd ref="5794681821"/>
  <nd ref="5794681820"/>
  <nd ref="5794681819"/>
  <nd ref="5794681818"/>
  <nd ref="5794681817"/>
  <nd ref="5794681816"/>
  <nd ref="5794681815"/>
  <nd ref="5794681814"/>
  <nd ref="5794681813"/>
  <nd ref="5794681809"/>
  <tag k="cables" v="3"/>
  <tag k="circuits" v="1"/>
  <tag k="description" v="LT Alto Branco/Bela Vista"/>
  <tag k="frequency" v="60"/>
  <tag k="operator" v="Energisa BO"/>
  <tag k="power" v="line"/>
  <tag k="voltage" v="69000"/>
  <tag k="wires" v="single"/>
 </way>
 <way id="666354824" visible="true" version="2" changeset="162639926" timestamp="2025-02-17T23:55:27Z" user="elmoneto" uid="1871742">
  <nd ref="3357860046"/>
  <nd ref="3357858474"/>
  <nd ref="3357858483"/>
  <nd ref="3357860401"/>
  <nd ref="3357860406"/>
  <nd ref="3357860443"/>
  <nd ref="3357860460"/>
  <nd ref="3357860470"/>
  <nd ref="3357860488"/>
  <nd ref="3357860601"/>
  <nd ref="3357860640"/>
  <nd ref="5345015169"/>
  <nd ref="3357860647"/>
  <nd ref="3357860670"/>
  <nd ref="3357860684"/>
  <nd ref="3357860795"/>
 </way>
 <way id="672356273" visible="true" version="1" changeset="67474697" timestamp="2019-02-22T17:47:51Z" user="JSilvaBR" uid="9454292">
  <nd ref="6296169404"/>
  <nd ref="6296169405"/>
  <nd ref="6296169406"/>
  <nd ref="6296169407"/>
  <nd ref="6296169408"/>
  <nd ref="6296169404"/>
  <tag k="leisure" v="park"/>
 </way>
 <way id="672356274" visible="true" version="1" changeset="67474697" timestamp="2019-02-22T17:47:51Z" user="JSilvaBR" uid="9454292">
  <nd ref="6296169410"/>
  <nd ref="6296169411"/>
  <nd ref="6296169412"/>
  <nd ref="6296169415"/>
  <nd ref="6296169416"/>
  <nd ref="6296169414"/>
  <nd ref="6296169413"/>
  <nd ref="6296169410"/>
  <tag k="building" v="yes"/>
  <tag k="name" v="Bloco CP2 (UFCG)"/>
 </way>
 <way id="672356275" visible="true" version="1" changeset="67474697" timestamp="2019-02-22T17:47:51Z" user="JSilvaBR" uid="9454292">
  <nd ref="6296169417"/>
  <nd ref="6296169418"/>
  <nd ref="6296169419"/>
  <nd ref="6296169420"/>
  <nd ref="6296169417"/>
  <tag k="building" v="yes"/>
  <tag k="name" v="IQuanta (UFCG)"/>
 </way>
 <way id="672358241" visible="true" version="1" changeset="67475137" timestamp="2019-02-22T18:02:45Z" user="JSilvaBR" uid="9454292">
  <nd ref="6296190468"/>
  <nd ref="6296190469"/>
  <nd ref="6296190472"/>
  <nd ref="6296190471"/>
  <nd ref="6296190470"/>
  <nd ref="6296190468"/>
  <tag k="building" v="yes"/>
 </way>
 <way id="672358242" visible="true" version="1" changeset="67475137" timestamp="2019-02-22T18:02:45Z" user="JSilvaBR" uid="9454292">
  <nd ref="6296190473"/>
  <nd ref="6296190474"/>
  <nd ref="6296190475"/>
  <nd ref="6296190476"/>
  <nd ref="6296190477"/>
  <nd ref="6296190478"/>
  <nd ref="6296190479"/>
  <nd ref="6296190480"/>
  <nd ref="6296190481"/>
  <nd ref="6296190482"/>
  <nd ref="6296190483"/>
  <nd ref="5083293560"/>
  <tag k="highway" v="footway"/>
 </way>
 <way id="672358243" visible="true" version="1" changeset="67475137" timestamp="2019-02-22T18:02:45Z" user="JSilvaBR" uid="9454292">
  <nd ref="6296190475"/>
  <nd ref="6296192686"/>
  <tag k="highway" v="footway"/>
 </way>
 <way id="672358244" visible="true" version="2" changeset="67493231" timestamp="2019-02-23T12:58:05Z" user="JSilvaBR" uid="9454292">
  <nd ref="6296192686"/>
  <nd ref="6296192688"/>
  <nd ref="5097140885"/>
  <tag k="highway" v="footway"/>
 </way>
 <way id="672358245" visible="true" version="1" changeset="67475137" timestamp="2019-02-22T18:02:45Z" user="JSilvaBR" uid="9454292">
  <nd ref="6296190482"/>
  <nd ref="6296192689"/>
  <tag k="highway" v="footway"/>
 </way>
 <way id="672484176" visible="true" version="1" changeset="67493231" timestamp="2019-02-23T12:58:04Z" user="JSilvaBR" uid="9454292">
  <nd ref="6297414847"/>
  <nd ref="6297414848"/>
  <nd ref="6297414849"/>
  <nd ref="6297414850"/>
  <nd ref="6297414847"/>
  <tag k="building" v="yes"/>
 </way>
 <way id="672484177" visible="true" version="1" changeset="67493231" timestamp="2019-02-23T12:58:04Z" user="JSilvaBR" uid="9454292">
  <nd ref="6297414851"/>
  <nd ref="6297414855"/>
  <nd ref="6297414852"/>
  <tag k="highway" v="footway"/>
 </way>
 <way id="672484178" visible="true" version="1" changeset="67493231" timestamp="2019-02-23T12:58:04Z" user="JSilvaBR" uid="9454292">
  <nd ref="6297414853"/>
  <nd ref="6297414854"/>
  <tag k="highway" v="footway"/>
 </way>
 <way id="672484179" visible="true" version="1" changeset="67493231" timestamp="2019-02-23T12:58:04Z" user="JSilvaBR" uid="9454292">
  <nd ref="6296192688"/>
  <nd ref="6297414855"/>
  <tag k="highway" v="footway"/>
 </way>
 <way id="672484180" visible="true" version="2" changeset="163460422" timestamp="2025-03-10T21:10:51Z" user="Rodrigson" uid="22612012">
  <nd ref="6297414855"/>
  <nd ref="6297414856"/>
  <nd ref="6297414857"/>
  <nd ref="6297414858"/>
  <tag k="highway" v="footway"/>
  <tag k="surface" v="concrete"/>
 </way>
 <way id="672484181" visible="true" version="2" changeset="163460422" timestamp="2025-03-10T21:11:00Z" user="Rodrigson" uid="22612012">
  <nd ref="6296190474"/>
  <nd ref="6297414859"/>
  <nd ref="6297414860"/>
  <nd ref="6297414861"/>
  <tag k="highway" v="footway"/>
  <tag k="surface" v="concrete"/>
 </way>
 <way id="675413827" visible="true" version="5" changeset="185052382" timestamp="2026-07-03T17:09:34Z" user="pedro_tharg" uid="12892614">
  <nd ref="6238802200"/>
  <nd ref="6325245683"/>
  <nd ref="6325245684"/>
  <nd ref="6325246085"/>
  <nd ref="6325246086"/>
  <nd ref="6325246087"/>
  <nd ref="6325246088"/>
  <nd ref="6325246089"/>
  <nd ref="6325246090"/>
  <nd ref="6325246091"/>
  <nd ref="6325246092"/>
  <nd ref="6325246093"/>
  <nd ref="6325246094"/>
  <nd ref="6325246095"/>
  <nd ref="6325246096"/>
  <nd ref="6325246097"/>
  <nd ref="6325246098"/>
  <nd ref="6325246099"/>
  <nd ref="6325246100"/>
  <nd ref="6325246101"/>
  <nd ref="6325246102"/>
  <nd ref="6325246103"/>
  <nd ref="6325246104"/>
  <nd ref="6325246105"/>
  <nd ref="6325246106"/>
  <nd ref="6325246107"/>
  <nd ref="6325246108"/>
  <nd ref="6325246109"/>
  <nd ref="6325246110"/>
  <nd ref="6325246111"/>
  <nd ref="6325246112"/>
  <nd ref="6325246113"/>
  <nd ref="6325246114"/>
  <nd ref="6325246115"/>
  <nd ref="6325246116"/>
  <nd ref="6325246117"/>
  <nd ref="6325246118"/>
  <nd ref="6325246119"/>
  <nd ref="6325246120"/>
  <nd ref="6325246121"/>
  <nd ref="6325246122"/>
  <nd ref="6325246123"/>
  <nd ref="6325246124"/>
  <nd ref="6325246125"/>
  <nd ref="6325246126"/>
  <nd ref="6325246127"/>
  <nd ref="6325246128"/>
  <nd ref="6325246129"/>
  <nd ref="6325246130"/>
  <nd ref="6325246131"/>
  <nd ref="2164366128"/>
  <nd ref="2164366151"/>
  <nd ref="6238802199"/>
  <nd ref="6238802202"/>
  <nd ref="6238802201"/>
  <nd ref="6238802200"/>
  <tag k="natural" v="wood"/>
 </way>
 <way id="675413829" visible="true" version="6" changeset="185054327" timestamp="2026-07-03T17:50:24Z" user="pedro_tharg" uid="12892614">
  <nd ref="6325246189"/>
  <nd ref="6325246190"/>
  <nd ref="6325246191"/>
  <nd ref="6325246192"/>
  <nd ref="6325246193"/>
  <nd ref="6325246309"/>
  <nd ref="6325246194"/>
  <nd ref="6325246195"/>
  <nd ref="6325246196"/>
  <nd ref="6325246197"/>
  <nd ref="6325246198"/>
  <nd ref="6325246199"/>
  <nd ref="6325246200"/>
  <nd ref="6325246201"/>
  <nd ref="6325246202"/>
  <nd ref="6325246203"/>
  <nd ref="6325246204"/>
  <nd ref="6325246205"/>
  <nd ref="6325246206"/>
  <nd ref="6325246207"/>
  <nd ref="6325246208"/>
  <nd ref="6325246209"/>
  <nd ref="6325246210"/>
  <nd ref="6325246211"/>
  <nd ref="6325246212"/>
  <nd ref="6325246213"/>
  <nd ref="6325246214"/>
  <nd ref="6325246215"/>
  <nd ref="6325246216"/>
  <nd ref="6325246217"/>
  <nd ref="6325246218"/>
  <nd ref="6325246219"/>
  <nd ref="6325246220"/>
  <nd ref="13986399866"/>
  <nd ref="13986486854"/>
  <nd ref="13986494117"/>
  <nd ref="13986494116"/>
  <nd ref="13986486853"/>
  <nd ref="6325246226"/>
  <nd ref="6325246227"/>
  <nd ref="6325246228"/>
  <nd ref="6325246229"/>
  <nd ref="6325246230"/>
  <nd ref="6325246231"/>
  <nd ref="6325246232"/>
  <nd ref="6325246233"/>
  <nd ref="6325246234"/>
  <nd ref="6325246235"/>
  <nd ref="6325246236"/>
  <nd ref="6325246237"/>
  <nd ref="6325246238"/>
  <nd ref="6325246239"/>
  <nd ref="6325246240"/>
  <nd ref="6325246241"/>
  <nd ref="6325246242"/>
  <nd ref="6325246243"/>
  <nd ref="6325246244"/>
  <nd ref="6325246245"/>
  <nd ref="6325246246"/>
  <nd ref="6325246247"/>
  <nd ref="6325246248"/>
  <nd ref="6325246249"/>
  <nd ref="6325246250"/>
  <nd ref="6325246251"/>
  <nd ref="6325246252"/>
  <nd ref="4522281822"/>
  <nd ref="4522281821"/>
  <nd ref="4522281820"/>
  <nd ref="4522281819"/>
  <nd ref="6325246259"/>
  <nd ref="4522281818"/>
  <nd ref="6325246143"/>
  <nd ref="6325246262"/>
  <nd ref="5344995896"/>
  <nd ref="6325246264"/>
  <nd ref="5344995897"/>
  <nd ref="6325246266"/>
  <nd ref="6325246267"/>
  <nd ref="4522281806"/>
  <nd ref="6325246269"/>
  <nd ref="6325246270"/>
  <nd ref="6325246271"/>
  <nd ref="6325246272"/>
  <nd ref="6325246273"/>
  <nd ref="6325246274"/>
  <nd ref="6325246275"/>
  <nd ref="6325246276"/>
  <nd ref="6325246277"/>
  <nd ref="6325246278"/>
  <nd ref="6325246279"/>
  <nd ref="6325246280"/>
  <nd ref="6325246281"/>
  <nd ref="6325246282"/>
  <nd ref="6325246283"/>
  <nd ref="6325246284"/>
  <nd ref="6325246285"/>
  <nd ref="6325246286"/>
  <nd ref="6325246287"/>
  <nd ref="6325246288"/>
  <nd ref="6325246289"/>
  <nd ref="6325246290"/>
  <nd ref="6325246291"/>
  <nd ref="6325246292"/>
  <nd ref="6325246293"/>
  <nd ref="6325246294"/>
  <nd ref="6325246295"/>
  <nd ref="6325246296"/>
  <nd ref="6325246297"/>
  <nd ref="6325246298"/>
  <nd ref="6325246299"/>
  <nd ref="6325246300"/>
  <nd ref="6325246301"/>
  <nd ref="6325246302"/>
  <nd ref="6325246303"/>
  <nd ref="6325246304"/>
  <nd ref="6325246305"/>
  <nd ref="6325246306"/>
  <nd ref="6325246307"/>
  <nd ref="6325246189"/>
  <tag k="description" v="Formação Savânica"/>
  <tag k="leaf_cycle" v="deciduous"/>
  <tag k="leaf_type" v="broadleaved"/>
  <tag k="natural" v="scrub"/>
  <tag k="source" v="MapBiomas2024"/>
  <tag k="source:description" v="MapBiomas"/>
 </way>
 <way id="692662499" visible="true" version="12" changeset="174657222" timestamp="2025-11-14T16:54:05Z" user="AnnaCatarina" uid="560578">
  <nd ref="13304982645"/>
  <nd ref="2432986632"/>
  <nd ref="1661579035"/>
  <nd ref="8490485537"/>
  <nd ref="1661579256"/>
  <nd ref="1661579038"/>
  <nd ref="1661579047"/>
  <nd ref="1661579330"/>
  <nd ref="2432986630"/>
  <nd ref="8490485536"/>
  <nd ref="1661579267"/>
  <nd ref="2432986629"/>
  <nd ref="1661579059"/>
  <nd ref="2432986628"/>
  <nd ref="8490485535"/>
  <nd ref="1661579050"/>
  <nd ref="2432986627"/>
  <nd ref="1661579282"/>
  <nd ref="1661579003"/>
  <nd ref="1661579042"/>
  <nd ref="2317287685"/>
  <nd ref="1661579249"/>
  <nd ref="1661579044"/>
  <nd ref="6587896597"/>
  <nd ref="1661579221"/>
  <nd ref="1662600574"/>
  <nd ref="1662600374"/>
  <nd ref="1662600558"/>
  <nd ref="1662600643"/>
  <nd ref="1662600592"/>
  <nd ref="1662600589"/>
  <nd ref="1662600556"/>
  <nd ref="8490485538"/>
  <nd ref="1662600562"/>
  <nd ref="1662600466"/>
  <nd ref="1662600425"/>
  <nd ref="1662600371"/>
  <nd ref="1662600430"/>
  <nd ref="1662600674"/>
  <nd ref="1662600422"/>
  <nd ref="1662600432"/>
  <nd ref="1662600551"/>
  <nd ref="13304982644"/>
  <nd ref="1662600612"/>
  <nd ref="1662600702"/>
  <nd ref="13304982643"/>
  <nd ref="1662600700"/>
  <nd ref="1662600505"/>
  <nd ref="1662600614"/>
  <nd ref="1662600517"/>
  <nd ref="1662600476"/>
  <nd ref="1662600513"/>
  <nd ref="1662600616"/>
  <nd ref="1662600363"/>
  <nd ref="1662600645"/>
  <nd ref="1662600387"/>
  <nd ref="1662600606"/>
  <nd ref="1662600381"/>
  <nd ref="1662600627"/>
  <nd ref="1662600670"/>
  <nd ref="1662600487"/>
  <nd ref="1662600648"/>
  <nd ref="1662600350"/>
  <nd ref="1662600390"/>
  <nd ref="1662600472"/>
  <nd ref="4811898410"/>
  <nd ref="1662600437"/>
  <nd ref="6585791796"/>
  <nd ref="1662600435"/>
  <nd ref="1662600590"/>
  <nd ref="1662600377"/>
  <nd ref="1662600617"/>
  <nd ref="1662600507"/>
  <nd ref="1662600607"/>
  <nd ref="1662600490"/>
  <nd ref="1662600544"/>
  <nd ref="6585791830"/>
  <nd ref="1662600652"/>
  <nd ref="1662600578"/>
  <nd ref="1662600698"/>
  <nd ref="1662600508"/>
  <nd ref="1662600678"/>
  <nd ref="1662600587"/>
  <nd ref="1662600610"/>
  <nd ref="1662600515"/>
  <nd ref="1662600680"/>
  <nd ref="1662600604"/>
  <nd ref="1662600706"/>
  <nd ref="1662600439"/>
  <nd ref="1662600433"/>
  <nd ref="1662600510"/>
  <nd ref="1662600637"/>
  <nd ref="1662600564"/>
  <nd ref="1662600583"/>
  <nd ref="1662600697"/>
  <nd ref="1662600484"/>
  <nd ref="1662600609"/>
  <nd ref="6585791826"/>
  <nd ref="1662600613"/>
  <nd ref="8490485540"/>
  <nd ref="6148728931"/>
  <nd ref="1662600441"/>
  <nd ref="1851337766"/>
  <nd ref="1851337768"/>
  <nd ref="7199765845"/>
  <nd ref="7205499191"/>
  <nd ref="1662600468"/>
  <nd ref="7205484982"/>
  <nd ref="2320730645"/>
  <nd ref="1662610018"/>
  <nd ref="6682323652"/>
  <tag k="check_date" v="2025-11-14"/>
  <tag k="construction:railway" v="light_rail"/>
  <tag k="electrified" v="no"/>
  <tag k="gauge" v="1000"/>
  <tag k="name" v="VLT de Campina Grande"/>
  <tag k="opening_date" v="2026-08"/>
  <tag k="railway" v="construction"/>
  <tag k="source" v="https://www.gov.br/transportes/pt-br/assuntos/noticias/2025/07/renan-filho-anuncia-primeiro-vlt-da-paraiba-e-vistoria-obra-que-vai-beneficiar-1-milhao-de-pessoas"/>
 </way>
 <way id="696153540" visible="true" version="2" changeset="89569671" timestamp="2020-08-18T10:52:33Z" user="DnieperBasin" uid="10652829">
  <nd ref="5083517739"/>
  <nd ref="5083517740"/>
  <nd ref="5083517749"/>
  <nd ref="5083517750"/>
  <nd ref="5083517751"/>
  <nd ref="5083517739"/>
  <tag k="building:part" v="university"/>
  <tag k="name" v="Laboratório de Sistemas de Informação - LSI"/>
 </way>
 <way id="709679623" visible="true" version="4" changeset="144102717" timestamp="2023-11-16T16:00:34Z" user="AlexandreCastro" uid="17376544">
  <nd ref="1851337248"/>
  <nd ref="1851337247"/>
  <nd ref="6465460026"/>
  <nd ref="687796375"/>
  <nd ref="6465460027"/>
  <nd ref="5264860027"/>
  <nd ref="1515991111"/>
  <tag k="alt_name" v="Rua Aprígio Veloso"/>
  <tag k="cycleway:left" v="lane"/>
  <tag k="highway" v="primary"/>
  <tag k="lanes" v="2"/>
  <tag k="lit" v="yes"/>
  <tag k="maxspeed" v="50"/>
  <tag k="name" v="Rua Rodrigues Alves"/>
  <tag k="oneway" v="yes"/>
  <tag k="source" v="GPS"/>
  <tag k="surface" v="asphalt"/>
 </way>
 <way id="709679624" visible="true" version="9" changeset="163823883" timestamp="2025-03-19T16:16:39Z" user="Rodrigson" uid="22612012">
  <nd ref="2433014702"/>
  <nd ref="7186963748"/>
  <nd ref="7186963749"/>
  <nd ref="1851337105"/>
  <nd ref="7186963750"/>
  <nd ref="7186963751"/>
  <nd ref="7186963752"/>
  <nd ref="7186963753"/>
  <nd ref="7186963754"/>
  <nd ref="1851337102"/>
  <tag k="cycleway:right" v="lane"/>
  <tag k="highway" v="residential"/>
  <tag k="lanes" v="2"/>
  <tag k="name" v="Rua Professora Lenier Sucupira Meira de Almeida"/>
  <tag k="surface" v="asphalt"/>
 </way>
 <way id="709679626" visible="true" version="1" changeset="72904355" timestamp="2019-08-01T15:19:49Z" user="mr_et" uid="9565107">
  <nd ref="324828852"/>
  <nd ref="5344935529"/>
  <tag k="alt_name" v="Avenida Dom Pedro Segundo"/>
  <tag k="highway" v="primary"/>
  <tag k="lit" v="yes"/>
  <tag k="name" v="Avenida Dom Pedro II"/>
  <tag k="oneway" v="yes"/>
  <tag k="surface" v="asphalt"/>
 </way>
 <way id="709679627" visible="true" version="8" changeset="170398331" timestamp="2025-08-13T16:22:30Z" user="Aralqum" uid="10935577">
  <nd ref="2317170211"/>
  <nd ref="4811800439"/>
  <nd ref="324828852"/>
  <tag k="alt_name" v="Avenida Dom Pedro Segundo;Rua Aprigio Veloso"/>
  <tag k="highway" v="primary"/>
  <tag k="lit" v="yes"/>
  <tag k="maxspeed" v="50"/>
  <tag k="name" v="Avenida Dom Pedro II"/>
  <tag k="oneway" v="yes"/>
  <tag k="surface" v="asphalt"/>
 </way>
 <way id="709679628" visible="true" version="6" changeset="170685457" timestamp="2025-08-19T18:11:14Z" user="GabrielaMal123" uid="18842165">
  <nd ref="1851337116"/>
  <nd ref="1851337120"/>
  <nd ref="7192344509"/>
  <nd ref="7192344510"/>
  <nd ref="7192344511"/>
  <nd ref="2447160361"/>
  <nd ref="7192344512"/>
  <nd ref="1851337130"/>
  <nd ref="7192344513"/>
  <nd ref="7192344514"/>
  <nd ref="1851337141"/>
  <nd ref="7192512304"/>
  <nd ref="7192344515"/>
  <nd ref="7192512305"/>
  <nd ref="7192344516"/>
  <nd ref="7192512306"/>
  <nd ref="1851337163"/>
  <nd ref="7192344517"/>
  <nd ref="7192344518"/>
  <nd ref="1851337187"/>
  <nd ref="7192344519"/>
  <nd ref="7192344520"/>
  <nd ref="5097331202"/>
  <nd ref="7192344521"/>
  <nd ref="1851337190"/>
  <nd ref="7192344522"/>
  <nd ref="2317200552"/>
  <nd ref="7192344523"/>
  <nd ref="7192344524"/>
  <nd ref="2317200557"/>
  <nd ref="7192344525"/>
  <nd ref="7192344526"/>
  <nd ref="1851337205"/>
  <nd ref="7192344527"/>
  <nd ref="7192344528"/>
  <nd ref="5345015170"/>
  <nd ref="7192344529"/>
  <nd ref="7192344530"/>
  <nd ref="7192344531"/>
  <nd ref="1851337210"/>
  <tag k="alt_name" v="Rua Vinte e Sete de Julho"/>
  <tag k="highway" v="tertiary"/>
  <tag k="lanes" v="2"/>
  <tag k="maxspeed" v="40"/>
  <tag k="name" v="Rua 27 de Julho"/>
  <tag k="surface" v="asphalt"/>
 </way>
 <way id="751508150" visible="true" version="7" changeset="163823857" timestamp="2025-03-19T16:17:42Z" user="Rodrigson" uid="22612012">
  <nd ref="9420382340"/>
  <nd ref="2317182353"/>
  <nd ref="9420382338"/>
  <nd ref="9420382341"/>
  <nd ref="9420382342"/>
  <nd ref="9420382343"/>
  <tag k="cycleway:left" v="lane"/>
  <tag k="highway" v="residential"/>
  <tag k="name" v="Rua Inalda Meira Gayoso"/>
  <tag k="source" v="Bing"/>
  <tag k="surface" v="asphalt"/>
 </way>
 <way id="763941877" visible="true" version="7" changeset="163823883" timestamp="2025-03-19T16:16:12Z" user="Rodrigson" uid="22612012">
  <nd ref="1851337104"/>
  <nd ref="7186963762"/>
  <tag k="cycleway:right" v="lane"/>
  <tag k="highway" v="residential"/>
  <tag k="lane_markings" v="no"/>
  <tag k="name" v="Rua Professora Lenier Sucupira Meira de Almeida"/>
  <tag k="surface" v="asphalt"/>
 </way>
 <way id="832187097" visible="true" version="2" changeset="89569671" timestamp="2020-08-18T10:52:33Z" user="DnieperBasin" uid="10652829">
  <nd ref="7769590116"/>
  <nd ref="5382219793"/>
  <tag k="highway" v="service"/>
  <tag k="oneway" v="yes"/>
  <tag k="service" v="parking_aisle"/>
 </way>
 <way id="832188593" visible="true" version="2" changeset="163460051" timestamp="2025-03-10T21:09:01Z" user="Rodrigson" uid="22612012">
  <nd ref="7769609775"/>
  <nd ref="7769609774"/>
  <tag k="highway" v="service"/>
  <tag k="service" v="parking_aisle"/>
  <tag k="surface" v="sett"/>
 </way>
 <way id="838174372" visible="true" version="1" changeset="89569671" timestamp="2020-08-18T10:52:33Z" user="DnieperBasin" uid="10652829">
  <nd ref="7822838336"/>
  <nd ref="7822838335"/>
  <nd ref="7822838334"/>
  <nd ref="7822838333"/>
  <nd ref="7822838332"/>
  <nd ref="7822838331"/>
  <nd ref="7822838330"/>
  <tag k="highway" v="service"/>
  <tag k="service" v="parking_aisle"/>
 </way>
 <way id="838174373" visible="true" version="1" changeset="89569671" timestamp="2020-08-18T10:52:33Z" user="DnieperBasin" uid="10652829">
  <nd ref="7822838339"/>
  <nd ref="7822838338"/>
  <tag k="highway" v="service"/>
  <tag k="service" v="parking_aisle"/>
 </way>
 <way id="838174374" visible="true" version="1" changeset="89569671" timestamp="2020-08-18T10:52:33Z" user="DnieperBasin" uid="10652829">
  <nd ref="7822838341"/>
  <nd ref="7822838340"/>
  <tag k="highway" v="service"/>
  <tag k="service" v="parking_aisle"/>
 </way>
 <way id="838174375" visible="true" version="1" changeset="89569671" timestamp="2020-08-18T10:52:33Z" user="DnieperBasin" uid="10652829">
  <nd ref="7822838345"/>
  <nd ref="7822838344"/>
  <nd ref="7822838343"/>
  <nd ref="7822838342"/>
  <nd ref="7822838340"/>
  <nd ref="7822838339"/>
  <nd ref="5257730617"/>
  <tag k="highway" v="service"/>
  <tag k="service" v="parking_aisle"/>
 </way>
 <way id="838181321" visible="true" version="1" changeset="89571200" timestamp="2020-08-18T11:18:41Z" user="DnieperBasin" uid="10652829">
  <nd ref="7822887942"/>
  <nd ref="5264927445"/>
  <tag k="highway" v="footway"/>
 </way>
 <way id="838181322" visible="true" version="1" changeset="89571200" timestamp="2020-08-18T11:18:41Z" user="DnieperBasin" uid="10652829">
  <nd ref="7822887941"/>
  <nd ref="7822887942"/>
  <tag k="covered" v="yes"/>
  <tag k="highway" v="footway"/>
 </way>
 <way id="901209362" visible="true" version="3" changeset="144102717" timestamp="2023-11-16T16:00:34Z" user="AlexandreCastro" uid="17376544">
  <nd ref="1851337102"/>
  <nd ref="7186963755"/>
  <nd ref="7186963756"/>
  <nd ref="7186963757"/>
  <nd ref="1851337104"/>
  <tag k="cycleway:right" v="lane"/>
  <tag k="highway" v="residential"/>
 </way>
 <way id="901209363" visible="true" version="4" changeset="144102717" timestamp="2023-11-16T16:00:34Z" user="AlexandreCastro" uid="17376544">
  <nd ref="9204780532"/>
  <nd ref="9204780530"/>
  <nd ref="1851337102"/>
  <tag k="cycleway:right" v="lane"/>
  <tag k="highway" v="residential"/>
 </way>
 <way id="901209364" visible="true" version="5" changeset="153276766" timestamp="2024-06-28T06:34:17Z" user="LakeTaupo" uid="20681087">
  <nd ref="9420382343"/>
  <nd ref="12016431891"/>
  <nd ref="12016431888"/>
  <nd ref="12016431889"/>
  <nd ref="12016431890"/>
  <nd ref="12016431892"/>
  <nd ref="2433014702"/>
  <tag k="highway" v="residential"/>
  <tag k="name" v="Rua Inalda Meira Gayoso"/>
  <tag k="oneway" v="yes"/>
 </way>
 <way id="901209365" visible="true" version="3" changeset="140829827" timestamp="2023-09-05T04:14:36Z" user="Solheimajokull" uid="10334725">
  <nd ref="6587896608"/>
  <nd ref="8372013225"/>
  <nd ref="8490485538"/>
  <nd ref="7183688742"/>
  <tag k="highway" v="path"/>
 </way>
 <way id="997291274" visible="true" version="1" changeset="113100526" timestamp="2021-10-28T22:57:06Z" user="andrewamaro" uid="9089009">
  <nd ref="9208686349"/>
  <nd ref="9208686350"/>
  <nd ref="9208686351"/>
  <nd ref="9208686352"/>
  <nd ref="9208686349"/>
  <tag k="building" v="house"/>
 </way>
 <way id="997291275" visible="true" version="1" changeset="113100526" timestamp="2021-10-28T22:57:06Z" user="andrewamaro" uid="9089009">
  <nd ref="9208686353"/>
  <nd ref="9208686354"/>
  <nd ref="9208686355"/>
  <nd ref="9208686356"/>
  <nd ref="9208686353"/>
  <tag k="building" v="house"/>
 </way>
 <way id="999504468" visible="true" version="4" changeset="163450838" timestamp="2025-03-10T16:44:41Z" user="Rodrigson" uid="22612012">
  <nd ref="1851337112"/>
  <nd ref="9420382344"/>
  <nd ref="9227006244"/>
  <nd ref="9227006243"/>
  <nd ref="12016431887"/>
  <nd ref="9420382343"/>
  <tag k="highway" v="residential"/>
  <tag k="name" v="Rua Inalda Meira Gayoso"/>
  <tag k="oneway" v="yes"/>
  <tag k="surface" v="asphalt"/>
 </way>
 <way id="1021407327" visible="true" version="4" changeset="163823883" timestamp="2025-03-19T16:16:08Z" user="Rodrigson" uid="22612012">
  <nd ref="7186963762"/>
  <nd ref="7186963763"/>
  <nd ref="7186963764"/>
  <nd ref="7186963765"/>
  <nd ref="1851337116"/>
  <tag k="highway" v="residential"/>
  <tag k="lane_markings" v="no"/>
  <tag k="name" v="Rua Professora Lenier Sucupira Meira de Almeida"/>
  <tag k="surface" v="asphalt"/>
 </way>
 <way id="1195620822" visible="true" version="1" changeset="139568816" timestamp="2023-08-07T14:40:39Z" user="Raphaelkaart" uid="12468685">
  <nd ref="11097210963"/>
  <nd ref="11097210964"/>
  <nd ref="11097210965"/>
  <nd ref="11097210966"/>
  <nd ref="11097210967"/>
  <nd ref="11097210968"/>
  <nd ref="11097210969"/>
  <nd ref="11097210970"/>
  <nd ref="11097210971"/>
  <nd ref="11097210972"/>
  <nd ref="11097210973"/>
  <nd ref="11097210974"/>
  <nd ref="11097210975"/>
  <nd ref="11097210976"/>
  <nd ref="11097210977"/>
  <nd ref="11097210978"/>
  <nd ref="11097210979"/>
  <nd ref="11097210980"/>
  <nd ref="11097210981"/>
  <nd ref="11097210982"/>
  <nd ref="11097210983"/>
  <nd ref="11097210963"/>
  <tag k="landuse" v="grass"/>
 </way>
 <way id="1195671006" visible="true" version="1" changeset="139577206" timestamp="2023-08-07T17:53:34Z" user="Raphaelkaart" uid="12468685">
  <nd ref="11097593949"/>
  <nd ref="11097593950"/>
  <nd ref="11097593951"/>
  <nd ref="11097593952"/>
  <nd ref="11097593953"/>
  <nd ref="11097593954"/>
  <nd ref="5282977569"/>
  <nd ref="5282977570"/>
  <nd ref="11097593955"/>
  <nd ref="5678417720"/>
  <nd ref="11097593956"/>
  <nd ref="11097593957"/>
  <nd ref="11097593958"/>
  <nd ref="11097593949"/>
  <tag k="landuse" v="grass"/>
 </way>
 <way id="1205115097" visible="true" version="2" changeset="178077903" timestamp="2026-02-04T05:23:59Z" user="AbbasiaCanal" uid="22557379">
  <nd ref="11168754911"/>
  <nd ref="11168754909"/>
  <nd ref="11168754908"/>
  <nd ref="2320730614"/>
  <tag k="highway" v="residential"/>
 </way>
 <way id="1224496602" visible="true" version="4" changeset="175542178" timestamp="2025-12-05T10:53:11Z" user="LakeThingvalla" uid="22048964">
  <nd ref="5344935529"/>
  <nd ref="13355279547"/>
  <nd ref="1851337221"/>
  <tag k="cycleway:left" v="lane"/>
  <tag k="highway" v="secondary"/>
  <tag k="lanes" v="2"/>
  <tag k="lit" v="yes"/>
  <tag k="maxspeed" v="50"/>
  <tag k="name" v="Rua Silva Barbosa"/>
  <tag k="surface" v="asphalt"/>
 </way>
 <way id="1224496603" visible="true" version="4" changeset="163823883" timestamp="2025-03-19T16:16:58Z" user="Rodrigson" uid="22612012">
  <nd ref="2433014702"/>
  <nd ref="7186963747"/>
  <nd ref="12016431880"/>
  <nd ref="1851337109"/>
  <nd ref="7186963746"/>
  <nd ref="7186963745"/>
  <nd ref="5097140868"/>
  <nd ref="7186963744"/>
  <nd ref="1851337112"/>
  <tag k="highway" v="residential"/>
  <tag k="lanes" v="2"/>
  <tag k="name" v="Rua Lenier Sucupira Meira de Almeida"/>
  <tag k="oneway" v="yes"/>
  <tag k="surface" v="asphalt"/>
 </way>
 <way id="1296800106" visible="true" version="1" changeset="153276766" timestamp="2024-06-28T06:34:17Z" user="LakeTaupo" uid="20681087">
  <nd ref="12016431890"/>
  <nd ref="12016431882"/>
  <nd ref="12016431881"/>
  <nd ref="12016431880"/>
  <tag k="highway" v="residential"/>
  <tag k="oneway" v="yes"/>
 </way>
 <way id="1296800107" visible="true" version="1" changeset="153276766" timestamp="2024-06-28T06:34:17Z" user="LakeTaupo" uid="20681087">
  <nd ref="12016431887"/>
  <nd ref="12016431884"/>
  <nd ref="12016431883"/>
  <nd ref="12016431891"/>
  <tag k="highway" v="residential"/>
  <tag k="oneway" v="yes"/>
 </way>
 <way id="1296800108" visible="true" version="1" changeset="153276766" timestamp="2024-06-28T06:34:17Z" user="LakeTaupo" uid="20681087">
  <nd ref="7186963744"/>
  <nd ref="12016431886"/>
  <nd ref="12016431885"/>
  <nd ref="9420382344"/>
  <tag k="highway" v="residential"/>
  <tag k="oneway" v="yes"/>
 </way>
 <way id="1360761694" visible="true" version="2" changeset="170398331" timestamp="2025-08-13T16:22:30Z" user="Aralqum" uid="10935577">
  <nd ref="4811800437"/>
  <nd ref="3700162928"/>
  <nd ref="2317200609"/>
  <nd ref="5344935526"/>
  <nd ref="5344935527"/>
  <tag k="alt_name" v="Avenida Capitão João Alves Lira"/>
  <tag k="highway" v="residential"/>
  <tag k="lanes" v="3"/>
  <tag k="name" v="Rua Capitão João Alves de Lira"/>
  <tag k="surface" v="asphalt"/>
 </way>
 <way id="1360761738" visible="true" version="1" changeset="162639926" timestamp="2025-02-17T23:55:27Z" user="elmoneto" uid="1871742">
  <nd ref="1429034876"/>
  <nd ref="11097210984"/>
  <tag k="highway" v="primary_link"/>
  <tag k="lanes" v="1"/>
  <tag k="oneway" v="yes"/>
  <tag k="surface" v="asphalt"/>
 </way>
 <way id="1360761739" visible="true" version="1" changeset="162639926" timestamp="2025-02-17T23:55:27Z" user="elmoneto" uid="1871742">
  <nd ref="6585791781"/>
  <nd ref="2997053149"/>
  <nd ref="12597093112"/>
  <nd ref="12597093111"/>
  <nd ref="12597093110"/>
  <nd ref="12597093109"/>
  <nd ref="11097210984"/>
 </way>
 <way id="1360761761" visible="true" version="3" changeset="170398331" timestamp="2025-08-13T16:22:30Z" user="Aralqum" uid="10935577">
  <nd ref="1851337221"/>
  <nd ref="13069358334"/>
  <nd ref="13069358333"/>
  <nd ref="2317170200"/>
  <tag k="highway" v="secondary"/>
  <tag k="lanes" v="2"/>
  <tag k="lit" v="yes"/>
  <tag k="maxspeed" v="50"/>
  <tag k="name" v="Rua Silva Barbosa"/>
  <tag k="surface" v="asphalt"/>
 </way>
 <way id="1360761762" visible="true" version="1" changeset="162639926" timestamp="2025-02-17T23:55:27Z" user="elmoneto" uid="1871742">
  <nd ref="7183688741"/>
  <nd ref="4811800431"/>
  <nd ref="7183688742"/>
  <nd ref="7183688743"/>
  <nd ref="7183688744"/>
  <nd ref="1851337116"/>
  <tag k="alt_name" v="Rua 27 de Julho; Avenida Vinte e Sete de Julho; Rua Vinte e Sete de Julho"/>
  <tag k="highway" v="tertiary"/>
  <tag k="name" v="Avenida 27 de Julho"/>
 </way>
 <way id="1363635577" visible="true" version="1" changeset="163062630" timestamp="2025-02-28T17:25:56Z" user="LakeManapouri" uid="21827456">
  <nd ref="12626147101"/>
  <nd ref="12626103300"/>
  <nd ref="12626103299"/>
  <nd ref="12626103298"/>
  <tag k="highway" v="service"/>
 </way>
 <way id="1363635578" visible="true" version="1" changeset="163062630" timestamp="2025-02-28T17:25:56Z" user="LakeManapouri" uid="21827456">
  <nd ref="5344935526"/>
  <nd ref="12626147106"/>
  <nd ref="12626147101"/>
  <nd ref="12626147105"/>
  <nd ref="12626147104"/>
  <nd ref="12626147103"/>
  <nd ref="12626147102"/>
  <tag k="highway" v="service"/>
 </way>
 <way id="1422120384" visible="true" version="1" changeset="170398331" timestamp="2025-08-13T16:22:30Z" user="Aralqum" uid="10935577">
  <nd ref="6587886253"/>
  <nd ref="5344935527"/>
  <nd ref="5344935529"/>
  <tag k="cycleway:left" v="lane"/>
  <tag k="highway" v="primary"/>
  <tag k="lanes" v="2"/>
  <tag k="lit" v="yes"/>
  <tag k="maxspeed" v="50"/>
  <tag k="name" v="Rua Silva Barbosa"/>
  <tag k="surface" v="asphalt"/>
 </way>
 <way id="1422120385" visible="true" version="1" changeset="170398331" timestamp="2025-08-13T16:22:30Z" user="Aralqum" uid="10935577">
  <nd ref="13069358333"/>
  <nd ref="13069358329"/>
  <nd ref="13069358330"/>
  <nd ref="13069358331"/>
  <nd ref="13069358332"/>
  <tag k="highway" v="secondary_link"/>
  <tag k="oneway" v="yes"/>
 </way>
 <way id="1422120386" visible="true" version="1" changeset="170398331" timestamp="2025-08-13T16:22:30Z" user="Aralqum" uid="10935577">
  <nd ref="2317170191"/>
  <nd ref="1851337221"/>
  <tag k="cycleway:right" v="lane"/>
  <tag k="highway" v="residential"/>
  <tag k="name" v="Rua Lenier Sucupira Meira de Almeida"/>
  <tag k="oneway" v="yes"/>
 </way>
 <way id="1422120387" visible="true" version="1" changeset="170398331" timestamp="2025-08-13T16:22:30Z" user="Aralqum" uid="10935577">
  <nd ref="13069358334"/>
  <nd ref="13069358332"/>
  <nd ref="2317170191"/>
  <tag k="highway" v="residential"/>
  <tag k="name" v="Rua Lenier Sucupira Meira de Almeida"/>
  <tag k="oneway" v="yes"/>
 </way>
 <way id="1456229011" visible="true" version="1" changeset="175542178" timestamp="2025-12-05T10:53:11Z" user="LakeThingvalla" uid="22048964">
  <nd ref="13355279547"/>
  <nd ref="4811800439"/>
  <tag k="highway" v="service"/>
 </way>
 <way id="1474061042" visible="true" version="1" changeset="178077903" timestamp="2026-02-04T05:23:59Z" user="AbbasiaCanal" uid="22557379">
  <nd ref="11168754911"/>
  <nd ref="13523386027"/>
  <nd ref="13523386033"/>
  <nd ref="13523386028"/>
  <nd ref="13523386032"/>
  <nd ref="13523386031"/>
  <nd ref="13523386030"/>
  <nd ref="13523386029"/>
  <nd ref="2317200528"/>
  <tag k="highway" v="residential"/>
 </way>
 <way id="1561459019" visible="true" version="1" changeset="189421606" timestamp="2026-09-22T21:44:18Z" user="Levisq" uid="24582906">
  <nd ref="14207825268"/>
  <nd ref="14207825269"/>
  <nd ref="5579445538"/>
  <nd ref="14207825270"/>
  <nd ref="14207825268"/>
  <tag k="building" v="yes"/>
  <tag k="name" v="Bloco CW2 (UFCG)"/>
 </way>
 <way id="1561459020" visible="true" version="1" changeset="189421606" timestamp="2026-09-22T21:44:18Z" user="Levisq" uid="24582906">
  <nd ref="6296190474"/>
  <nd ref="14207825271"/>
  <nd ref="14207825272"/>
  <nd ref="14207825274"/>
  <nd ref="14207825273"/>
  <tag k="highway" v="footway"/>
  <tag k="surface" v="concrete"/>
 </way>
 <way id="1561459021" visible="true" version="1" changeset="189421606" timestamp="2026-09-22T21:44:18Z" user="Levisq" uid="24582906">
  <nd ref="14207825275"/>
  <nd ref="14207825276"/>
  <nd ref="14207825277"/>
  <nd ref="14207825273"/>
  <nd ref="14207825278"/>
  <nd ref="14207825288"/>
  <nd ref="14207825279"/>
  <tag k="highway" v="footway"/>
  <tag k="surface" v="concrete"/>
 </way>
 <way id="1561459022" visible="true" version="1" changeset="189421606" timestamp="2026-09-22T21:44:18Z" user="Levisq" uid="24582906">
  <nd ref="14207825280"/>
  <nd ref="6296190478"/>
  <tag k="highway" v="footway"/>
 </way>
 <way id="1561459023" visible="true" version="1" changeset="189421606" timestamp="2026-09-22T21:44:18Z" user="Levisq" uid="24582906">
  <nd ref="14207825281"/>
  <nd ref="14207825290"/>
  <nd ref="14207825289"/>
  <nd ref="14207825279"/>
  <nd ref="14207825280"/>
  <tag k="highway" v="footway"/>
 </way>
 <way id="1561459024" visible="true" version="2" changeset="189521279" timestamp="2026-09-25T00:21:23Z" user="Levisq" uid="24582906">
  <nd ref="14207825282"/>
  <nd ref="14213176253"/>
  <nd ref="14213176252"/>
  <nd ref="14213176251"/>
  <nd ref="14207825287"/>
  <nd ref="5265006592"/>
  <nd ref="14207825286"/>
  <nd ref="14207825283"/>
  <nd ref="14207825284"/>
  <nd ref="14207825285"/>
  <tag k="highway" v="footway"/>
 </way>
 <way id="1561459025" visible="true" version="1" changeset="189421606" timestamp="2026-09-22T21:44:18Z" user="Levisq" uid="24582906">
  <nd ref="14207825286"/>
  <nd ref="14207825287"/>
  <tag k="bridge" v="yes"/>
  <tag k="highway" v="footway"/>
  <tag k="layer" v="1"/>
  <tag k="lit" v="yes"/>
 </way>
 <relation id="2152201" visible="true" version="89" changeset="174657222" timestamp="2025-11-14T16:54:05Z" user="AnnaCatarina" uid="560578">
  <member type="node" ref="1733653774" role=""/>
  <member type="node" ref="1798496550" role=""/>
  <member type="way" ref="157909037" role=""/>
  <member type="way" ref="157909051" role=""/>
  <member type="way" ref="157911599" role=""/>
  <member type="way" ref="157911600" role=""/>
  <member type="way" ref="157911598" role=""/>
  <member type="way" ref="157911602" role=""/>
  <member type="way" ref="157911597" role=""/>
  <member type="way" ref="157911601" role=""/>
  <member type="way" ref="157956248" role=""/>
  <member type="way" ref="157956267" role=""/>
  <member type="way" ref="157956270" role=""/>
  <member type="way" ref="157956268" role=""/>
  <member type="way" ref="157956272" role=""/>
  <member type="way" ref="157956264" role=""/>
  <member type="way" ref="157956275" role=""/>
  <member type="way" ref="157956261" role=""/>
  <member type="way" ref="436478861" role=""/>
  <member type="way" ref="157956255" role=""/>
  <member type="way" ref="908974339" role=""/>
  <member type="way" ref="908974338" role=""/>
  <member type="way" ref="157956262" role=""/>
  <member type="way" ref="157931248" role=""/>
  <member type="way" ref="175820772" role=""/>
  <member type="way" ref="436478860" role=""/>
  <member type="way" ref="292653462" role=""/>
  <member type="way" ref="175820769" role=""/>
  <member type="way" ref="175820775" role=""/>
  <member type="way" ref="404613287" role=""/>
  <member type="way" ref="759897533" role=""/>
  <member type="way" ref="759897534" role=""/>
  <member type="way" ref="404613283" role=""/>
  <member type="way" ref="131119493" role=""/>
  <member type="way" ref="161488006" role=""/>
  <member type="way" ref="161488007" role=""/>
  <member type="way" ref="175083894" role=""/>
  <member type="way" ref="419589750" role=""/>
  <member type="way" ref="721045287" role=""/>
  <member type="way" ref="721045288" role=""/>
  <member type="way" ref="721045284" role=""/>
  <member type="way" ref="721045285" role=""/>
  <member type="way" ref="721045303" role=""/>
  <member type="way" ref="721045302" role=""/>
  <member type="way" ref="721045304" role=""/>
  <member type="way" ref="721045305" role=""/>
  <member type="way" ref="721045308" role=""/>
  <member type="way" ref="721045307" role=""/>
  <member type="way" ref="419589749" role=""/>
  <member type="way" ref="175083895" role=""/>
  <member type="way" ref="233003287" role=""/>
  <member type="way" ref="426935756" role=""/>
  <member type="way" ref="426935755" role=""/>
  <member type="way" ref="426935754" role=""/>
  <member type="way" ref="426935753" role=""/>
  <member type="way" ref="233003286" role=""/>
  <member type="way" ref="1320878333" role=""/>
  <member type="way" ref="1320878332" role=""/>
  <member type="way" ref="612067488" role=""/>
  <member type="way" ref="612067497" role=""/>
  <member type="way" ref="233758653" role=""/>
  <member type="way" ref="233758651" role=""/>
  <member type="way" ref="800481845" role=""/>
  <member type="way" ref="800481846" role=""/>
  <member type="way" ref="441854200" role=""/>
  <member type="way" ref="441854201" role=""/>
  <member type="way" ref="232811678" role=""/>
  <member type="way" ref="400680489" role=""/>
  <member type="way" ref="430667024" role=""/>
  <member type="way" ref="430667028" role=""/>
  <member type="way" ref="857611560" role=""/>
  <member type="way" ref="1100730554" role=""/>
  <member type="way" ref="1100730555" role=""/>
  <member type="way" ref="430667026" role=""/>
  <member type="way" ref="430667023" role=""/>
  <member type="way" ref="430667027" role=""/>
  <member type="way" ref="430667030" role=""/>
  <member type="way" ref="430667025" role=""/>
  <member type="way" ref="43041946" role=""/>
  <member type="way" ref="430667029" role=""/>
  <member type="way" ref="161486469" role=""/>
  <member type="way" ref="161486462" role=""/>
  <member type="way" ref="1215187179" role=""/>
  <member type="way" ref="1215187178" role=""/>
  <member type="way" ref="910308588" role=""/>
  <member type="way" ref="910308587" role=""/>
  <member type="way" ref="485157748" role=""/>
  <member type="way" ref="910308591" role=""/>
  <member type="way" ref="910308592" role=""/>
  <member type="way" ref="485157749" role=""/>
  <member type="way" ref="443998671" role=""/>
  <member type="way" ref="233687781" role=""/>
  <member type="way" ref="1218089959" role=""/>
  <member type="way" ref="233687780" role=""/>
  <member type="way" ref="1218056531" role=""/>
  <member type="way" ref="168949772" role=""/>
  <member type="way" ref="909858810" role=""/>
  <member type="way" ref="909858811" role=""/>
  <member type="way" ref="168949771" role=""/>
  <member type="way" ref="910308594" role=""/>
  <member type="way" ref="910308593" role=""/>
  <member type="way" ref="605359445" role=""/>
  <member type="way" ref="605359446" role=""/>
  <member type="way" ref="605359447" role=""/>
  <member type="way" ref="605359448" role=""/>
  <member type="way" ref="294439081" role=""/>
  <member type="way" ref="910308589" role=""/>
  <member type="way" ref="910308590" role=""/>
  <member type="way" ref="294439083" role=""/>
  <member type="way" ref="704384041" role=""/>
  <member type="way" ref="704384042" role=""/>
  <member type="way" ref="240334362" role=""/>
  <member type="way" ref="240334363" role=""/>
  <member type="way" ref="240334361" role=""/>
  <member type="way" ref="240334360" role=""/>
  <member type="way" ref="240334358" role=""/>
  <member type="way" ref="240334359" role=""/>
  <member type="way" ref="240334357" role=""/>
  <member type="way" ref="240334356" role=""/>
  <member type="way" ref="240334354" role=""/>
  <member type="way" ref="240334355" role=""/>
  <member type="way" ref="240334352" role=""/>
  <member type="way" ref="240334353" role=""/>
  <member type="way" ref="240334350" role=""/>
  <member type="way" ref="240334351" role=""/>
  <member type="way" ref="240334348" role=""/>
  <member type="way" ref="240334349" role=""/>
  <member type="way" ref="240334347" role=""/>
  <member type="way" ref="240334346" role=""/>
  <member type="way" ref="240327872" role=""/>
  <member type="way" ref="240327870" role=""/>
  <member type="way" ref="240327868" role=""/>
  <member type="way" ref="240327866" role=""/>
  <member type="way" ref="240327862" role=""/>
  <member type="way" ref="240327864" role=""/>
  <member type="way" ref="240327695" role=""/>
  <member type="way" ref="240327696" role=""/>
  <member type="way" ref="240327694" role=""/>
  <member type="way" ref="240327692" role=""/>
  <member type="way" ref="240327690" role=""/>
  <member type="way" ref="240327691" role=""/>
  <member type="way" ref="240327688" role=""/>
  <member type="way" ref="240327689" role=""/>
  <member type="way" ref="240327686" role=""/>
  <member type="way" ref="240327687" role=""/>
  <member type="way" ref="240327684" role=""/>
  <member type="way" ref="240327683" role=""/>
  <member type="way" ref="240327682" role=""/>
  <member type="way" ref="240327681" role=""/>
  <member type="way" ref="240327680" role=""/>
  <member type="way" ref="240327679" role=""/>
  <member type="way" ref="240327677" role=""/>
  <member type="way" ref="240327678" role=""/>
  <member type="way" ref="240327676" role=""/>
  <member type="way" ref="513406350" role=""/>
  <member type="way" ref="513406349" role=""/>
  <member type="way" ref="240327675" role=""/>
  <member type="way" ref="240327674" role=""/>
  <member type="way" ref="240327673" role=""/>
  <member type="way" ref="240327672" role=""/>
  <member type="way" ref="513378627" role=""/>
  <member type="way" ref="513378625" role=""/>
  <member type="way" ref="240327671" role=""/>
  <member type="way" ref="131122285" role=""/>
  <member type="way" ref="250255320" role=""/>
  <member type="way" ref="250255319" role=""/>
  <member type="way" ref="233813716" role=""/>
  <member type="way" ref="233813715" role=""/>
  <member type="way" ref="383358801" role=""/>
  <member type="way" ref="912530941" role=""/>
  <member type="way" ref="912530940" role=""/>
  <member type="way" ref="701136883" role=""/>
  <member type="way" ref="701136882" role=""/>
  <member type="way" ref="335303815" role=""/>
  <member type="way" ref="335303816" role=""/>
  <member type="way" ref="665722801" role=""/>
  <member type="way" ref="958202452" role=""/>
  <member type="way" ref="958202451" role=""/>
  <member type="way" ref="665895788" role=""/>
  <member type="way" ref="665895789" role=""/>
  <member type="way" ref="665895792" role=""/>
  <member type="way" ref="665895791" role=""/>
  <member type="way" ref="665895802" role=""/>
  <member type="way" ref="665895803" role=""/>
  <member type="way" ref="665722800" role=""/>
  <member type="way" ref="233813714" role=""/>
  <member type="way" ref="131122277" role=""/>
  <member type="way" ref="610596851" role=""/>
  <member type="way" ref="610596850" role=""/>
  <member type="way" ref="131122283" role=""/>
  <member type="way" ref="131122279" role=""/>
  <member type="way" ref="131122280" role=""/>
  <member type="way" ref="246254261" role=""/>
  <member type="way" ref="246254260" role=""/>
  <member type="way" ref="246254262" role=""/>
  <member type="way" ref="246254263" role=""/>
  <member type="way" ref="246254265" role=""/>
  <member type="way" ref="246254264" role=""/>
  <member type="way" ref="246254269" role=""/>
  <member type="way" ref="246254268" role=""/>
  <member type="way" ref="246254267" role=""/>
  <member type="way" ref="246254266" role=""/>
  <member type="way" ref="246254270" role=""/>
  <member type="way" ref="246254271" role=""/>
  <member type="way" ref="724402670" role=""/>
  <member type="way" ref="724402671" role=""/>
  <member type="way" ref="1450706596" role=""/>
  <member type="way" ref="692662499" role=""/>
  <member type="way" ref="1450706595" role=""/>
  <member type="way" ref="1361161173" role=""/>
  <member type="way" ref="1361161176" role=""/>
  <member type="way" ref="701472612" role=""/>
  <member type="way" ref="1361202055" role=""/>
  <member type="way" ref="701472611" role=""/>
  <member type="way" ref="325510168" role=""/>
  <member type="way" ref="1361202056" role=""/>
  <member type="way" ref="414611592" role=""/>
  <member type="way" ref="414611593" role=""/>
  <member type="way" ref="1361249616" role=""/>
  <member type="way" ref="1361258576" role=""/>
  <member type="way" ref="421699305" role=""/>
  <member type="way" ref="421699306" role=""/>
  <member type="way" ref="1450706593" role=""/>
  <member type="way" ref="421699304" role=""/>
  <member type="way" ref="1359418129" role=""/>
  <member type="way" ref="43041806" role=""/>
  <member type="way" ref="421699307" role=""/>
  <member type="way" ref="235233872" role=""/>
  <member type="way" ref="235234407" role=""/>
  <member type="way" ref="235234409" role=""/>
  <member type="way" ref="235235329" role=""/>
  <member type="way" ref="235235331" role=""/>
  <member type="way" ref="235237106" role=""/>
  <member type="way" ref="235237107" role=""/>
  <member type="way" ref="235238456" role=""/>
  <member type="way" ref="235238459" role=""/>
  <member type="way" ref="235238458" role=""/>
  <member type="way" ref="235238460" role=""/>
  <member type="way" ref="235238461" role=""/>
  <member type="way" ref="235238462" role=""/>
  <member type="way" ref="261566523" role=""/>
  <member type="way" ref="235238464" role=""/>
  <member type="way" ref="235238463" role=""/>
  <member type="way" ref="261703864" role=""/>
  <member type="way" ref="261704699" role=""/>
  <member type="way" ref="261701525" role=""/>
  <member type="way" ref="261641694" role=""/>
  <member type="way" ref="696715718" role=""/>
  <member type="way" ref="1200018132" role=""/>
  <member type="way" ref="696715717" role=""/>
  <member type="way" ref="1200018133" role=""/>
  <member type="way" ref="963788781" role=""/>
  <member type="way" ref="381408553" role=""/>
  <member type="way" ref="971252788" role=""/>
  <member type="way" ref="261641693" role=""/>
  <member type="way" ref="1200535919" role=""/>
  <member type="way" ref="963788784" role=""/>
  <member type="way" ref="963788783" role=""/>
  <tag k="name" v="Ramal de Campina Grande"/>
  <tag k="network" v="Ramal de Campina Grande"/>
  <tag k="operator" v="Transnordestina Logística S.A."/>
  <tag k="ref" v="EF-225"/>
  <tag k="route" v="railway"/>
  <tag k="type" v="route"/>
 </relation>
 <relation id="4601781" visible="true" version="13" changeset="182359598" timestamp="2026-05-07T22:54:42Z" user="raphaelmirc" uid="4102129">
  <member type="node" ref="2337752859" role="label"/>
  <member type="way" ref="769821255" role="outer"/>
  <member type="way" ref="1360761731" role="outer"/>
  <member type="way" ref="1360761730" role="outer"/>
  <member type="way" ref="223141035" role="outer"/>
  <member type="way" ref="1224474581" role="outer"/>
  <member type="way" ref="223141036" role="outer"/>
  <member type="way" ref="174445877" role="outer"/>
  <member type="way" ref="1360761729" role="outer"/>
  <member type="way" ref="1360761728" role="outer"/>
  <member type="way" ref="1360767249" role="outer"/>
  <member type="way" ref="236729261" role="outer"/>
  <member type="way" ref="454755746" role="outer"/>
  <member type="way" ref="1360767239" role="outer"/>
  <member type="way" ref="454755747" role="outer"/>
  <member type="way" ref="1360808681" role="outer"/>
  <member type="way" ref="454755748" role="outer"/>
  <member type="way" ref="1360808679" role="outer"/>
  <member type="way" ref="1360808678" role="outer"/>
  <member type="way" ref="1360804663" role="outer"/>
  <member type="way" ref="488907284" role="outer"/>
  <member type="way" ref="390503923" role="outer"/>
  <member type="way" ref="709514324" role="outer"/>
  <member type="way" ref="709499479" role="outer"/>
  <member type="way" ref="709499478" role="outer"/>
  <member type="way" ref="1360804665" role="outer"/>
  <member type="way" ref="701237948" role="outer"/>
  <member type="way" ref="738687406" role="outer"/>
  <member type="way" ref="1360804666" role="outer"/>
  <member type="way" ref="1360804667" role="outer"/>
  <member type="way" ref="222784177" role="outer"/>
  <member type="way" ref="1360804668" role="outer"/>
  <member type="way" ref="1360804669" role="outer"/>
  <member type="way" ref="1360808677" role="outer"/>
  <member type="way" ref="1360808676" role="outer"/>
  <member type="way" ref="377485116" role="outer"/>
  <member type="way" ref="222784213" role="outer"/>
  <member type="way" ref="222784205" role="outer"/>
  <member type="way" ref="235226816" role="outer"/>
  <member type="way" ref="1360804648" role="outer"/>
  <member type="way" ref="709065187" role="outer"/>
  <member type="way" ref="666491557" role="outer"/>
  <member type="way" ref="1021073262" role="outer"/>
  <member type="way" ref="666373001" role="outer"/>
  <member type="way" ref="709064053" role="outer"/>
  <member type="way" ref="709064052" role="outer"/>
  <member type="way" ref="666354825" role="outer"/>
  <member type="way" ref="1021073265" role="outer"/>
  <member type="way" ref="1033403807" role="outer"/>
  <member type="way" ref="1224877575" role="outer"/>
  <member type="way" ref="1021619872" role="outer"/>
  <member type="way" ref="222788343" role="outer"/>
  <member type="way" ref="499564104" role="outer"/>
  <member type="way" ref="499564105" role="outer"/>
  <member type="way" ref="769821254" role="outer"/>
  <tag k="admin_level" v="10"/>
  <tag k="boundary" v="administrative"/>
  <tag k="name" v="Bodocongó"/>
  <tag k="place" v="suburb"/>
  <tag k="type" v="boundary"/>
 </relation>
 <relation id="4601856" visible="true" version="13" changeset="170398331" timestamp="2025-08-13T16:22:30Z" user="Aralqum" uid="10935577">
  <member type="node" ref="2337752866" role="label"/>
  <member type="way" ref="455842485" role="outer"/>
  <member type="way" ref="455842490" role="outer"/>
  <member type="way" ref="455842484" role="outer"/>
  <member type="way" ref="455842556" role="outer"/>
  <member type="way" ref="222788289" role="outer"/>
  <member type="way" ref="1360761734" role="outer"/>
  <member type="way" ref="1360761735" role="outer"/>
  <member type="way" ref="488898386" role="outer"/>
  <member type="way" ref="1205115099" role="outer"/>
  <member type="way" ref="901209363" role="outer"/>
  <member type="way" ref="709679624" role="outer"/>
  <member type="way" ref="1224496603" role="outer"/>
  <member type="way" ref="174445716" role="outer"/>
  <member type="way" ref="1422120386" role="outer"/>
  <member type="way" ref="1224496602" role="outer"/>
  <member type="way" ref="1422120384" role="outer"/>
  <member type="way" ref="236728654" role="outer"/>
  <member type="way" ref="1360761738" role="outer"/>
  <member type="way" ref="1360761739" role="outer"/>
  <member type="way" ref="1360761728" role="outer"/>
  <member type="way" ref="1360761729" role="outer"/>
  <member type="way" ref="174445877" role="outer"/>
  <member type="way" ref="223141036" role="outer"/>
  <member type="way" ref="1224474581" role="outer"/>
  <member type="way" ref="223141035" role="outer"/>
  <member type="way" ref="1360761730" role="outer"/>
  <member type="way" ref="1360761731" role="outer"/>
  <member type="way" ref="769821255" role="outer"/>
  <member type="way" ref="769821254" role="outer"/>
  <member type="way" ref="499564105" role="outer"/>
  <member type="way" ref="499564104" role="outer"/>
  <member type="way" ref="222788343" role="outer"/>
  <member type="way" ref="1021619872" role="outer"/>
  <member type="way" ref="1224877575" role="outer"/>
  <member type="way" ref="1033403807" role="outer"/>
  <member type="way" ref="328967735" role="outer"/>
  <member type="way" ref="1021076274" role="outer"/>
  <member type="way" ref="455842488" role="outer"/>
  <member type="way" ref="709365085" role="outer"/>
  <tag k="admin_level" v="10"/>
  <tag k="boundary" v="administrative"/>
  <tag k="name" v="Universitário"/>
  <tag k="place" v="suburb"/>
  <tag k="type" v="boundary"/>
 </relation>
 <relation id="7949577" visible="true" version="2" changeset="55963178" timestamp="2018-02-01T11:40:05Z" user="jfelintonetto" uid="7357230">
  <member type="way" ref="556845103" role="outer"/>
  <member type="way" ref="556845104" role="inner"/>
  <tag k="leisure" v="park"/>
  <tag k="name" v="Parque do Laguinho da UFCG"/>
  <tag k="type" v="multipolygon"/>
 </relation>
 <relation id="18720261" visible="true" version="2" changeset="170398331" timestamp="2025-08-13T16:22:30Z" user="Aralqum" uid="10935577">
  <member type="way" ref="488898386" role="outer"/>
  <member type="way" ref="1205115099" role="outer"/>
  <member type="way" ref="901209363" role="outer"/>
  <member type="way" ref="709679624" role="outer"/>
  <member type="way" ref="1224496603" role="outer"/>
  <member type="way" ref="174445716" role="outer"/>
  <member type="way" ref="1422120386" role="outer"/>
  <member type="way" ref="1360761761" role="outer"/>
  <member type="way" ref="1360761691" role="outer"/>
  <member type="way" ref="1360761759" role="outer"/>
  <member type="way" ref="1360761758" role="outer"/>
  <member type="way" ref="222780877" role="outer"/>
  <member type="way" ref="127251001" role="outer"/>
  <tag k="admin_level" v="10"/>
  <tag k="boundary" v="administrative"/>
  <tag k="name" v="Bento Figueiredo"/>
  <tag k="source" v="Lei nº 7945/2021 - Campina Grande, PB"/>
  <tag k="type" v="boundary"/>
 </relation>
 <relation id="18720344" visible="true" version="2" changeset="170398331" timestamp="2025-08-13T16:22:30Z" user="Aralqum" uid="10935577">
  <member type="node" ref="12597141166" role="label"/>
  <member type="way" ref="1360761739" role="outer"/>
  <member type="way" ref="1360761738" role="outer"/>
  <member type="way" ref="236728654" role="outer"/>
  <member type="way" ref="1422120384" role="outer"/>
  <member type="way" ref="1224496602" role="outer"/>
  <member type="way" ref="1360761761" role="outer"/>
  <member type="way" ref="222779479" role="outer"/>
  <member type="way" ref="1360761692" role="outer"/>
  <member type="way" ref="488898395" role="outer"/>
  <member type="way" ref="1360761695" role="outer"/>
  <member type="way" ref="323861688" role="outer"/>
  <member type="way" ref="1360761696" role="outer"/>
  <member type="way" ref="488901746" role="outer"/>
  <member type="way" ref="1360767252" role="outer"/>
  <member type="way" ref="1360767251" role="outer"/>
  <member type="way" ref="1360767250" role="outer"/>
  <member type="way" ref="222782452" role="outer"/>
  <member type="way" ref="222782457" role="outer"/>
  <member type="way" ref="236729261" role="outer"/>
  <member type="way" ref="1360767249" role="outer"/>
  <tag k="admin_level" v="10"/>
  <tag k="boundary" v="administrative"/>
  <tag k="name" v="Conjunto dos Professores"/>
  <tag k="source" v="Secretaria de Planejamento de Campina Grande, PB"/>
  <tag k="type" v="boundary"/>
 </relation>
</osm>
